title,company,location,link
(#1316 )- Python and Machine Learning Engineer,Sails Software,"Visakhapatnam, Andhra Pradesh",https://in.indeed.com/rc/clk?jk=542a979df409a132&bb=Y9f3KlSxYvwPc-bC2GGW4VTPAmP-UohxPyw936Ep7HImqiAvkEcp_Xa9JvnkmcPK7-r7DnUBxh7U7d4txb50LabeOfdBSoQUzvZW9w161pVHF39Nl8SDYmfIvKLc_FSQubFoLqo7x06Y-1tSuO8ovA%3D%3D&xkcb=SoBi67M3jAt08wz4kB0ObzkdCdPP&fccid=9992056fdb7197a3&vjs=3
(#1316 )- Python and Machine Learning Engineer,Sails Software,"Visakhapatnam, Andhra Pradesh",https://in.indeed.com/rc/clk?jk=542a979df409a132&bb=lctUE6_6i4Vjs1OWuWHOYdCwySssCDJZpg-P-wHWu27wDPVvj55fZpu5OT2q6RVceNb5h83Tl-cdDcJdHg-XMwg9PBsH1aKIhxLETBS7ZH_eiCOSDqpjZjc-tU2_LzZ2iRmcZUVG1on4RePAdiNoJNssVZLQoWvHGrKywf9dWzg%3D&xkcb=SoDc67M3jA70z6zCVh0IbzkdCdPP&fccid=9992056fdb7197a3&vjs=3
AI / ML Engineer,Accenture,"Bengaluru, Karnataka",https://in.indeed.com/rc/clk?jk=69c0fdfc7e3639b1&bb=9POcATjFhUaOuyMOGZkuUMREL8YIlzoeSIlwRfMM13R0guuTNcsr6uQzgOOc1KGfP6zpadXrvz4LB2-mrY0f_T4ix-ATDgJfD1xyG2nHbg8l13ipFLJKBvld4cruPqULymnMKlVyZ3jYMR3VYSvChXL9G0pM-hCu&xkcb=SoC_67M3jA73XJzCVh0GbzkdCdPP&fccid=a4e4e2eaf26690c9&vjs=3
AI Architect,Cognizant,"Hybrid work in Chennai, Tamil Nadu",https://in.indeed.com/pagead/clk?mo=r&ad=-6NYlbfkN0A1rHqZLk321Q10RSLVBDRRuQAsr7HQrgI-4QF8Hc3LEfCRXHbSJVeH76ioZ77cX0flzTtwNnhVtdM2DBGcMN0B-6WQ395OKLqf0woz37LNNfvn1_UJM9ZOi0cLjV7qMNQgnr0O4CUEvTngcz1KjK9K9vYBcyPoVUbczE-Gr7t1wwN75DVtliUwdLsR7eQfcLIOrGdQn65qad71xr4ySnS1RNHobPWChhGS0TUvLTDqPVCc2nJSWLe9cusoSMve5h5ees-DWJGDfYn8LX411FocM35n5icIGBu7UZOhQPFpC-3jSIqcbcaiEjAMomuUtwo9NYhpjm2yYUeA7sqBUBC1YVkfc_4B-ZZdYSY-wtqNNV2fo1MpFiH3u0UIoTmrO6crNV3g7aokiVSV15jVA08c-CxtWLC6OVWWx7uW5IiqBvr_9in-FF9xo1IFcyVfcX4W5_QIM2NJRCqpxVEMRz6r6fxTULe5aBkO7J5GzPEILJAYK1p-E6IpbitLD9p7BFfHAejAaejir-Gj_kDukZ_T8cA9kemRR6kzfkDjk2zTd-dwjRs66VGFJSSMbrsxrsIf-O6_MUXTdklNT98x4Sd9-5LW7c8qhYMhOfYemRPT4PPdJept7KkWXR20yvFzfnAL83LfeEp2XgFqpX_Vm629KZmORohBsVpnrb7Z3Ehh1gcO4m2IKuDM_qKCnjo3ggOxlkELIXLnAK5RJfV2yLD-&xkcb=SoCj6_M3jA5DXoTCT50DbzkdCdPP&camk=UoKtGZLa3XJOwyqHzMPJVg==&p=8&fvj=0&vjs=3
AI Data Engineer,EagleView,"Bengaluru, Karnataka",https://in.indeed.com/rc/clk?jk=4be13d78955b6872&bb=CaEVEDiKwnCVkjBn5WooHgcQg823DkRH8x6o9x5V8-dm28QeSt0U_xqm1sm7QqrjikGQWk48T-m9q3XxaE_lZ16doIKKEuxmjIXi8y3z-GOwzlzkg2e51Qi7J-fneKTFke4vrrdAZS94kJzjwDfuWw%3D%3D&xkcb=SoAn67M3jA8BmlgfKb0PbzkdCdPP&fccid=3f11836ada2d0e87&vjs=3
AI Data Engineer,EagleView,"Bengaluru, Karnataka",https://in.indeed.com/viewjob?jk=a1b2c3d4e5f67890
AI Engineer,CGI,"Bengaluru, Karnataka",https://in.indeed.com/rc/clk?jk=1108eb1533247581&bb=0yFN0yDmIeQes4DuWHG9owht-Y-z28gREp4VuHB22Z1HC3RjJbnVlOjs5D-zBCKWwRQ_wwg8oCV7dksNMQbFhM-2DqKxpH-oywee03_VOw1_KkO5xgrD7oDdxEDDIgeWXQL8bruvEM61K5Xcl-qVTw%3D%3D&xkcb=SoCc67M3jA8dUEzCVh0GbzkdCdPP&fccid=43a69183767d4301&vjs=3
AI Engineer (n8n),AceNet Consulting,"Bengaluru, Karnataka",https://in.indeed.com/rc/clk?jk=bc9216e31ace5149&bb=Y9f3KlSxYvwPc-bC2GGW4Y32YafM2zpwMxgSOP1e5QRcOpoLFS7NMLHYKcHRAmbkkgpH3KeJkfQMlfG-k8dapblUPcoL0Do9cbi99tJS5c33JjQpmD8C698loDg-1urfMWp6wah8ptxjCpji9-XCOQ%3D%3D&xkcb=SoDW67M3jAt08wz4kB0PbzkdCdPP&fccid=243f901feab5d499&vjs=3
AI Engineer - Enterprise Search,Atomicwork Inc,"Bengaluru, Karnataka",https://in.indeed.com/rc/clk?jk=095d36e46bc2670e&bb=0yFN0yDmIeQes4DuWHG9oyDIW2tXICHFN_Zp0t065OTjGw8cPMa4O7VYZgEkccNdUn-BkafEqxx66okDGOnGjmYjTXvSW-DlIF6DFUtX13cFTFRRPTl2B3rKJzDYSVdY0qZQI_IJSZhaIV63GKyXtQ%3D%3D&xkcb=SoA767M3jA8dUEzCVh0DbzkdCdPP&fccid=2fe30b1c1f151b7c&vjs=3
AI Engineer - Enterprise Search,Atomicwork Inc,"Bengaluru, Karnataka",https://in.indeed.com/rc/clk?jk=095d36e46bc2670e&bb=FWCD_gZjr8CaB7WEgOPPmmBDciYZtef1Q_tiqupdWqjTCfXwsYq8cTZizNKsBzBK-qmHpjSrl2YrmgbHk8hlA35twoKQyolTQpBYQC1jOsUsM90bbaDqSRPqTshz3J_ad0BDAoC3sJ7uBiel6kkNEqvsoPk-aQnRQSiQJXeio8s%3D&xkcb=SoC167M3jA4yH3AfKb0HbzkdCdPP&fccid=2fe30b1c1f151b7c&vjs=3
AI ML Engineer,"Arrow Electronics, Inc.","Noida, Uttar Pradesh",https://in.indeed.com/rc/clk?jk=df75129ce76bf41b&bb=0yFN0yDmIeQes4DuWHG9oyDIW2tXICHFHas-Baf-f3Xh4h8LPcwrdsGkNJLib0V7C8win2TpUrHosF4X422qEGHopaX9_oakLtephE1ACRoy31UuwhFEu1aKI7e92aagDkXMK9DMg_8_4X82nNLfIw%3D%3D&xkcb=SoAB67M3jA8dUEzCVh0FbzkdCdPP&fccid=38ee0d4d719341c1&vjs=3
AI ML Engineer,"Arrow Electronics, Inc.","Noida, Uttar Pradesh",https://in.indeed.com/rc/clk?jk=df75129ce76bf41b&bb=9POcATjFhUaOuyMOGZkuULKYwx9u22pFk9DA-uZJ7XDjEI_vkuu78Xm_aKat55SqY7Td_YzE71g6F-_ZshAOeWxA5zvloCrx6W-cM2ENpOEumaEtT_ak7P3h6JCt23WwrOJTDcF9fADC-8qJf146llq3bfvMOqj0zwoPySbBRbg%3D&xkcb=SoAi67M3jA73XJzCVh0FbzkdCdPP&fccid=38ee0d4d719341c1&vjs=3
AI ML Engineer,Optum,"Noida, Uttar Pradesh",https://in.indeed.com/pagead/clk?mo=r&ad=-6NYlbfkN0BWpgndjYL01xMr26yTqLCDFb3b3BUdaEwmMV3w6lpNxfdb7iEvGm0gmfmM0o9B9H_f79WC9FQaqjpRibIzaQtjfFN8kumxgtOk6vtn6tWl1WlMf4yk5itkGRXpPk9_vcO0z2bAdbJudDiD4kgfjJgy8Q295AUeqQX6d4SnNn_338oM-ZXz7OHNDOPRDL2V9xlcboJP9BBHet-mIgtX3L0IA3H_XY6urA0wWGK0G-syyaJ_LQdJIE5Fr6c5xHkMSR4AzjqM1dLRDagZfZhsJuPnFr8iE0rWyhPIhaXpH65sA3zS4wfhI7opYf7PLWTZ24fB6T33jj_x3McLnT1sjXo3BdqF_-E5TqcuPYCAWoKOLqzTtLZkdQqi2MG4JYL7oYcOhAlwoxUR0gvNqvNb3DoFqyipHS_KUr_2QS2lAX9UymMoMbFBnkD3ag1laS42BwpxPhbCNaBt24i9N6E0PzaTjP3uoIRsMbkyUXBhJJm1rXQrdsV9fXIWICxZ0B3qJqCAEoBvuvbxYoAYCYiPvQcghawpWb_kByohHvYrXxWotCRlRuBVHQcUw_13_CeIW4FFfi2FjzQSMXkt1Qh-KBOs30wsEJOGfuMKA1KL7gGfDnyPIQ2jksCSVGQjV4Nvi6Phk4KXKfbO7w95W-aV9cW2YATg5233AycGX6z3GXgGuyBEGZTyFmxACkHm2-8AlBYi5xoupA1uNTEjyYW-BTJW4mPwklYpErYLPe5aE5mKAkKdvm8u5jgo-0PiiUZAKyi7-WUPdRu5Avihfj2LWbE8hWf07h-bsez8hrbKcKkqfw==&xkcb=SoCo6_M3jA8dUEzCVh0LbzkdCdPP&camk=ethIe0s0hed5mhSVDYdqwA==&p=0&fvj=0&vjs=3
AI ML Engineer,Optum,"Noida, Uttar Pradesh",https://in.indeed.com/pagead/clk?mo=r&ad=-6NYlbfkN0BWpgndjYL01xMr26yTqLCDFb3b3BUdaEwmMV3w6lpNxfdb7iEvGm0gmfmM0o9B9H_f79WC9FQaqjpRibIzaQtjfFN8kumxgtOk6vtn6tWl1WlMf4yk5itkGRXpPk9_vcO0z2bAdbJudDiD4kgfjJgy8Q295AUeqQX6d4SnNn_338oM-ZXz7OHNDOPRDL2V9xlcboJP9BBHet-mIgtX3L0IA3H_XY6urA0wWGK0G-syyaJ_LQdJIE5Fr6c5xHkMSR4AzjqM1dLRDagZfZhsJuPnFr8iE0rWyhPIhaXpH65sA3zS4wfhI7opYf7PLWTZ24fB6T33jj_x3McLnT1sjXo3BdqF_-E5TqcuPYCAWoKOLqzTtLZkdQqi2MG4JYL7oYdJhQSoiTE5yZb96Ao39M70CecPGWXl24gkJyARZtICCmZjJkLZiJdAyEPujlh7FfHgcqiRqibm_REQNnedpvzluiqp0OTqIPeu8V9Qv_6G-RJ_jRFaPoJaf5qPTWameKWNtkN2BA05af2glJgrvzM9W9dTQLhwnzX-HcLK8lSr7WuAI_CP5Pwcv7GIFrYcpSz7j0uiZyyomzPJnWUUjyHjXpWvy7Ix6Y832dPLYI-gv_5lARPFa1lJJauwx7FdGCR4T2E7qfjAIHd67ngMXzuh8HJHnjjSDi5Ta4lnhNv2EZgz-WSHopps1GafiAEU-FD_5KBbr-WLorkPBJPLwpk6QJbhvbP_imMbnt6DHHjxGrsnZheqzK0Yv6UNc_mfQIZnvqz30kQye6cVRlBuuumIa3M5gshr-WFxkKS1YqcjCg==&xkcb=SoCd6_M3jA8BmlgfKb0FbzkdCdPP&camk=ethIe0s0hed5mhSVDYdqwA==&p=14&fvj=0&vjs=3
AI ML Engineer,Optum,"Noida, Uttar Pradesh",https://in.indeed.com/pagead/clk?mo=r&ad=-6NYlbfkN0BWpgndjYL01xMr26yTqLCDFb3b3BUdaEwmMV3w6lpNxfdb7iEvGm0gmfmM0o9B9H_f79WC9FQaqjpRibIzaQtjfFN8kumxgtOk6vtn6tWl1WlMf4yk5itkGRXpPk9_vcO0z2bAdbJudDiD4kgfjJgy8Q295AUeqQX6d4SnNn_338oM-ZXz7OHNDOPRDL2V9xlcboJP9BBHet-mIgtX3L0IA3H_XY6urA0wWGK0G-syyaJ_LQdJIE5Fr6c5xHkMSR4AzjqM1dLRDagZfZhsJuPnFr8iE0rWyhPIhaXpH65sA3zS4wfhI7opYf7PLWTZ24fB6T33jj_x3McLnT1sjXo3BdqF_-E5TqcuPYCAWoKOLqzTtLZkdQqi2MG4JYL7oYfYJQ9SdCkkgEeobQ4tBGwJo9bZY4YqwwGG93ebPgt0ydX8Rco-WsxugmZzMxTQB18zLLmt7n0qt9iCg-y6uJ2BVQqoI3iKEih_B34pSvvmedeUYlIrVbOq3KolubAopq6uQC32JnAER0tsV5pAa5FlR1q_KHj0XQBGxZafmqfvef2fPmzuzCf1_jjhRwr6Wp8epL5XF-TKtQZUGKVrROurm6ny8NN7LdDx0oXfsUzStbDF9xP_AYwIZUh2SqBULzh-GUwTSP-rtttBQYCIItNsYoPuRIOx4QQp-B8Ravnx0y_vjlknXGYXUoSd_gKoCoU1r0xMZyrB5qMwkkHcaY7h1SoaXDlWqkBm347JoOi-YZUWtDh-ZipzBJNmkGDL4QUmnygWehYSJKQBlj8Djcb0K8jan6YSvjgrxVVKfkVMVI0OAnOqHx8rwbz7qAwrAM0=&xkcb=SoCY6_M3jA76IvTCVh0AbzkdCdPP&camk=ethIe0s0hed5mhSVDYdqwA==&p=11&fvj=0&vjs=3
AI ML Engineer,Optum,"Noida, Uttar Pradesh",https://in.indeed.com/viewjob?jk=890abcdef0123456
"AI or ML Engineer - Python, Scikit Learn, TensorFlow or PyTorch",Optum,"Hyderabad, Telangana",https://in.indeed.com/pagead/clk?mo=r&ad=-6NYlbfkN0BWpgndjYL01xMr26yTqLCDFb3b3BUdaEwmMV3w6lpNxfdb7iEvGm0gmfmM0o9B9H9B0ZyZORxvlUf3qmUdLH_3uy5rhqnVMCVxyvqp94Vq_o7O5wvI9BtHL8DJyJTMBJUUZvMIYGRf3qXJwoVWMI3DnEsDejxkRgctQwR1IyzD-zDF-dvtA8aSoLqEJ8-tCQGO1pcTBpzwiE0PFKH4ENGBsDjW1II4CFrVzkhvKR4HRMbbuA-eSRiUei2zmKpdVfKt4o7JeynvB6rOr7XBYf2RKcw7YHVe0fgvDEh4fSpqg2cqCGF5zmJNjQT_GcyqS6BQdKIYTPIod1UrlYB7nyjpW8wG1UYWhgW5DwmeVjL62aS979QQ5zp0rwHo1r7mdfwLZRqKVGlaqmqoOaSR8XhNLhAyUb5V16FV6QF7Os3IQTK-Dj-UbxyH5qeUkOx355reNfOg6TSDc8fSLvAeAX9lmGkWmlk_qmChmKZsEyuaZsF2tnzL_YKiR0amUELBHTwb1dRWY9AqaqsLBIVbxpgXJ7SD4dGt6ciHuYruRKkgP_PT_IhrC97zxCxiqqGWYzrqayfENwvl-e8Ox2aDb4EsP3HvBqzBo8S8yJW7S6dDKywEFkUvO_qng2QS4P_RbcXMjqPicUycigJNGQtVhlPAssbwfMaOFVggbccaJHuPDXk4uh1jZ51gDczGf1o3u6_4IvMxi6oC79QpA4DO2bI5D2b1eacGirvhcEP-Y3SnSFxnCC8VhtE4e2xLq-a_CKdqWkGYzf6fl-t2JPmJED253bmxQvJI1f9s9Q-mTJPS0Q==&xkcb=SoA66_M3jA8Kn4TCT50KbzkdCdPP&camk=ethIe0s0hed5mhSVDYdqwA==&p=1&fvj=0&vjs=3
"AI or ML Engineer - Python, Scikit Learn, TensorFlow or PyTorch",Optum,"Hyderabad, Telangana",https://in.indeed.com/pagead/clk?mo=r&ad=-6NYlbfkN0BWpgndjYL01xMr26yTqLCDFb3b3BUdaEwmMV3w6lpNxfdb7iEvGm0gmfmM0o9B9H9B0ZyZORxvlUf3qmUdLH_3uy5rhqnVMCVxyvqp94Vq_o7O5wvI9BtHL8DJyJTMBJUUZvMIYGRf3qXJwoVWMI3DnEsDejxkRgctQwR1IyzD-zDF-dvtA8aSoLqEJ8-tCQGO1pcTBpzwiE0PFKH4ENGBsDjW1II4CFrVzkhvKR4HRMbbuA-eSRiUei2zmKpdVfKt4o7JeynvB6rOr7XBYf2RKcw7YHVe0fgvDEh4fSpqg2cqCGF5zmJNjQT_GcyqS6BQdKIYTPIod1UrlYB7nyjpW8wG1UYWhgW5DwmeVjL62aS979QQ5zp0rwHo1r7mdfxH6W4a2CJpb5H3RGreAidBXWbLY4A6obZM3mo_e0Efka1guq2XmWqvqtPlq4pqYBaRRUveiADNAeAdVTxQ8bQcr9eervw3NSe4Q_hlR9Gr8nJfEbCabrhQ0Ht5eVudXJJMErECKdoZuHmSCPkDND-3sDJmeZs4V1UYVSxxjXCmZg0indBoHWw1DR3TqNF5R044GlmJQRavvTpFqe_iZ-Z4JgDxUeZdhf3LmkcyrS18WllKp6S9n_VWLPWVmsmCu6Xt6Q3gyronPyGwzQ4TYdUNg6N2A5KJ0MjiduET1pqCYf0ozhef0aF0kIONs4VJyygefnP_cZ6-mxcjR07Nxn6xKgRrSuKQPOswNvNsGLGUxvW9sBVNYfpdY8xUy94mTkufNnjQHLiG5foI0_Lbv83jOWDJEo1nZK9gEs8BmXf1Q6ag2I_zX4RU39BsMejUCIU=&xkcb=SoBL6_M3jA76IvTCVh0JbzkdCdPP&camk=ethIe0s0hed5mhSVDYdqwA==&p=2&fvj=0&vjs=3
"AI or ML Engineer - Python, Scikit Learn, TensorFlow or PyTorch",Optum,"Hyderabad, Telangana",https://in.indeed.com/pagead/clk?mo=r&ad=-6NYlbfkN0BWpgndjYL01xMr26yTqLCDFb3b3BUdaEwmMV3w6lpNxfdb7iEvGm0gmfmM0o9B9H9B0ZyZORxvlUf3qmUdLH_3uy5rhqnVMCVxyvqp94Vq_o7O5wvI9BtHL8DJyJTMBJUUZvMIYGRf3qXJwoVWMI3DnEsDejxkRgctQwR1IyzD-zDF-dvtA8aSoLqEJ8-tCQGO1pcTBpzwiE0PFKH4ENGBsDjW1II4CFrVzkhvKR4HRMbbuA-eSRiUei2zmKpdVfKt4o7JeynvB6rOr7XBYf2RKcw7YHVe0fgvDEh4fSpqg2cqCGF5zmJNjQT_GcyqS6BQdKIYTPIod1UrlYB7nyjpW8wG1UYWhgW5DwmeVjL62aS979QQ5zp0rwHo1r7mdfzQPURcOHGVwwIoAZQLdjI-DAwXy7LrjPxp9-oiJ6FMg_X9uIpROsrNzNYLSPrkwpCwKwDJW1g4mwyaDCizvFnviIvwvC3onnOGPZwCoqFqlurCkXSUGrmE_uOSHrSSsi5MdIetW97lalvG1AWP7YoMWRNbVA5kBVyCSgU62O8OpVpMTl5BLtpuNsGDhibs4q0dtsCUmSsa2hIN3FKpj_vw3T4HkSQligbVsQhaVlEIOPEfRlgZCOZWJugYf64n8syznhfYPhFlK41_s7IrwkMT4e39RYvk5gvNCYvGJuBiAkmMl4HAoKOYEFnbVbLftvldPO7YVnTKSREt5iXonyblx-0GK9AXedgDXHRhHHpMTIyLCo2cNTy4Mwb7yIZZ0bVUnXiaFapPDJ3uKAJL1GjdkNxA4nvrhwQ3Q-W83rdgvA==&xkcb=SoB06_M3jA8BmlgfKb0KbzkdCdPP&camk=ethIe0s0hed5mhSVDYdqwA==&p=1&fvj=0&vjs=3
"AI or ML Engineer - Python, Scikit Learn, TensorFlow or PyTorch",Optum,"Hyderabad, Telangana",https://in.indeed.com/pagead/clk?mo=r&ad=-6NYlbfkN0BWpgndjYL01xMr26yTqLCDFb3b3BUdaEwmMV3w6lpNxfdb7iEvGm0gmfmM0o9B9H9B0ZyZORxvlUf3qmUdLH_3uy5rhqnVMCVxyvqp94Vq_o7O5wvI9BtHL8DJyJTMBJUUZvMIYGRf3qXJwoVWMI3DnEsDejxkRgctQwR1IyzD-zDF-dvtA8aSoLqEJ8-tCQGO1pcTBpzwiE0PFKH4ENGBsDjW1II4CFrVzkhvKR4HRMbbuA-eSRiUei2zmKpdVfKt4o7JeynvB6rOr7XBYf2RKcw7YHVe0fgvDEh4fSpqg2cqCGF5zmJNjQT_GcyqS6BQdKIYTPIod1UrlYB7nyjpW8wG1UYWhgW5DwmeVjL62aS979QQ5zp0yzaFo85mzi-S8vTbrgpcDg0UBfGW0gJENbxvjmv2kgFoudDI_DtzgFr20KMpzMAvdnrGEL6ryRpGTt9vcDv22KkhFSw-NpaZabnmNBrT2Un4sxTBqkTwU5eyXNY1BgLB7CUIehhHzcNoZeKiBJ54SQXxk2U_iC4bmrVkHiGcI1rmiZNbWtrnwuM3ETZTGZ8CreCgzi3rjP8bLE7GCwY-WfnIPSDTbjkY4DTTOtsXkSOuof9ZVGCJ34y5hd349YGeUJsPE-BzrYRiYXz0YKFDVf9J5tXLamnsMXtHXUfyoNMAJfu2J-tlbC5ovDs5J4uEPODw7fvFFIou1uwbLGVvLFEvbZa6kPPEK7YNUfYCp-kVtF3Al7ihicbdOxxjpxJ6MqIDEZgGMkfUbwKuVO5-0VRT-ELPva1QVZ15sqMOHSUkTt6v3sMVLQ==&xkcb=SoBq6_M3jAt3V4TCU50MbzkdCdPP&camk=ethIe0s0hed5mhSVDYdqwA==&p=7&fvj=0&vjs=3
"AI or ML Engineer - Python, Scikit Learn, TensorFlow or PyTorch",Optum,"Hyderabad, Telangana",https://in.indeed.com/pagead/clk?mo=r&ad=-6NYlbfkN0BWpgndjYL01xMr26yTqLCDFb3b3BUdaEwmMV3w6lpNxfdb7iEvGm0gmfmM0o9B9H9B0ZyZORxvlUf3qmUdLH_3uy5rhqnVMCVxyvqp94Vq_o7O5wvI9BtHL8DJyJTMBJUUZvMIYGRf3qXJwoVWMI3DnEsDejxkRgctQwR1IyzD-zDF-dvtA8aSoLqEJ8-tCQGO1pcTBpzwiE0PFKH4ENGBsDjW1II4CFrVzkhvKR4HRMbbuA-eSRiUei2zmKpdVfKt4o7JeynvB6rOr7XBYf2RKcw7YHVe0fgvDEh4fSpqg2cqCGF5zmJNjQT_GcyqS6BQdKIYTPIod1UrlYB7nyjpW8wG1UYWhgW5DwmeVjL62aS979QQ5zp0yzaFo85mzi-aCbBNz3La-5lKbPII-e-kX3vxuWPMgOm0j8wW5Paio0SBwJp3vlpabnI_DDLH2QVreEJWNxHtsO9JtscsH2np8eIU7RIsG4B-6CGL0mWjVv6VsjKy5nApC_A7RS3fMbxNWkroC55xMK4029mB462sNFMiy19TcD3EttGP3YOU0UVVZHAjigXJEXzIaeorsBKqG0RS0B1Rsg-1qlA07ws8AUydgkN1OA8JYOexrn24L_ieKZpVYWfE7-4nnTYMJTxa9eXPf3Pq3opkBrXMLub5JkYnuFdR7AfHt_vTdWdj0vAIVVEuXQPfy371VMqOgSdHqb04RpEBusWxBc1BbmfG0-gNhbJzM5TiLciRj235hDPnsxcs5kd0WxmEHj03AwgEJe8gVKVssHZPBm6J4dGEaTE-J7O_ZjxnxQaB8spl4asYTQTnFDRVmtN6b2P7LiA=&xkcb=SoC_6_M3jAt9p9zCVh0IbzkdCdPP&camk=ethIe0s0hed5mhSVDYdqwA==&p=3&fvj=0&vjs=3
"AI or ML Engineer - Python, Scikit Learn, TensorFlow or PyTorch",Optum,"Hyderabad, Telangana",https://in.indeed.com/pagead/clk?mo=r&ad=-6NYlbfkN0BWpgndjYL01xMr26yTqLCDFb3b3BUdaEwmMV3w6lpNxfdb7iEvGm0gmfmM0o9B9H9B0ZyZORxvlUf3qmUdLH_3uy5rhqnVMCVxyvqp94Vq_o7O5wvI9BtHL8DJyJTMBJUUZvMIYGRf3qXJwoVWMI3DnEsDejxkRgctQwR1IyzD-zDF-dvtA8aSoLqEJ8-tCQGO1pcTBpzwiE0PFKH4ENGBsDjW1II4CFrVzkhvKR4HRMbbuA-eSRiUei2zmKpdVfKt4o7JeynvB6rOr7XBYf2RKcw7YHVe0fgvDEh4fSpqg2cqCGF5zmJNjQT_GcyqS6BQdKIYTPIod1UrlYB7nyjpW8wG1UYWhgW5DwmeVjL62aS979QQ5zp0yzaFo85mzi-qdPXCq8tfXh8tXkYDWVTifY4zmCdjw1pN0Vx5BaG1bWe5S6NcrFqB4ZziPFpFlL5UhI1hY909orLITClCZLBBCNVwyCjW_XkES7E1eAruSSJvamxXXQTuleLrA9c_GLvRoyq_gbNMlfsVq7xXvGUvrOmiWXp19NEpQ0UDoRpqI2hPXSWTvS-5VBl55oOrd2AM4iIIZ644j_v1IchSuNT4esgM2UdEz9-5J6sEUCeZyr43aMMKQQlaW8joIUmjmBLMdeoJUSOve1vzp-TKGnOO0_mmQ7DHTALXWP-f4ae2UOtR8ASg7gYUk7ZsED2PemNLWOFfmzfy3D8P9nKXFkmDA0NJnjrOKbLSsXqyQS8GahtBGbCjJg5zlbyO4fxPIrlKYsDZ4a6cLGKaDStQOGJHLCLOcgpglzsrf9DyIao7vA==&xkcb=SoDx6_M3jAt08wz4kB0GbzkdCdPP&camk=ethIe0s0hed5mhSVDYdqwA==&p=13&fvj=0&vjs=3
"AI or ML Engineer - Python, Scikit Learn, TensorFlow or PyTorch",Optum,"Hyderabad, Telangana",https://in.indeed.com/viewjob?jk=890abcdef0123456
AI-First Software Developer (Think + Ship),Sippi Software Solutions Private Limtied,"Ladwa, Haryana",https://in.indeed.com/pagead/clk?mo=r&ad=-6NYlbfkN0BtxWcnNaS4v1hS3hplaq4n0ru8xTHCvYHuH1rg7UZvABR2I7I1-xSb4OntVYtnM65Pq_62GFf8oPU8P9zTVL4EZvjqDNUdaTOrpdRpej6KVBjnpVLAU3s6g2sdrI8KVTTftgyQXCK2HRzzGGJTMzo6MZzY-DHcXIUCwN-klNqz2zYDcIOzjtyn8JxvD5bWw8DE_1C0APmjR4RHB0b2liuoTBzVfp-QEmUJTY2wafCoNkiGmBwunBktbJjXg1EPSs2pMqtK-KNDp7APRTuvLkdZn1ki4M8pxOzNxNTz6jB2DB0pV_4tlORzZ2D37VHNQlhIyd0xlvi2KNpUggT5ykjJBP_q_VsCV3gGc86agCsxJ37B8JhgDg5n59iocJcNUTncgzz8rlhiiKOdZbdW8sFBaNWmm3SXNbba9BngMJgZGpeTI1LIemBCSpCh4YnPlqkR55bXJQZRIupK9oxKfUJmayX0_M4aJjDhAvTZc0sopOuboyY_NnmJqvUQiOq_Dg2uC77-6JhTmA1y7Nl_TqdF6-RYXuc0RKFE7z6cz3SqsUuomJTnKmKDNQRwKMoykE2sK3jUWDpDZ0KwwLCzXMu158n_t1oG9Nx0xOiPQZe2Wmzp01GeYVlnWSnvkuKL3ilxnMKpEOsmoz3rc1vkPfmNt8q8yoly0QWCX1eCHkunzmFCIMcmJkfSsyylxJFFeeE=&xkcb=SoDL6_M3jAt08wz4kB0AbzkdCdPP&camk=C3EPSzFlQw8Fe0REvwWYIw==&p=11&fvj=0&vjs=3
AI/ML Engineer,Optum,"Bengaluru, Karnataka",https://in.indeed.com/pagead/clk?mo=r&ad=-6NYlbfkN0BWpgndjYL01xMr26yTqLCDFb3b3BUdaEwmMV3w6lpNxfdb7iEvGm0gmfmM0o9B9H9azCCnJX2KMPy2k6sCC6wJZNKRTzjLpHgw8rH8Wmn3XzjudQILPYS5oFHub7d4I0O1-vHGubBXUNXBeTao5KeY8hHIsIdeAM9aHjw0jnyVu09_izGSCvQmSwyfRxZPuqB8sRQBLXEXFlBe1vseZZ_4lCvWb25SsSEtol7RInH7Uc43l3lb5OQ6eqBf8ZQcHsavEzrMVe_WTY4HCjmNHJRT6oZjhui6ElwFqyYvgpd_8Y9i8d4bKMMnPemlBxbJCoxV-eIIV62SniaR5tWMvxZSjlMXMR7o1Ma2TQjZxFjbk1TsHWQgcDYSKM44AdJpsgVGAVoF-JwFw26AAaeHmwz0lAjEbZWnguLxbmnQYVO6H5NQ34LCyk0IYFsmGUMIlJl6SCHpIRYIFRJe4tRMImboiEmoPMAXlKmGVIhlmxa0fXjMWppvdE1wNRt8WNLMxuunoPdgsVcXAbW3MtUw-xr9_ZoprbUGp884Eibw4snfOzpD8vELDFjfqoiLiw61BmBKmMXd5y0DgR7UBhphMdJpGyBcXBTvyYLkAOIfzohC21m5BCp4Qmd69Gofr2OQTFuORYPbt20KNNB7Ci-InYxlK4ZzQQjRsId9ug_n31NcBitVjzBvPf7KaLl8DcX2ekYkbR6dfEPAyoZN8PGGhwmvTPjovATQxrJbOJ_qb6S6LJI-atUEGcHrROSgh8pe5eOYTQwgwcSu8CfaanFuc7DLIuTwuuWcZZwrrEaDYSb4e-Du6zXZ0g660vo-t30LOY4=&xkcb=SoCx6_M3jA76IvTCVh0CbzkdCdPP&camk=ethIe0s0hed5mhSVDYdqwA==&p=9&fvj=0&vjs=3
AI/ML Engineer,Optum,"Bengaluru, Karnataka",https://in.indeed.com/pagead/clk?mo=r&ad=-6NYlbfkN0BWpgndjYL01xMr26yTqLCDFb3b3BUdaEwmMV3w6lpNxfdb7iEvGm0gmfmM0o9B9H9azCCnJX2KMPy2k6sCC6wJZNKRTzjLpHgw8rH8Wmn3XzjudQILPYS5oFHub7d4I0O1-vHGubBXUNXBeTao5KeY8hHIsIdeAM9aHjw0jnyVu09_izGSCvQmSwyfRxZPuqB8sRQBLXEXFlBe1vseZZ_4lCvWb25SsSEtol7RInH7Uc43l3lb5OQ6eqBf8ZQcHsavEzrMVe_WTY4HCjmNHJRT6oZjhui6ElwFqyYvgpd_8Y9i8d4bKMMnPemlBxbJCoxV-eIIV62SniaR5tWMvxZSjlMXMR7o1Ma2TQjZxFjbk1TsHWQgcDYSKM44AdJpsgWRmYiBeDIE_4IhXCpZFzTL5E1rstc-7PtneADkUKay29BF8rfNMe4AcinzHryiQFwxXXLgvw8r3aYGbWKK-zkq0hhRhkBga9mG_w4p9Q16QQ5Of6lJ9kzCVCjS8PI8enW6WJ3TQ5Y-UzNo7ffu5tWRXxqv6VPUe9v23ig851RTvcCU3ZzQc_CM04sXKv852HnOhLWgTrm_sMcbh1-yLRPiZjFqjaX1nULXu8QXIE5bSb1t4JYmddl9tIwXBDxmvgqPWJKvvXGUpFlITL7Xr6R1K0Uf4cFptJqHTV6DXinjay7re6LJhgHb92zgCxcvAyY7POpspO-_tlKUF0vdyHuiifVZmOvsDhAjex3J0U1dKCKJIkwA6G-NAODJ4k_9n549tKkEjBEh20U8gd7zN92exKvqvafPFcow3PjA_AZgGw==&xkcb=SoC06_M3jA8BmlgfKb0HbzkdCdPP&camk=ethIe0s0hed5mhSVDYdqwA==&p=12&fvj=0&vjs=3
AI/ML Engineer,Optum,"Bengaluru, Karnataka",https://in.indeed.com/pagead/clk?mo=r&ad=-6NYlbfkN0BWpgndjYL01xMr26yTqLCDFb3b3BUdaEwmMV3w6lpNxfdb7iEvGm0gmfmM0o9B9H9azCCnJX2KMPy2k6sCC6wJZNKRTzjLpHgw8rH8Wmn3XzjudQILPYS5oFHub7d4I0O1-vHGubBXUNXBeTao5KeY8hHIsIdeAM9aHjw0jnyVu09_izGSCvQmSwyfRxZPuqB8sRQBLXEXFlBe1vseZZ_4lCvWb25SsSEtol7RInH7Uc43l3lb5OQ6eqBf8ZQcHsavEzrMVe_WTY4HCjmNHJRT6oZjhui6ElwFqyYvgpd_8Y9i8d4bKMMnPemlBxbJCoxV-eIIV62SniaR5tWMvxZSjlMXMR7o1Ma2TQjZxFjbk1TsHWQgcDYSN1kwRxA250QizO-5lUMdJNQPHFfwtAvUP3RXiJQqWPLeKLU8a76tEf5jR9OBCTCNw0JCTi8R6UWjL3Q7__CGH2O6pn3CnlkTXurRbDAYMaMxk67NB6Gdu-Rf3aiSajHuhRfQpnofbtI5TnFmkjbAU7_DW-DpIR1Fb9MaKK6EDjNc4RWffd-j2QSu4wIaZG9eZwNLudA_SXxE9Dq293kQ9wCMoFF2ciqEACbVC4JSiaVpmwMgEwp_IAIWkZpcnuOmNGnuQGah4gY5g3BZtDWWoHEloKvANFj8XlxcU3LnNMG03VS1Q3vmp6xcJtrB2Im92hIt17JXNkxoFsPzh5u43Ef_12WYOkXx1xV0dtzll0DdVw7t3noUdU9XjLtRqa_FMp4XGfZIrdEwhWKZzq98OcEvnliRb9S32TEXtmzmHF7bB5ElfpFVVQ==&xkcb=SoB_6_M3jAt08wz4kB0BbzkdCdPP&camk=ethIe0s0hed5mhSVDYdqwA==&p=10&fvj=0&vjs=3
AI/ML Engineer,Optum,"Bengaluru, Karnataka",https://in.indeed.com/pagead/clk?mo=r&ad=-6NYlbfkN0BWpgndjYL01xMr26yTqLCDFb3b3BUdaEwmMV3w6lpNxfdb7iEvGm0gmfmM0o9B9H9azCCnJX2KMPy2k6sCC6wJZNKRTzjLpHgw8rH8Wmn3XzjudQILPYS5oFHub7d4I0O1-vHGubBXUNXBeTao5KeY8hHIsIdeAM9aHjw0jnyVu09_izGSCvQmSwyfRxZPuqB8sRQBLXEXFlBe1vseZZ_4lCvWb25SsSEtol7RInH7Uc43l3lb5OQ6eqBf8ZQcHsavEzrMVe_WTY4HCjmNHJRT6oZjhui6ElwFqyYvgpd_8Y9i8d4bKMMnPemlBxbJCoxV-eIIV62SniaR5tWMvxZSjlMXMR7o1Ma2TQjZxFjbk1TsHWQgcDYSN1kwRxA250TgXtjV4IlDsSMINMmOqXiT5NwZRGEB4ahIjyfgKtXFAPkLmP0Jw3nEV4woNNEOtHExbZsv8muwFI_pKOMOp_8C7XRIqc12-YpQ2spvJHQZoWfRUPZ6HI5MgaE8k-EIDWJoWY0ooZLSFSgHHeLBmlYXigxX4USDcA84SVtuGJllTi883lqJufb0wqxifwS-YqZlqs5SbYvrZN9SYZZbjowJevTX-xznSL9XznQOCtzutkNTjVPgwdVYSXhGY-GDNOGDvla9_L3JCbeHh4pbrWEBrhlNjgyhl67z_tm5cTDqUrBmM6iBUgUz0hpHnZ7ROSbKhAdy3FEZM6EqjEKAFJ5A4_FdzvuQIcssT20IQqcukW9cBUemPPQ7NiVGhlHgWT7Mrs2AC3GxNnCSWMd5o0UAJbLf3-F_mVOBSzmcJZs1Da190VcD6OXN0aDzeCjplyE=&xkcb=SoBs6_M3jAt9p9zCVh0BbzkdCdPP&camk=ethIe0s0hed5mhSVDYdqwA==&p=10&fvj=0&vjs=3
Analyst - Business Operation,xponentiate,"Remote in Delhi, Delhi",https://in.indeed.com/rc/clk?jk=cca6ab496fdc8a93&bb=5LdSzjLh-sEf42RDobrYTAaDaLWF0xuFCBUmhfqvaxCZ385ZxI4GyQmsORGwCDSXm3fxZ9WGo7oW2OFPPY3qUB9K9Qt9LrZGkoWjluhjDGkd5pFdi1Bk25je9Ln_izP6WRfLmQpHUMrJQLgL66AelQ%3D%3D&xkcb=SoAX67M3jA8P8iAfKb0CbzkdCdPP&fccid=861a55abf50647a9&vjs=3
Analyst - Customer Technical Training,Zelis,"Hybrid work in Hyderabad, Telangana",https://in.indeed.com/pagead/clk?mo=r&ad=-6NYlbfkN0CMjQd6K-mJQmnXP0NIaacqgU_ZnGMdJ3ZujbgiYs9cqb3DtnC5QIo5ZlnIk30BCeE3csHOwfCbF3hVdPDErDjXlZbX43V3xI6zSnvE0oRxBS94m-tzXdfrFdXtl0OiCBHln3D15i-N5FvI6EGLhNJEilEneK8ED7eb1KSRv3kp1UNDm0O87FVonwNG76m7o7hMUXl7fY8gdJid4Dy3z_KRQUbQBR27CjCHyoHqKRYnMlwBU_WSoEs7xHvfGBqMv4XHgoFDMm64D6FHZHios7HXIcqh5PCY8zpqlhOOz_UVonkcHuI3IJT_wCP1PFCBR-m-k5u0x-bagGk2gZ7YNeSx9k4GIEUFDw-MgdXitIHdqJ7uNqntOZahqu5vAZZatOE_HSdDLaGjpfRyz4-byi-Ic99Sz8sMaHBYRvMGQ1vOiRpUT9gIWu7zKzlIn3yw3AEzNUCQM3FgCPNGhm6QCjUTOnp0a4URy6wyQownTrsAR80vSxnOxpBmxALCT1rsJEYk8IQhjOjk2pw7NPVILc4MZAByh4Z044l_FBaeboyytjEgPdMs-CaXy4NkBJMu7_u325k_HadiU6cd1UJkNMqaBFvbyTZ46FIW_h9WstEv29Pd4WKB9AWk&xkcb=SoBc6_M3jA5L-WzCYp0HbzkdCdPP&camk=ethIe0s0hedhjE26FdisKA==&p=7&fvj=0&vjs=3
Analyst - Customer Technical Training,Zelis,"Hybrid work in Hyderabad, Telangana",https://in.indeed.com/pagead/clk?mo=r&ad=-6NYlbfkN0CMjQd6K-mJQmnXP0NIaacqgU_ZnGMdJ3ZujbgiYs9cqb3DtnC5QIo5ZlnIk30BCeE3csHOwfCbF3hVdPDErDjXlZbX43V3xI6zSnvE0oRxBS94m-tzXdfrFdXtl0OiCBHln3D15i-N5FvI6EGLhNJEilEneK8ED7fcf-dGYcCKhnNmOAHqFzJ_eEz6dx4zpK2QDqSehLgChfeggVnJUmDNRk2XGYK85f_dewDYl_7z1t4JBpsh1tf8GUGXqNb5xZ7H2PJvhJFlXPPIejKq49VnyRi7jaqPF1KxEaslOanTC8tF9iahg6LlppfJ7aoHS-tLp9AkANk3cXHEyYJEvKF9cGhMwCYU3My_Uzs66Pp6XkuIdw3-I7Si536GE22m7TSZcO59Jwec7_PzuJoDYWFP2q1TIiD0zr5v2k3gA67oo-C7HyEdvmjCDBMcqQkHIFQBD63Mzgik-Vr93fBxBVkLSRQG2b6kGk3n0HecKt7oFrppKU8IyI8BEu-f2n9O3R8qsjaRLZaQsO85uCGc5tDm2H-hC4YgS9KBHYj4wAz1DEmjsmFH92UcPWySZPPzkhngBmX4SsUzDHYQ-h1BYncsNGNDna_0J8mZjgkuH77BtZW3Dp1G-CtE&xkcb=SoB-6_M3jA5PJiAepj0abzkdCdPP&camk=ethIe0s0hedhjE26FdisKA==&p=8&fvj=0&vjs=3
Analyst - Data Scientist Machine Learning,United Airlines,"Gurugram, Haryana",https://in.indeed.com/rc/clk?jk=54836fec3efe926b&bb=k5C0MGW7E2ofX_ABdA8wBiypLkgzEGGlhnxGoI8_0_czwL3g02_FrOyHEpmtG8k_yyCQujNukkDNN1x3bRNwf13yIW97ZCBS7EVIBwat6ZRTMrK_cJCpbuV_P-mtrENamgQL-TbT_HK6if-OAkBWAQ%3D%3D&xkcb=SoAO67M3jA7h1rz4kB0PbzkdCdPP&fccid=e69f69636a9997cd&vjs=3
"Analyst, Geo Analytics, India - X Delivery",Boston Consulting Group,"Bengaluru, Karnataka",https://in.indeed.com/pagead/clk?mo=r&ad=-6NYlbfkN0Ad1FFWZOsBBwBZDGouyCcICeLSd3pQct3wJ1q5dPO7JNFPcbpYQ1XCYdTOV-ko2T5DcrUamP2zS3MZyVSQIoBnA4nHIPuszD-lTCRNXvM_eH6t5Gw_vjDTyTLRx1XVTdHEJz-tRybBukvNfd1sHqTcbRHIzvwCXpQQfHZs-OSdJgIIozekxiWFW8sIm5PWqHxj2fV0fpNAkC92ODXQnz8p8377QAaPFfkllOgS8MEqbGbOMC5QiSBKlMjtd9AX3I5MKt8oNrrfvXlr4rREi_GRjTCvO1JvLQdLRcGv7jmGuHXKK4WMcqrbUErGTrD0GVzatpjEtLrpMRU0hwx5MI1eR15Z-91uvK62iu9p7kRugUOX5Q91BQ96M86V72Q2Yyjq43gJWtAvYSzzKD4mKDa-7gpwfdA3iFahab3bAz7XqW9-xa1s1DQAdM5h3KJNpRLufxT-ZhdqAL-F9UrTUfGTau5gSrgpGHsZffaepHScArLVBv6pjyvDCa9AXZE3G7pprD_zCd3i84o9l0iCcVK1Lqih7-k6svvutZq9IWsEGSIa3XECsvPu9nrgvYioNEhtC2OdQ_duT0r8gs12pIh7BG1i8ZJVovVr2Cj40k2MmxJvJ_Q8WsLyq59IoTI-M2ejwcEnpdlGT_YjJqAIJbJ6Z-BfQOtaGJIE2tSCmRphuReMt9vRjJDYikmNXA12mIfKmbI51Lccft2pcfjsQjIPjLp9zEZNxo2BEolpUvaTL91djPatTpA3DqqWdO_nKZTrM7H5fq--uf2R0uRDnTVGiPM_8IH2w3or7bNhe4Ew5RO0hwmWudpOh8TKu64O03HZKIUnY_Su3-iUMV_bVDSqPUwSVp-QWohbS5FrOFKoqmop6j9ZQqkeOVvZxCLuGgbvUZnKKAb8sXjuUJKR0KZwHDhE7JYheUPNDpz4ud-8U8KplNkMqfmuzck_cIeD6IFFKLTHy2eo3E5P6adMOip_jgRRsB3Zu0C2NnQZirWf11bt_i-8HOtD4i_N092HSXCDyIjVwcd2YpnFvUsgtqzwyf9TWR_cP1bO-4QSW0MbkPTjBchhs2ylVfrrxXFGuaqgJqoR-2GSshSCd13BQR4PT-DplH8oLHGFRTyEXH7_3oX-BWTk9EX6J86WlNkSCdJnHHGemyLkccpVsn_BkOuerBz5azeqLmd55ubRjolxrmsaljg9MpqyOSFFb8MDw4oNvTdqP93WX_dlILuVYVrumlQIlR_bQQZfGb33OthbPdGGAH0EB4VsGYU-EHQWXB1sHfe1Hu4FIeluxP9J9ycHlWKkF6jEMn9esTAZNhEog5B5V2mPDPBPrLnzbL2qHZXTbFIoQqYW4IGSUvPl2QDGnFwzYOOAPVA8gfOjeMz1nMEP5mp_sJNBipjMOrRkec3Pi9_kyGTOebiRUC309IlJz7_nLLLi6Xw=&xkcb=SoCG6_M3jAt6V5gepj0MbzkdCdPP&camk=C3EPSzFlQw-Kxz8aVjN35w==&p=7&fvj=0&vjs=3
"Analyst, Geo Analytics, India - X Delivery",Boston Consulting Group,"Bengaluru, Karnataka",https://in.indeed.com/pagead/clk?mo=r&ad=-6NYlbfkN0Ad1FFWZOsBBwBZDGouyCcICeLSd3pQct3wJ1q5dPO7JNFPcbpYQ1XCYdTOV-ko2T5DcrUamP2zS3MZyVSQIoBnA4nHIPuszD-lTCRNXvM_eH6t5Gw_vjDTyTLRx1XVTdHEJz-tRybBukvNfd1sHqTcbRHIzvwCXpQQxLAv4vdHAL7ujEXj81d8oRPL0HyN76ySZ3ptDNu0m5yvSBBLAE4fr7zIZqFgULtdi7wqmy8V2aW65Lz59i90K3neXu8gabdGXqCL0oaRUHDG2GEyGk9Vzi50WAZsMZfWmP-wdaN07xnAVS8q5FXKSwtNmNMW4u47LFtGWURP8ibUnCBlh_j04_6gyvzoNcYOL6a8XKY61WOrqGnmU6jj_yFCJsLuixmQv3_L-tIUlzk19zgmVOnXcOfBSDt_I7OiWECshIWo0yDKQ-k3vd5QOq1Ed169eNCdXJnzJ1IDzbJAlphR3HlRGiLwWrw8cXvMprO-snmdjtAy_oa1nDw0Vn0Qc_XDiAxLLfP_zj7xyk-zBzdVdl2O718I1csCLB2u4K-dHQzqxnfBIkANUa6CW0mFCBQe-1mx1HBcDw4lUWNXwqwI-hRqfzy_ap6xp21-bPE7u1ZdOB2MH3BlLbY9tC6PUAyyWmc9ItxYc_FtLPscz0azx8_PhhSP_6dQM4iMYAVEgAj3OAra2rATyP7Ag8yi4UunVRdnlSFvvjQH2fe8MDXE0Rb40sQKxedYBfo3Zm5SnIZfNfXCIuc9yVQi5C-4UFHXyXLsjTPauTNSFvO5CQCop5umXVtdtbRYEeaw6U71_TSw2w3QRWa9-xEBTyQMjGYp3raOwWXpDenGwp3niQWbTcp5DyY600OHE63tAOe3EeMLLJvtGI5hFLtF88KHmlz49pDdic2gEURL1bF2kLUOL1SzjPgBMJcaXW85zzwzQg0dsn3npRIkv_71mBXilaehePE7lX63ACALp8H_MM_FpG-rUstLR263lfa-Ab7QS9EOE_yk2DoehcXb-CMjFFwkxXQQyql6Hd0nAGyX1CRPrOVJm_1J-hbZlpjn13xsRt76e04SeDBTV_MCqn1IkE40rBGAGfxDMKsMFUOujRvzsayz_O0rmqaCTWU4ZFtFW7P8nzMZtMV8Rx_RABXlU2vVU-u8_G5RFX4iCV1-8LdO-IxIHL085pn7MSqyHg-jUAqheOsKsnksqL4LQZM-Z5ngD-mre9FwJ6FlpLFdUf_qrbpxzd29z91RrIYi2kiNTqQTZ5Tj6EkHAK_Yny-_kqR9f8BeSefzi4jnY60aKhNYmRH83UIck_2Eoe_vLrex3F0GzFuVOx9bGa_bD6lDsc_eMjX4kD1uVMHVcAgcGOgkw28m-nPTAPvIHoyDAfJdeoWxT52cGTZreazBE8Ljp8i6wnnA1xul3xyhuiBppuQM_YU0kGdzCRqsTCI=&xkcb=SoDo6_M3jA7yTqTCYp0BbzkdCdPP&camk=C3EPSzFlQw-Kxz8aVjN35w==&p=10&fvj=0&vjs=3
"Analyst, Geo Analytics, India - X Delivery",Boston Consulting Group,"Bengaluru, Karnataka",https://in.indeed.com/pagead/clk?mo=r&ad=-6NYlbfkN0Ad1FFWZOsBBwBZDGouyCcICeLSd3pQct3wJ1q5dPO7JNFPcbpYQ1XCYdTOV-ko2T5DcrUamP2zS3MZyVSQIoBnA4nHIPuszD-lTCRNXvM_eH6t5Gw_vjDTyTLRx1XVTdHEJz-tRybBukvNfd1sHqTcbRHIzvwCXpQRMdoMjpUMfIiB4zMXn8TrCRDjXVwcZ9BduLOyJB8q9FmAuiVL8WIJxgoh97DKUlI_ovUej5PjGrG8DMlJdAEDT_BNCiZ6k-teiHAyPrtIm8Fi2lubD7-Vp-RT_1LQkK4PWfSqfvuUAwMCR2EpsDUgJU8QwD0FIJNFXBKbJc8_x8oLMD2LZ56zhx-XkxpjQbGeY53Yh6xHlP4X9jzfm93kSAiPH7YSuKPt15rvxRto7dO8rBXVIR6CXwizNdbqgvV-VB_oYlXQClxxXcJLB2WzG3mA-3n___V9nzp6FukI4OJO9DYuuRbhJFxLN5NJv4aRJvBlTyNq2ydCF7SUJ6BPdfeUyqyv8rHjtEJA0yJHJMX0u3srvgBO93LsFgDKTDqN0ErWGjXRgwEPhNiemUn4bfa3V61Nz7UPb18n8SCrKblhscnCQ439lsklWv4OHXF6Ob1VR-vFYfr-P9svlwx3sMqvfDNKrXPyO1F4eRVORQxfyqyaRnkb2jc8Fl5IGuW_-OcH-kjhDmQVDYYLp6uOFHtqV10ITpme5qc2htBQ3yu50_Sqm5VPZJ9kax-tfw3p0vCdVC2naCLXVFG00yopHJlEkgssC4svCXiMVdwjs7CpI24G5-9gDJmo62GfbF4r2gQZTXgiJyBtbeLnL7x5AeGcnniGujeHFGCeZRyZ1TZQtBi886mL4QVqVo1xXLGbB06RHKPN1MNZ26W02dbSUWLSuWTJQ2HhYtCupB3D22P4MSubDFnPJuF2BveniZT34a6AxgS2i8bDvkfq8ZFH4_PxAh2sYYWl4SqZOCfya-8TSSfWaVjwaz5d40Yc9LikxkLgg8czXUUUYGXlpHuDkXRSxaR97FqRJdY8gNEVkv8QghFrtLYirIsqrno-YkY6wWOCmbggM14Xrbsfz-FAoabEOV11AlJ4MBVDDPaHrFjEou0Jjdz4lByq5F624q8uaAyI6gXu15mD9NFCVzeQYxxyPN2SzydopNbVM5cGdSDcBEREPbeAgGy4IlweyVO9e15uTEr9BuXXCIaXN3dqIwsv1G9u9ZuNWhe35jgMIFxbmglMzS2ORqssa9C-fhoKomsWMvirTIJ7TJ_J4bDM8lqyZictmDPsNbzDa_G_SFYJp2uJNYRcev_MMlBjzOWjHpiSFPjM2fa9bu18DMUQFu8K-jSHkjKCxDdOkFqcfEhNPR9nNByoG8HizIn7O4cMisv0vxWAi5fKaMpVscBxPH0OsMRkWU_g4wUfDndQuaHsbgRSbefeeSRbOA2BO13fUj_T_K95ZkMKquqTYwdR&xkcb=SoAL6_M3jAt9p9zCVh0JbzkdCdPP&camk=C3EPSzFlQw-Kxz8aVjN35w==&p=2&fvj=0&vjs=3
"Analyst, Geo Analytics, India - X Delivery",Boston Consulting Group,"Bengaluru, Karnataka",https://in.indeed.com/pagead/clk?mo=r&ad=-6NYlbfkN0Ad1FFWZOsBBwBZDGouyCcICeLSd3pQct3wJ1q5dPO7JNFPcbpYQ1XCYdTOV-ko2T5DcrUamP2zS3MZyVSQIoBnA4nHIPuszD-lTCRNXvM_eH6t5Gw_vjDTyTLRx1XVTdHEJz-tRybBukvNfd1sHqTcbRHIzvwCXpRIvmQpf_8cz_i-kH-7VbvsP4jvbsGd0rO6x7zlbBtBGog9CsjQ9SkhkNnE05dn_I6iBsF8fhV5mbMDu9UZaAxcv9mBk6mMdBX-f2Kt2jzrUCGeDpzNVe2XJulLTrWXcFfoYpOIYWZGoAS0fjHpWRSGpyRw_MaU2FZK3zjoGkPMvGIZr1BTlYFgJ1VPwYBxDP2XFJ6gDj0ZOGvZJZUMW9IWvo4-7iTmLcvSqdamE9ZW3xckSABMWiiRJ2veYowBbgG-L6SwZy8XV8YoHZpmqwL-aPaevKCGdNfQUcvRSk0wWxrqDOa0u6svz2yrgVQm9zEbyX5MQhXyAoxQ_g2gXhlrX9_dZXaRrSiiieeFIbTEaodijxGq3BDE9LLr0TDDyj9x8q0nibzdP-IWivUOc9ZaGZL_ecC4RWNW7h6Q88kfsA3Hvqk-lJh82FXTwywxCqtJABKDci_Jt_Eutfu56fKsQKUn-3dB8jiV67PHHDM8fT-4MkX0VXJMWAjPvdHZ2_KIBDxFJyF0R4AAjXVYbofTiFW5-vLJN4cuHUH3ZlDdVAPywhcSxO_KljPsj7CGHbjGCDCOJ7tQjGn5RLei84jvHSs_nP1VKPIhXmXCgnSdpY_VUMgBvcQOO6ICDkNlekKHxS03pmYR9GL9JlD7gG6uusC6uxAns7EBAuvbt-bWQ4MVZzm6iBRtqHfkWgums-0aR7nL585NgZB0DUMXDhaCrthR3qzVd--zPtsrm8v8IQNe6xXSsApuj8IWPKU8SLghCIPNu7o-tciaQ_HDtMuMe3wnIXZUJMxzrWUwKkwdgKsT1WBfhHKc02wII7clZnZOXXzT_spstjr6ya4aqqwsVSCDfKeAyQaHbDis0MllzEaiGh5PUVwTPuUUmw5vScpcGjx35cGfOF7sfK8oQgOZhDYJQywIXeu03n4PRCZRgU_OEE5dk_s_7LkJBD0N8cQ9Umw3V_9rp0oPO6UbVTAugK4z3sT8LJJXkyaB4iwwdCEndpmLd15R0sqCySQgLpS5JmVva-RNNvpqJm9InmjxRnJzLh1iDTBoy9Bza6m0dx68T1V7MSjHFNUoKZxGC63f22_2kRmiHoI7dbUng9Eaa27w1ajLSUPRZfvo1VFxs8Y1Qeilz89vv1bm4IWZelSYYu_luE9m45i6s_U-ucXYiif-TXc4iycc4I3YY4D_t0LNHSGCfThJdEf0wT5w1ckw_H2lM25agSzTh0WpSgcY8br4TcpXKKb_qm_KtotECE_166JOQlLU3s4zzk4prBowJonYIXeWvDLhCophPuy-&xkcb=SoDs6_M3jA76IvTCVh0MbzkdCdPP&camk=C3EPSzFlQw-Kxz8aVjN35w==&p=7&fvj=0&vjs=3
"Analyst, Geo Analytics, India - X Delivery",Boston Consulting Group,"Gurugram, Haryana",https://in.indeed.com/pagead/clk?mo=r&ad=-6NYlbfkN0Ad1FFWZOsBBwBZDGouyCcICeLSd3pQct3wJ1q5dPO7JNFPcbpYQ1XCYdTOV-ko2T5DcrUamP2zS0TvwEPKU3jzcPaHfkOzJzDNXVg5Kk3UjAAAK1p1RwvQpTudLyvZnIADOD0ewWopzzXCahuFxxotBvkqLmZHUukWUhGLBXd7yLvHpCkBc_-arUfqucZ2ZHNLOwNgAhoCOF9Tf5tavGx_zB9IdVeGjgJqvuCNak0NEc8u8eSYHCAfYVLiJQGLLkqdzwfRnl3Ivqf6zKec8bWLzte8Ag-S_MBv336RQdubzq9m8HarnRG3yZl9Of04Xg5ZIeaOMVr0GLrvLhyUALuKnkb2n_nTXRiSYS2XK11khOcLxNjFBt8zo4xn86Tfq43cwUke--JCcg5m_h8kgpeXfCcKecd96llR7k8j0OZHajMZgpEqyNDE_NNj2nCDojTF31PmvLi5tbskTO_f-ttmE5HGbJJqLzUx5O9WJ6DElsPupCIVNSE5y8aldRrySXo4SywplBCeB2-cy1yO6kIkl37I5G1qrMWrtVSypko3TWinuo-jV7ZILkWnpFzzT2WMY68wovhK0to4_B6gJ6aA45BVLJdIeYyQXknNFi23GasZHZu1fGhABsD86fgGasyq6Qy-JhKpsG5Q26TBsDZkhzFcQVVAFl4pHYtG5TP7fVpNDpuHEByGp9VwDbPAMmKlUMl8iQ35eZscifFBTMzjQTpRMZGlN2MBra4q6SoAZ22W3z7C0jSY1aizbOZAVFMlL1jbUiaMc_i-7pe79GtwrnBWuiqidroxl6O520j8bz2MOXRSj4Vg1CbxjsUxYtLbZKBPzMZdSnZRAabLDOPttsR42fjD721z7xPHhLO0X1pISK5oCUh27ySjamcpr5B5uEqKIi3vVi2sdHn1ZDckj0eUviyAyCd701SZrhA21hdpI3Eaa_XRPjrQnTJy3IR9p0e4xfsvXEPBg-koqkqt84b1pIdGTUdzUmewwtaGoTV-ecBNWpcl5ophHth4bIJ8-2z0-DbVf0GJesnjMfFM8iSOiCIV8JzAB4KYI1G9HfWVbHhfVo-2DKldz2YiH_Mu8pxbuDXPYUPI3zBOsDlb0Bf4K2YN_uvWi76TP9yGHctw_M0XaoW3OeXop_XGNV1ZWjE6Uq5OYNIcquDcnEq8Ygq8-muoLXhjuigqH0F_DG11Ee7PuDt60A_sVwl4x89NgbSF9Bwa3Z_NxckX4KFd75fi1tToodpoBDoR1-JqFxkiz3p_Jfv4l6e2jCDtjOvp32QZncUHNRAwMi0Q_yFb2CZvEvha0bQqm_A7H77uW-38bxh1rqC5Uvpuhxgwa55KAPGSiWPCuJGPb0KzOgCsPJPRVP-IGbj9_zvfXW6n4z-8ks5HM2ij2ql89w3oZGhnqgtf_aoVRDzDo5uJVUc9&xkcb=SoBv6_M3jAt6V5gepj0DbzkdCdPP&camk=C3EPSzFlQw-Kxz8aVjN35w==&p=8&fvj=0&vjs=3
"Analyst, Geo Analytics, India - X Delivery",Boston Consulting Group,"Gurugram, Haryana",https://in.indeed.com/pagead/clk?mo=r&ad=-6NYlbfkN0Ad1FFWZOsBBwBZDGouyCcICeLSd3pQct3wJ1q5dPO7JNFPcbpYQ1XCYdTOV-ko2T5DcrUamP2zS0TvwEPKU3jzcPaHfkOzJzDNXVg5Kk3UjAAAK1p1RwvQpTudLyvZnIADOD0ewWopzzXCahuFxxotBvkqLmZHUun8bHgdFgccK8VUm1NyJ0zrjLx0f8MQgVZeghN4jrIImqLzt8yGZ52u3j1bev1-IwnB5muvyxiVqFGcQFC2Lbe9Ui2671kLg8o86zdM2JmqD8m9rlQl8Qj9SC5aMRLUQsMSNJkDUulXn1Dl3knuqLNanaadN9uJUBw_T83XfnrguL3APBv3ENWjDHfw4M_WnQU6MU51zP_jtH6kPgb5MfSfbSZBvQIn3YwersYrDojL36RFtXbZQTnA58kz6e_cpTyaa7lRzv3vfxHAno6GoF7qZdS92v3-BzPMwXcJxl8Oi0r1U8DM_iNkWYTX_hjGZfBwVW1FQXBZiSsAlcYo89peSSAPSWjlii_44AccMTjpmH-6m7RFH4GVlIfKuyU-8bkjlBQ1cIqtlVNzLcKv0SgfhXDrwvsnT1KcNUKkDHzhJPlTZlzvysGreTnJh4ZfEfuJhwwIuour6-aWfKaQ-Y61Bxm8c6WGHPvr7jTWAfDKcYSsln2up5Fy5TaC5skyH7SliBtH5E8u6RxBfDXAqPamPOTd_BYf4IBbcTIE00nSYO0j47Zp5XA7J6JzrWUbI5_TidWwqAoVGj_YSY5lrVz0RejaNjaC1qd-SAeTG7VnD5COBR-Qh9h-iKu-wMR5GhhP3UcUZKLxq43jsRtT9ocDFTWsprSCxghMdrB9-wN1hp7fQckHcQHnqfV3OFfqai-AExgQkgACQsZd8A8wwkYoVwzsVzkKD5_qlVvdK2-LcZak7aWUMjOlaYJ3HA1rabul__g8iMBiq7mh08k6tlPpV4B5ji3d8CB6H-Gpmh3yvqpNRRCNTzgSbn9tcoSZOE-uJLUmqG6LrHnVtuWuqJt4HpmtfQqyM37BkNNBX9PDuZn7ecGm-lErEpdrCuDUO8qMmI32l70FwuqGkvL1jiYh9bXlnU7O08B9-ErJOpbj9OrmJLH1cjIC7tpjLZiSCRswYPtRHsvVultEX5FPIaEpoNCBnZ1Ghl8EoCQOouiU_Rs_MkCA1Vrh1V-t4Ldc3FMHgYY1oatazWpD_70VTLVugJwC7H5ps0GZY3ERXeGDNtrsvYcrCEw9tFRJnPuvlz5nVhppvV27xW2FeiZa4Yj_yND_BgTn3NZNutwBDSteXTPw_zCC3Tf82m6A7CA4QsHPEe8M4hwc4TxRMf8yo9kLTzbNfhsG4YEAAdpOiLehGY4jHEexHXXkwR_eKkN3mU1h8Pt8oOzI_IhM_G58dPdGyJJrCQZ9ZbtQOVykYWPInmyu6y_Yb-6XSLrTQgOwDPs=&xkcb=SoAx6_M3jAt9p9zCVh0PbzkdCdPP&camk=C3EPSzFlQw-Kxz8aVjN35w==&p=4&fvj=0&vjs=3
"Analyst, Geo Analytics, India - X Delivery",Boston Consulting Group,"Gurugram, Haryana",https://in.indeed.com/pagead/clk?mo=r&ad=-6NYlbfkN0Ad1FFWZOsBBwBZDGouyCcICeLSd3pQct3wJ1q5dPO7JNFPcbpYQ1XCYdTOV-ko2T5DcrUamP2zS0TvwEPKU3jzcPaHfkOzJzDNXVg5Kk3UjAAAK1p1RwvQpTudLyvZnIADOD0ewWopzzXCahuFxxotblgdPtHZc52yHUq9vagXqKDXyLlkdLH5wUyD0gzUkFxOLbRAOcNnHMhI9ezJCuz4GVRrkVRD-ns-hOb-DTJMSs4zERDmfwTBfPryj2CtHmt3SQAQX4mTyzqe5_LLS_5ngJoMfN4pD6Wr5PlKvuX9cHZL3QC7akyM4-cZfaPzQ6ioLbfSCYBzhMXhYGNxrxxet6jlcfuNWMKaUysU3bZhvF-f7nAbHFrveQOTy5kyv5M6Wen3RA4RvklI1TKBvRQr6jZ-XhpzqfpRfAylW_1XlCsecJls7pXf2KOSzQpbVchSeZ83N3RISFPHO-2NKxVaA3Xc4Jbu0P6jTTv-q-EXXFiftypJlKAd1fHalF1KrJLtPBU0GzbLHg83NsEDYOENuRajfNThEr8ddX-gnKwkyuVdvyVnXf9UM1x4fTVxsK1S3fvtOQZLaPFPu-x4Q0ezEQHZQn4bruoW9vpeStZmQoob4nkvey10XRCfP_IpJ0YoEFK6At1Jyp2_6WzPuFcBS2wyLHf5V2BwcWOJHi2KEr9egebK4nctJNEO-ypu7H0_0oL7K3j_PDiwBuSuxmpKNiXCKXpQaA-GhF47OR9utX6Ia77VFQb7xWcFm2XC-k28vtxm7w1YB3Rp0j45fUzsb-5_Y5GG7hC3Rh7YOfiqwwM4sqAcsBKxSgVnRshmMub_4dgvyegRI4enUQnynDR-N4zAg0nsXgBF1qKZ6yqTAMeNDTJsgpXYeYB_acqUFtYHxDlRsHAwT5WPZ7iCMSDgHIazPIYb0X6yUYKDuoggMaNGwfOLLlu3lMx9r7wVWUsrcGtl7PYPegdOweTQUKdpd8HthYhNHozTivCEk4OhehUpjqRj8DfDsq67FYvTrcTHqS7JQDFZQ9D3FfrzOGXNEZD_hxO_ewoMIzs83Vt-kKcsiEqFO3T91GHI58wKFSlnzuBYAU4qgCnvgDRju9AVpx1ftfUQQDHkuUgbcuaQfH33mRSB7EHoEdE-cPjflfLxYkcnEpGRyCst5XzPCy7RIej5Z3tePcR7M3iqeqHOqTNBTQA-XulCls40eiYZBU0hrAJaCK_UItD091GVdM4kTIv_CyLmm6oxtvF0nhorejgVxk_Esza37OvpHXo1xHtjEtcU6IpwE5P_XrezRkgQ_LCnDdboRF83UYZVuiKG961PaLn44YNHXyWtere5uOB5b12nvf7-S4JZfZgfVR6foMPSqUZ5dJPaZGqp-BB4kWwqbGPSY0Y1l8hruUKwPy0beC8qxx8Gwxw_JTpwWa3rm1wq8lvGf28=&xkcb=SoAF6_M3jA76IvTCVh0DbzkdCdPP&camk=C3EPSzFlQw-Kxz8aVjN35w==&p=8&fvj=0&vjs=3
"Analyst, Geo Analytics, India - X Delivery",Boston Consulting Group,"Gurugram, Haryana",https://in.indeed.com/pagead/clk?mo=r&ad=-6NYlbfkN0Ad1FFWZOsBBwBZDGouyCcICeLSd3pQct3wJ1q5dPO7JNFPcbpYQ1XCYdTOV-ko2T5DcrUamP2zS0TvwEPKU3jzcPaHfkOzJzDNXVg5Kk3UjAAAK1p1RwvQpTudLyvZnIADOD0ewWopzzXCahuFxxotblgdPtHZc53Yk66Ud_XCzqrrQDVw_Yr2rw1LFy42noMQjjcvLYWFxrvC_SV6tAhhte6lkACUiyvBuo7ICaaWM12xOzGuv0M-sxdZorfzMintld0rMgZsyat28kBKE_lLqmQzeyLGV1s9-qV0qQPUts_T58yrFEQ9-qhylFoVtzP2bLJizGNlABjAfZQqWlUPwmQZ6L4e_ouWEu8OypBDHqQR3wjKctyFeFhsONOVWbLzMrAmJs8omJcObNB2jo3FiNZvXRi738FbUttyn2wx4E5EBcQsYtpAdndt2bDjCH_lSB-ct79S4shCunPUIxCBs5zwN_2X6U19_vrbLjqGc-qGVcc2xbGmG7PCFZ14tPP0Ay6ZeostIDLOWczg-Vi1QJS4-jKrCGXNwjyR694rCGCGbPOazh5ZxbshSMjFYqnlqWymwp-OtHSb8Sj37I3d-ZT6ycJdvn-INncGbIWXZ-d9ohTN2d8B6ADiGEZcmrRlLKDMf0AyXCOAw4_NefY2XXFHkATNRVtEjdhdRVPJxo8JjdNHlRIivot92OgBBiHzQpSAgwEWkrmxrxa6WLUU4t_d3NIpKmvNjJCKW8dllPMhdMl_hbIqky7TCLS_owy9hBDqMoQYmm6xCRxdQnXg88Y2JaPAmejgiioM3FIeUdl5DW4i1gptsClVffrYU6Y-G1pmgTir_sAZxzpPDVdxDCV2GdKDxLsauu95sWhnybPIBoOHBsA5IdbDGnz9jnV4GrZBfiwmUJ7Z1bJqBoKCox35HV9ERkQoGTxujbzTijxUEBU7pHX8bTNH92XMwcxFm4_rjlfIZzFnv3b_wejfUDuJ-Q4E8TahK59cclwDAbPixF90oWaO0aBGuRBWRh1ETrISBCC3Mkk3gkhqlc9bIewdolqJKCP4IM3zpZtarbHwImx9gwpVCOFxl_8b58yaXPi-pUSSiMncUmUhDcWsGNR30dqUbj_8M-KgW9HOpXjToLxEV05BOIzQ4ele_Vtc7OdytviaD2S_UYuQh__ND7Z4ntqp3J_Yk-6So-Unf_Vpu1ZQSjtonH8bsT8YFlrcdG37WMl_Bx2P7RnkSwG6cw8HGIiWrYfrCuJdibfNiyJ-MppN4gOp6NtM_9pYqQRWOcWSqhO3BuwZk3DVMWADOmVuJkK-KhQoFylMHf0TdC-n7I0QI0_w5mg5HnP2VzOkbojbdWgGiLa1r-0HrG0TzMLAayDuLTDDksSdtOisQ5LQkWLFYWXjeNqRPwjgJBHYRKhP9dat-tQJrBP73HC8&xkcb=SoB16_M3jA7yTqTCYp0CbzkdCdPP&camk=C3EPSzFlQw-Kxz8aVjN35w==&p=9&fvj=0&vjs=3
Applied AI Ops Engineer,CloudBerry Technologies,"Bengaluru, Karnataka",https://in.indeed.com/rc/clk?jk=0db790201ce07834&bb=0yFN0yDmIeQes4DuWHG9o3MJ6g4jfCUanT3Z5mmA33Q1pN0CNvxjbLsEscrkMEmoWkzsY05JZ077XXVZHsBFl3DNG9edLrjx-lIXpJoCzaYL7XiE3ZnTJ9dqlrZ_LIrA9W65XYFWKu6lAwhf6vWxqw%3D%3D&xkcb=SoCP67M3jA8dUEzCVh0CbzkdCdPP&fccid=9c389c9bc7fa9f57&vjs=3
Applied AI Ops Engineer,CloudBerry Technologies,"Bengaluru, Karnataka",https://in.indeed.com/rc/clk?jk=0db790201ce07834&bb=FWCD_gZjr8CaB7WEgOPPmu9opsgxNSH2mhvQ3gHMid4lHbhyQYBX-tx4_bxW-2MVC50uqJ4HdlN61eaLqAEbtexGGp3nQqiAb_kA2FfY-jQpRpoWwMFOHVdxx8vbnL0B8rA40P7qoakW7fdY2Tl-JApsXfvwBj9V23cz9QLuBeI%3D&xkcb=SoAS67M3jA4yH3AfKb0CbzkdCdPP&fccid=9c389c9bc7fa9f57&vjs=3
Applied Scientist I,Jupiter,"Bengaluru, Karnataka",https://in.indeed.com/rc/clk?jk=bdbd333f00d07ebd&bb=k5C0MGW7E2ofX_ABdA8wBhJ1s2bHREPXzscC8LvPbnHeUzx1cLz8hk7FGNSvdd-DkmSPt3P2MK4AR-5EhfTaXHWJQSxQPErp6yFeLODxyE1-8GdTnq2QmHdZGQpKpEAmyGMwIOcRL_b5MsWABWsL9w%3D%3D&xkcb=SoC667M3jA7h1rz4kB0ObzkdCdPP&fccid=9f39685625c31fdf&vjs=3
Associate Quality Engineer II,Optum,"Hyderabad, Telangana",https://in.indeed.com/pagead/clk?mo=r&ad=-6NYlbfkN0BWpgndjYL01xMr26yTqLCDFb3b3BUdaEwmMV3w6lpNxfdb7iEvGm0gmfmM0o9B9H-GrQWxwrGRS4U2T-6vQawir0qgg5EXKfZMLxN4wwdGNZH2OlbG292FDKfNPJf3gvuiLGFBCGh05BwCmhC3qHapmsaz51PBvE5kqD1kY7IWfLUf1rsJtYXkLAgFcywziHNtJzKH3TQ06XKBfIOLHU_EnglfiEqXD6hwg6UjDmbyILYxYOtQTACZaR3ooSpOkmpq6mamyWG5Deczt4yVuat3kPmkgVv3t-SMjNwJjnsK4Q98UGakP4XBifb3a0Y1ZMnDj4EKkJ55kvgPq1Qqg4e-7gqpnV84j9zqXgziUs98q893Z6xJt0OALc7u13bdqCcLMpEBufr6T7XV_kladHOMU7fBuXg9kL81x19QkVdTooYLxo7xoRPftv9F3JB9Ik2xYGvDYlIM4wKXpmrQovdGY8Rxmpl2EgjQOhn2lAsGOs88tYjpMEPMuRmKm8cZKkRMLZwQNCQkz4MVU4Phz4nZNhNAcqPkEKP30Jv8jhkTsCJB8aRIxfPsPGNHD_YCtTZ5dLRjcxcKhfHCWKFpKo1eY13YrsrkBCMtJS-AV0mPZHiIOXv5ZUr2JdXeyXX-pNVAaS-6V1J-CbGt_rZ6k-cmkYsLUDbbdYEvvB5PAP3aLtv50XhXtk6T54MQm3hYU_LJ0xMPCAM9oPbkmdA8DqksLovr72nFRAd0X8UuYMVtLg2zXaYHu9UU15sSjexdbvKI0VKyKPJhRPuDCnHHIspZoPcA8iaC-yuCDPxApEsWZNZPS0jhxX8h&xkcb=SoD_6_M3jA8EXpzCVh0GbzkdCdPP&camk=ethIe0s0hed5mhSVDYdqwA==&p=13&fvj=0&vjs=3
Associate Quality Engineer II,Optum,"Hyderabad, Telangana",https://in.indeed.com/pagead/clk?mo=r&ad=-6NYlbfkN0BWpgndjYL01xMr26yTqLCDFb3b3BUdaEwmMV3w6lpNxfdb7iEvGm0gmfmM0o9B9H-GrQWxwrGRS4U2T-6vQawir0qgg5EXKfZMLxN4wwdGNZH2OlbG292FDKfNPJf3gvuiLGFBCGh05BwCmhC3qHapmsaz51PBvE5kqD1kY7IWfLUf1rsJtYXkLAgFcywziHNtJzKH3TQ06XKBfIOLHU_EnglfiEqXD6hwg6UjDmbyILYxYOtQTACZaR3ooSpOkmpq6mamyWG5Deczt4yVuat3kPmkgVv3t-SMjNwJjnsK4Q98UGakP4XBifb3a0Y1ZMnDj4EKkJ55kvgPq1Qqg4e-7gqpnV84j9zqXgziUs98q893Z6xJt0OAPKMZZ9eB_ddSRuq6BxQXggW5IDdMZvCWLmqzzNhx9R_ebO7zeVnZ7h4mdtEDVIEdo9ukM50rdD32HWlLH2LtYRWYtUN4snHlD9oFwDXaFH3qr7280ErLeN2aXjAHJb20YC30nnvH8Ko2qzjGVVoej-wE1Gg1_l-tQZkm31x2YpBp7vMn4rzle0JAuaJDdVbAElOYJQxGuhPO2XrnMHipTcmufQvQJ8-xz1hr8naCKwkkhNMhPCgaNF5VdBKOz6F74IoxSp5MPznhrSUINjG4cSqEBNMx-QgD7cN8vj1A_ILLIkF1X8wHT_-DErj9TtRAucJoeAzXocLUiQUZNPOBfLYV1-HQmKvdZO-inrZhh6O9gLD8bordh-7RDdByhLke45NC3ufXAeirNAnu46eX69LivwVOzuu0G0Ky2bq6qJm-UaH7EEqbeQ==&xkcb=SoBZ6_M3jA5PJiAepj0FbzkdCdPP&camk=ethIe0s0hed5mhSVDYdqwA==&p=5&fvj=0&vjs=3
Associate Quality Engineer II,Optum,"Hyderabad, Telangana",https://in.indeed.com/pagead/clk?mo=r&ad=-6NYlbfkN0BWpgndjYL01xMr26yTqLCDFb3b3BUdaEwmMV3w6lpNxfdb7iEvGm0gmfmM0o9B9H-GrQWxwrGRS4U2T-6vQawir0qgg5EXKfZMLxN4wwdGNZH2OlbG292FDKfNPJf3gvuiLGFBCGh05BwCmhC3qHapmsaz51PBvE5kqD1kY7IWfLUf1rsJtYXkLAgFcywziHNtJzKH3TQ06XKBfIOLHU_EnglfiEqXD6hwg6UjDmbyILYxYOtQTACZaR3ooSpOkmpq6mamyWG5Deczt4yVuat3kPmkgVv3t-SMjNwJjnsK4Q98UGakP4XBifb3a0Y1ZMnDj4EKkJ55kvgPq1Qqg4e-7gqpnV84j9zqXgziUs98q893Z6xJt0OAPKMZZ9eB_df8rGsYPqhuOSWzpXs-O063ksJRgWX8-nYaUDYvm2cwVoVuWwj8jVDWvtiBi0ecu4dg7_GAFhgr4svD7u_kvzcOUqdFfCXv3uJrdtEpHMfdwnpTTgzOd9q7SQ5c6udHcYspRn2iJqjCZCVkIpQWL9E1KdWMqOMFtLUrItf9Q0OkDJhhg46cv9KvixbEe49ghsAE98PSi3aqqHLZ_bOt4_i2-BXpQ8QC2nsP1CMZ9eGnJTWBOH_f8yHiadfk1q6tDw-Be86S28dkSqDRIAzVP2GSS2Z6wbu1tWW2awjXNBdC5IgKd4sEoSMAwMmJbDZYU0Yu6t82hF2-kJtbVdtYjPQnztZwdpomu4PJ7iJ1ZjD5eu-0BWuYKnrTaFsr30wVvHeBZMHGv8VwT01_K0eBo7K3TA3JEjPvQ3dvGK1AM5dRJw==&xkcb=SoAS6_M3jA5L-WzCYp0NbzkdCdPP&camk=ethIe0s0hed5mhSVDYdqwA==&p=1&fvj=0&vjs=3
Associate Quality Engineer II,Optum,"Hyderabad, Telangana",https://in.indeed.com/viewjob?jk=0f1e2d3c4b5a6978
Associate Software Engineer II,Optum,"Noida, Uttar Pradesh",https://in.indeed.com/pagead/clk?mo=r&ad=-6NYlbfkN0BWpgndjYL01xMr26yTqLCDFb3b3BUdaEwmMV3w6lpNxfdb7iEvGm0gmfmM0o9B9H9-vYCdyBADKYJ2XcAGaHOr1FF7kmZBCarKynACEG5Vg-TAEwXruiDkq6uzhx4b3dh4aQsZhAfsaiFGiJt17pfS6erItOWVkCy4oSoDGSD0MSAHxKrj0UQuwBUJNg1vSEE1LDeBTu6fdMVrDdR3ex7-PyQFfRhGvWBd4W0V9VH22ZVpNB4Kg7ZRL5x-gOrKfn4vuiKElwnOFoLmlRq0I0kp_ivmBv6qGedhpma5vwiPOCOYQliA5QArCftv5kz4GYIfwpzfg3z6NT-a5eX2JFK57763RMbImmtgRj8u9ZO4O5hwQmerwp5eBA11xpxyD_FimM7NLVMLIeOy02e4EYs6XE0sSqLxUvV6IcCkiPyGA8YSJb4wSnkv5-L2no6WKU-iTJ6NJsKUlzc2YH_yhE7XSpLAVrMYvkCCFETx94BqctWuUwSkXc-wJPFIMTSgr1vBRbqBZyZ2YcCntfks1etOYvQ8PgzHrSLxSybtxGVuXIAVgTv_m7BNPG4VYNbPvhsx1_mkwjoDs2NRvL0RDO0DEGmh6g2K-SVvkzdd5pSSC4S6h6ygdKql9BvKOtjXE03upEkHeaJbMOWErgG-Gdk09HVrb1Nf31YJgp1Xw2mO8DRZOygmqlkfjDnnDofGV7id7WlvH6viNxaptiVGZFVeiOyc7gpoiR7h5n5x57hrefNrKY9kHLOu8IgpCEhFXJp-X4Lf1QzQ6eqEQo2Eeqxdp6T20mZheyy4UeX5-Wsd9A==&xkcb=SoB56_M3jA8Nk2zCTB0CbzkdCdPP&camk=ethIe0s0hed5mhSVDYdqwA==&p=9&fvj=0&vjs=3
Associate Software Engineer II,Optum,"Noida, Uttar Pradesh",https://in.indeed.com/pagead/clk?mo=r&ad=-6NYlbfkN0BWpgndjYL01xMr26yTqLCDFb3b3BUdaEwmMV3w6lpNxfdb7iEvGm0gmfmM0o9B9H9-vYCdyBADKYJ2XcAGaHOr1FF7kmZBCarKynACEG5Vg-TAEwXruiDkq6uzhx4b3dh4aQsZhAfsaiFGiJt17pfS6erItOWVkCy4oSoDGSD0MSAHxKrj0UQuwBUJNg1vSEE1LDeBTu6fdMVrDdR3ex7-PyQFfRhGvWBd4W0V9VH22ZVpNB4Kg7ZRL5x-gOrKfn4vuiKElwnOFoLmlRq0I0kp_ivmBv6qGedhpma5vwiPOCOYQliA5QArCftv5kz4GYIfwpzfg3z6NT-a5eX2JFK57763RMbImmtgRj8u9ZO4O5hwQmerwp5eBA11xpxyD_Hce9YE8ls_NFcbH17MztlajBO7qfQQbNIh-CQibkhab8EZJLnCOwSJsLUaTwUs3UCugXQrSPEt2NkN4sMKNTx4DZ_nxK8iMaMvzSwO-XTCDu3v14P_YiFET_dJNTo7_nrxgTyW5mlCzHfxwmsPE_1t09nbeZt0zL9ta4XOlLkziDiMQzoF7mZoXWmWBzPKBzDXiD7WlAGq6DvvBHkFuF-_UaNf8-rqWdtRQ3q9sag2xQmgk3INvetk9QMvhQHizbhT0cRnSBOdRpynsxeWtzQC-aIMLvcY3HLhVYn9pMiBO1cHFRMAMEvTgKtQ6eGMZnlzH58mmTu3q05-EvpVTz8JaMwRW7-v94x_VjLUbjjWlbYgMyavBx9Hfp1a-s7TbUWEdO7UezBt3p1L14rL9hbQ_DZfMU0-loDo1KZBZOKsaP72onMOg0JoSBNw2kH_SVw=&xkcb=SoDB6_M3jA70z6zCVh0HbzkdCdPP&camk=ethIe0s0hed5mhSVDYdqwA==&p=12&fvj=0&vjs=3
Associate Software Engineer II,Optum,"Noida, Uttar Pradesh",https://in.indeed.com/pagead/clk?mo=r&ad=-6NYlbfkN0BWpgndjYL01xMr26yTqLCDFb3b3BUdaEwmMV3w6lpNxfdb7iEvGm0gmfmM0o9B9H9-vYCdyBADKYJ2XcAGaHOr1FF7kmZBCarKynACEG5Vg-TAEwXruiDkq6uzhx4b3dh4aQsZhAfsaiFGiJt17pfS6erItOWVkCy4oSoDGSD0MSAHxKrj0UQuwBUJNg1vSEE1LDeBTu6fdMVrDdR3ex7-PyQFfRhGvWBd4W0V9VH22ZVpNB4Kg7ZRL5x-gOrKfn4vuiKElwnOFoLmlRq0I0kp_ivmBv6qGedhpma5vwiPOCOYQliA5QArCftv5kz4GYIfwpzfg3z6NT-a5eX2JFK57763RMbImmtgRj8u9ZO4O5hwQmerwp5eJ5m0NZl6Fd-W5spuMz9Q6eLmSny4pdFAFy9SgfGPkHOfZQh8lyb9W0tjuIqwoeG3s9ilqa0F-hx7KaPJXNs5Cfwpf3vMQS6O5arpWqqQmIzNPlBqtzIIusXw1eoTCTbUouYTrl-tfy3HCzYHhaxgqOnVIyRx0CtBotgUNr8xGlxClKIkJH4ydUHNRuj27e126sVOlAevlrGxsZh9UMbBFu-SgNHhh2ju_MGmDSEawaekYYvTuRoATgNwX-H4E6zvBoHHvk-Ru6TNZvlTTrDEUYTbA6tVRw--zA7BWZxfwPGh8XffELhncFQBd48S89tllkA-2Z5n8eHMs01iroGy1gAXl_7w0R3Ox1Vs_dOkQZArac3rYv1ASUS0kV2uwYPLDQcdP7IPT9de0BoKR7700C3cJr4n_gmhjagOvGWLRzziQOhC3Y1ZVQ==&xkcb=SoDH6_M3jA5ATfz4kB0KbzkdCdPP&camk=ethIe0s0hed5mhSVDYdqwA==&p=1&fvj=0&vjs=3
Associate Software Engineer II,Optum,"Noida, Uttar Pradesh",https://in.indeed.com/pagead/clk?mo=r&ad=-6NYlbfkN0BWpgndjYL01xMr26yTqLCDFb3b3BUdaEwmMV3w6lpNxfdb7iEvGm0gmfmM0o9B9H9-vYCdyBADKYJ2XcAGaHOr1FF7kmZBCarKynACEG5Vg-TAEwXruiDkq6uzhx4b3dh4aQsZhAfsaiFGiJt17pfS6erItOWVkCy4oSoDGSD0MSAHxKrj0UQuwBUJNg1vSEE1LDeBTu6fdMVrDdR3ex7-PyQFfRhGvWBd4W0V9VH22ZVpNB4Kg7ZRL5x-gOrKfn4vuiKElwnOFoLmlRq0I0kp_ivmBv6qGedhpma5vwiPOCOYQliA5QArCftv5kz4GYIfwpzfg3z6NT-a5eX2JFK57763RMbImmtgRj8u9ZO4O5hwQmerwp5eJ5m0NZl6Fd_dABV-5TI2bq67oiZanmDVgZ6mfhDQThiOBLvPy8-xmcf4KwZdQtRJwQ5qtM99BOzRC_BXcRPr7DFVHNLaOVimd1HYsi6gaNu-4ii-gxykH7O22X86EYRxiovkg1IcEeD7A0OSdoPqyBOa1Vr4VjQ9eRv9YayuM-jezQoK56ckKm0YtJXfcG3hj7QDl_eHXSPUSTPG-fDf_COtWUqE68p_0dpo8X_lh52PgfVqfXpMbicKXfI8dPIjjqe_bay0z-fC7oTo90zgMXX-b9mGyWZXue629jppHDmOh5x2jLd6Z4-ujHGEb2FMAVR81YGwo0cxRgrT3rII4VZbZdW8VEuvw3HZcbdpXxps0IIWdLK66KuNHgApUUQEPyI1Xv21B9XAqOu8-GVVYvpHiU3Mj57MQ6_Es0yUX_ShLU4yOZN4Qw==&xkcb=SoBZ6_M3jA5DXoTCT50IbzkdCdPP&camk=ethIe0s0hed5mhSVDYdqwA==&p=3&fvj=0&vjs=3
Associate Software Engineer II,Optum,"Noida, Uttar Pradesh",https://in.indeed.com/pagead/clk?mo=r&ad=-6NYlbfkN0BWpgndjYL01xMr26yTqLCDFb3b3BUdaEwmMV3w6lpNxfdb7iEvGm0gmfmM0o9B9H9-vYCdyBADKYJ2XcAGaHOr1FF7kmZBCarKynACEG5Vg-TAEwXruiDkq6uzhx4b3dh4aQsZhAfsaiFGiJt17pfS6erItOWVkCy4oSoDGSD0MSAHxKrj0UQuwBUJNg1vSEE1LDeBTu6fdMVrDdR3ex7-PyQFfRhGvWBd4W0V9VH22ZVpNB4Kg7ZRL5x-gOrKfn4vuiKElwnOFoLmlRq0I0kp_ivmBv6qGedhpma5vwiPOCOYQliA5QArCftv5kz4GYIfwpzfg3z6NT-a5eX2JFK57763RMbImmtgRj8u9ZO4O5hwQmerwp5edaDWw_hscdN8Qa-idVutLjVmex0BaZDm7sdOSHG_Jm6c0T3fOjMkIgdYg_4uCTXK6oYTpZ0dUGoHFWhHmBtqdvBK4FYnhV3UkC42ThzlWFtWzFBZ-3i2FrkDewPUelr66jH6vTkQhNaRI6REigBVTK6uahruTe9XRdXfscvLH33SUF5x9mVVoAPXQfE2RoczDyEcY6TzqfvS5oI3ANjASbRhugjFK8OBKjg1d68W3a1YflUR2t-g804CPSYEKcgLYfpolUOdHTAA4sES_TxhlkoORJrCs93sH13MwExeWgMNZL71gOGlrL481CS4WuoHXSLTku0L_eEX8MC2d3aTvtxN9ixxX6k1WHep7jZkXGPhJeLKD3XfFUyZsf_LU83i0nK-7QfQrclBLxtUQ3nrLHGJhHrcuHbRzR_v122mj3EspV2Vye9trWKq2rl1sqcT8jUZvmMhtl8=&xkcb=SoDi6_M3jAt9p9zCVh0GbzkdCdPP&camk=ethIe0s0hed5mhSVDYdqwA==&p=13&fvj=0&vjs=3
Associate Software Engineer II,Optum,"Noida, Uttar Pradesh",https://in.indeed.com/viewjob?jk=123456789abcdef0
"Associate Staff Engineer, Python",Nagarro,Remote,https://in.indeed.com/rc/clk?jk=0b288a5b61ab4f28&bb=voLhjhX8i-cbN2hWffYkQ0EU2WO0-P_obBvSHaOGxejIyq9Yzj3HqiDE9nKkfzCa9cziCYLYtE4je-DymLhVb6b0HV3DLIMxXOqa1hr5v9hjPGG2TUO-synuLE6k3tH2K1MVfRsWSMuFwp5yerG66w%3D%3D&xkcb=SoDn67M3jA8Kn4TCT50IbzkdCdPP&fccid=be57e01618911e92&vjs=3
BCG X APAC Talent Manager – X Delivery,Boston Consulting Group,"Gurugram, Haryana",https://in.indeed.com/pagead/clk?mo=r&ad=-6NYlbfkN0Ad1FFWZOsBBwBZDGouyCcICeLSd3pQct3wJ1q5dPO7JNFPcbpYQ1XC5RAnUtXyeXHEe0-exZdPYTC5Icl6HGtHR5lID0pzGR1VnUoTxnYkMyiv1_ckGVDlW3Oa3gODE9O_sa6xTLTNyCEMDJ6iHLHOAZkbYFMiQ_iISu76PAdmVNwTBrjLbJMC0KML1bOOUVUDZmRcVTMzyZirpUfKKANgdfHH3ncgC4BhgwjgSBOL7qSF3X9LtrsTeBWtrcqeiFiWJFEFjg5d55_nDsbS5r_FVvX2W22ASETgkOJLqXgaN7IcSBztndrDmCdC-GHpKNmwFmRsR925iZDGwbblrdaPDIfoICZPa-OEnAehPEdcs64RG4zOquw2U5VMnZN5NwJUx2IqT7xldOnn4gf9104X_4NgZzje37BhhOL8evOZcsLAnJjF0AW3v-sDQpBzDUrsSlPoaGnZBHlMtemWG3RO2BfX9gqWKQnezfueIRzz1KlF71fL4gJGUBDuFJx9Pb02SrxCWZTd2ddp61Uo0wtiPi9mBOHdKUfBFg0Ls1MxX4nJJVTb0IcfLfNV17E5bj0BFv4K1xWF88Q_n-iTtMtwsLSmUzccAa_LTxOWkRCYuP8-3rX8KDAO38wvN8vp-9VD6cToXUvBrGjP3EMNMdiIuyX6TP-iOVT6_ZGcDRzq2DGShTfTj3HQw1o_e6GLrqPPxpGFuiFUs92J937TSs6KsrWVKX288sSrJM5dlpebzNzYLqRw8K5H0osE_Q8hV_ZR4ptK7zyXJfo2WQ5Efzw70JwkWXz4VKWyecGH75SzCjTapRKpwinRrvaCfNryrDLtRHJpdfkUCeNOjY0ISCnYKaOcusJcaV2ZAs27ExhswOFgUlDb2RVtZl5c4BhyxznB5Ey3XB4Ymb8kqS4XGQ--PnsFmG9l52qc3YjS9Cu44X-38A8Sm4bg6MPFYrHO0Lfimzz-Nqmq0Ntc_CXexQ9FZKQnTIUttpyMPj9O-M2FeMg79XNQsgisFMaoVlFaGIOq-2vPjJyTIDC6P-6E80MYtZTw9O19_vPJa7qAcBrsk5LwWCqYLMDHSFNOfstxSw9BeMUfZvr6gbXbegO_WKdISwodWS_qIXySfDFq3KkEIOgJAQLi-4BPolXWkVDodcY8AW6mAnF3KocwCmef4C7v4WkNxVUkzo63DMPEj93CaQAQiqAXf2imZa569_HU7yvDs09J6ouu97BIVAdm1F2b5s5Sm4jZNHrr8jFIc6gblMcqXm_tZrdd-cd1jjQx7jJzxPLxDqwA-85mFmJ7uQuGL_BhWIXUCS_cLWQ6400h2JDpBDFdfW86nOiHMDcpB403x--ttPm0nN_B9Kht-EGfpc2v34mhnoG0uqwRAxaNmKgQF3sK-50XW-MySnd1P68v_6j3TiQOlyS3o75QOW-Zr-YE1ZSzZIA=&xkcb=SoDm6_M3jA5L-WzCYp0bbzkdCdPP&camk=C3EPSzFlQw8VN_uriDqgwg==&p=11&fvj=0&vjs=3
BI&A Analyst,Boston Consulting Group,"Gurugram, Haryana",https://in.indeed.com/pagead/clk?mo=r&ad=-6NYlbfkN0Ad1FFWZOsBBwBZDGouyCcICeLSd3pQct3wJ1q5dPO7JNFPcbpYQ1XC5RAnUtXyeXE5WF1nNn-RzTgn31f-_rEeMOcBdGNip-vctutSS2mrf3ivzyjuW1F-1Zx6UVMkD_Y172H5e-AOuQyMniLzL8SL-tRNAhaDE2sTzZAD7rY1S_hCMzEEsd33u_7PMsJA3Er-BVAkexxTFtAB5XUsGq2OaKQxvvllDnBzsRfJsTppeKQLJYciegnqdxgbG_XPiyPObk0_iRHhUdSWkL0vTEAPE-FGah5TXU2FotjhBoo2XmsWkcK0ctOYkrsUrZNEHLbal97tAavCVYrRIlVs0APSvDCTuONNOrxqo1JOwJbzC3AtiCEtTL0k5pnB7OClRuuSLA8d0ae8VQvoXTsk4VQ1ZsgeqP7zE_eiqjSbkxnelA8IVtyutl9ZkA_FCqNXSUbpwLaMCHAKDovmUXV9pYhzBOYe-96NzYtFuRZ5hPiN2a-wjrx2qFbWMpThQYbIKGstKjRIBruGtQY5Xu3bjkJciGnZiJXR-8G2dA9GMG4nBZeINg8RY8G_V7WNNqVR6em7NU5bNczRjGi-YnWjH8nj6IxEs3-OL0KgL6u8B5JfRMyBmLBXd2cyuBkUth6HX6LoBVSZdl1-vqua046FUz8mWxvJAqf51Ju4tlcD78or263I2HI-0zGmaEwx-lW5lhzNP_K_Uu9lxR8vragjIeXFSb2RGjyxTD6r4m75B2HFIWNmcti7qfazdM4Il7SxuVjHlCtkUGMN-9ek63yyi-6f3wJC98ZJ3CjGfwc1QdFruFrvrpy8468SbE0V8ZCVu9428OEew4LEB_D7nGaJsiTVaA7Np_WRsUKypKHwaG2kWyPS3_dpYsu8z6aEuy-L6PCnH-n820W_reH5AJWzjxSqTwFK-8YiSTuKsuWFAI-TsK_NhsdOs2l_jgPtxfsgpZYpV4HNL6VYioMAqHdQqzd8n658psjqhIb_VthhzV6A1X65tQkxmJLSa2g_0MyYZScFFbwWxu_wLWhXK4hP0cKJMpIssKpMtR6zNmyRH2NTuEczhPl25IyynZ4cZx_xRVY7lRIGPpHxv4Pc8etRMWcmDc_4xriblnDbjNQtGw6uSZJ7pnhRZiyHZ9FGeLYaDS9spv4NNaoCmJFxuorzF6W8YGyiZ-Ch0E8emWZfbHyvU9BK-Iw-Si4aShJz4SsnyuVvy0wsLipAqpOtQguzft2cjetOid1Y6U9xHrEwJq8MS5JMdc0Zr5NYCZWaSaybOjzJpvJIwOvwtja7FjfTAmmUWwAEbNxmO4iUjyWS3n1omHFtfk-fa2n3F107zLWzqVJMFfxJds9qCyMW-Cbaacj0lsZNAfQKoUCaPfg_yf6ahg==&xkcb=SoBG6_M3jAt6V5gepj0BbzkdCdPP&camk=C3EPSzFlQw8VN_uriDqgwg==&p=10&fvj=0&vjs=3
BI&A Analyst,Boston Consulting Group,"Gurugram, Haryana",https://in.indeed.com/pagead/clk?mo=r&ad=-6NYlbfkN0Ad1FFWZOsBBwBZDGouyCcICeLSd3pQct3wJ1q5dPO7JNFPcbpYQ1XC5RAnUtXyeXE5WF1nNn-RzTgn31f-_rEeMOcBdGNip-vctutSS2mrf3ivzyjuW1F-1Zx6UVMkD_Y172H5e-AOuQyMniLzL8SL-tRNAhaDE2u1_mGpbC703V0RS_2BWC097Fg9lrtzxql3KcIJc4z1gx1LwygE6H6L55Jz66vrOA7-YMpOnHygOegrCHReLKTlWlDwFgFWtQ_JBtg6HtK0qeFInz-C53x8yrIFv7_Q5ddJK5lFDQgZZjcj0tPVdPXOx9GuWdGZVmXp8g-tiFvxGhT07Qxx2wiFpfLNAeCrKen4NPwNrCpNy1jjNb9dPBRk4R6kZITF_bD_jtYlR1A3WTw6Ed3FdpMBgByaOAdbVtiZAeUCGh8BL0yaY-Gdf8mqJk8hBPganAxe3M8AZqC1pAOovP-7DWYenSe7Nu2sCefAPHdTKIcCDsX8BG-b_CsO-CC5_IWoN9c06jcCO76zThZuEMflluVXP6ZtfrpU5vkorAKIqji1n72kaSX6C7GUdzeS0pBQ2Cjr719XY-Nn0d9SAhWulFNNPRraotn0a8pufnNaJ06p-sHsAehmKpgvxr74MwWKRbkzNzBGsQRj-bHKwLdEGRDwVjAgSxzbQqSZe7ppcwCKnYVoP7OHXkwyfK0Wp1xpsJ9ZCVwfS5l72if94Te8wkKSi0tuEa6fvHRvKtjUqTefHCKtAh2t81bVaI1apbd1NGHiUPSY0N2NvV1JEJAhUM8Z3dS8rpUqFCmrUbgAsBgQGZKqGdVCaa-ChOiJXhEfH84rfn2UgiWE8flNejq5PqjvTn9ok-J38LVX5N62OgvaNHJiF1WosZkrfrBQybKpwYGaRvS9u3fowmtkoS4Q1sIgYfPq16g3kQrv7xIFhDtrOf-jANJSdsgt-gzi4vuoRycR3eRIVhmHS12TRSQYfigTq5I5uVUe_tucywb-sS4AP1BdAoQPsF1ZMNr3f4pBmDC1TMyh0lsmd5Wdz0G0MnSFUgyqBhrTUBK1pBIpStBC5_yo4A6jXfrqrXbXhQ4bBl6C7I5C7g0myUXkNCH78HI8JnUaOhKCKBZfjqALBf6C7BzpgX_ZjAWoc_7M8jWbv9XBgU1lvU97Mlt7Vg6GEGnWV-qxPt1QIN36ISzc6EUpNqDtcUg2ZDFykUvzBlV5TOxzv3DPAlgft_bdgYa4_DMMHx7v0oCxpfxzM19yJx1bB01lLKDF-RdoXvkkYdfuXty9l9CBMMhOztlPk4QHQwtAlULaPboeU7U-dffq9yaqxyAPupCSigVpzb5DrXvetvJGXsEX8pDdw6rWQPkLhmn2y4jNRvtBA-JWqTg1QD5mVQVV2WVegrBH&xkcb=SoDB6_M3jA7yTqTCYp0DbzkdCdPP&camk=C3EPSzFlQw8VN_uriDqgwg==&p=8&fvj=0&vjs=3
BI&A Analyst,Boston Consulting Group,"Gurugram, Haryana",https://in.indeed.com/pagead/clk?mo=r&ad=-6NYlbfkN0Ad1FFWZOsBBwBZDGouyCcICeLSd3pQct3wJ1q5dPO7JNFPcbpYQ1XCAHtAAJhKZCb9ay0NBADHjPv76jNBZtL3ebVohDJeDxwlMWiJQmJD3GBIugS47gJcW4am5BkfexgvzB671w-VKFEyzyJhADavBw9vuozy51hwC4VVEHyH7bl2o06KOmu2kC3rRC8yuT7i-9K5caq1zfciQqySbGlaWcIy2b9unbCkz0oSu8MTYhcgLz3pAX6XZuzoeNNVkhuHMwCkdXD_3rj3bRbUfbyxTu3IetvUmq7KvJ_XTzuPdeit0r0CIzhzIlqKUDV87WCBGFntPR9Ot51WYeD4uRuVbUaK4feGE6s87Ki3byaxoFGgIWSsBa6Li4MMvrLNsSlFuoEJl8mFeD_YXsRHp_rzGJa-axaeOyRzgeIa3Z2bQUUBxUBsNkhA8fXidtgDUaJZb9HxMW_bH34ElZA_E6HOa8gOxUJ1OWGHiTFMqxmZMxO7AxuGlIDjRbf82HJ9oqrdpZ56RR82jWz7V6_UaDPudNsULkzzvA8x3NKiBeGDt-mghCs7SPhviQhQcSJQ8vVTyyPEI8kophnJDdSZ7eYjzIPpo1OagmdKVHjx2zY_-StkYnPanwEY1IDJ0aeSBOR9Acc_XxFpH_b0nQkAqSJ8cLh-iORWW0DT7XKxOPYy2t7SuX5WZ-cHaXUJMEjgZ5_KPPywd_KI_jGtR_rXJvmSwKEodIfzjhkXEQUgOVPe9lQXL-zg_dU7tnzNsU5mSpp14IdNc6vLIt-x4C-La21LCkGwmYADm_i6Z76jgtka7k4UVivWSpF-5745mwf0rHktb-_8e3eAlsRsk_mmFLfZMvWHhbswqeKgjBN76FWfi9J_Byk76a8JNUrtbbZ4NY9VnMkKkHqTShW5eURH3Ra0OdrQUjSrfRsZdPQgEJccUO7WN-hjD7tA4Q0KqVslBSSB0E1AoYy9e4oAFAtR5eJNaeENfjaCdRf0bWWBGiXGwb7uiPBt5exrnFAdkWHFJz8t8PxVtVm2Antf-6Mj2m9CEF82hTc1ZfswZYTqPiu560IKnNJzMfI6au0w_Y7lxF-6MPHKXNpmUDEp_-nk4LkX2qbzRS8QRC96RU7LyIKA03H8xUIgcftSScQo8odMNecYa-GfwOG7x0f75REAEPDW4I79eo4gJsCkaaJYMHbaipHGtKpOqwDHQD-KnfOwoMc=&xkcb=SoCv6_M3jAt6V5gepj0ObzkdCdPP&camk=C3EPSzFlQw_yEGK4nS0jOw==&p=5&fvj=0&vjs=3
BI&A Analyst,Boston Consulting Group,"Gurugram, Haryana",https://in.indeed.com/pagead/clk?mo=r&ad=-6NYlbfkN0Ad1FFWZOsBBwBZDGouyCcICeLSd3pQct3wJ1q5dPO7JNFPcbpYQ1XCAHtAAJhKZCb9ay0NBADHjPv76jNBZtL3ebVohDJeDxwlMWiJQmJD3GBIugS47gJcW4am5BkfexgvzB671w-VKFEyzyJhADavBw9vuozy51iMd7lKtBqgEku66YL4X2-2dyeWgwu90NxewFw0uQp-k1v2r7g91lL8QxBN3WD4l_d6-1ZoKjbymdiFUFZ0qgGtNidbroXDIm98T1vpzbdv8XGwnR3MCqcTzoIDg9Agjy6crH2OIrquA779dldoWWcnWhB3scJhPmVHMx-nLv5DYd5xsmB5E_pWn8oPc550o6VZh7IsG4AX2G9J4tHJF5p961ikCMH2qgbvbYJYaqDTNUrBen3SCt97KYjjnFPTIWFLXzydT1_R90tdHUmgG7Vq97WqnhNqLS0Y1RRlaEOhX_gIDZZ7u-QAgJjaufXJRChQZ4IDmhlnMZe4F2G5R00CeK1ONFJbWGZEKsrNSoV5tC3iymw47L8LAHwgcZJEBbOPTmZqHs71FaKcTQNT6w1MyJR64GvGZlUr7YpeqiBBCJcqeX9GkjkEu02FDBUh68yJJDGHN1xB5onzzRt7LMO3jRIN9TQ9hAVjWVfpONsab3MmRbbeSONDyv7visi8eFU2TkSOERCZa9IsCnIsnHuGUraDTrLqdGyUmirK2PhLm4T_XZ7lQEnTwC2s5vJ40cRfJ9RiQI-1fwJwYQ7sXM9lWbd-dQcaPU_cmpDiweA_iYhAewOx6sVCOJxJ0H4z1SWwm_CJByn2VN7sFMqX-ijpnkjtqoAEan0sfMVApw4Ul3oYHhmNCE4sYnkLfQdAZ8U7CvCImY_4B-Y8RoB5PhgrXcJfSQ0dmKkkERW2q6l5xqE2T0AcQyPyX8b7jBORrXYPQi4vJfIe7TgivuKx_oEKI3UxhvrYgR6qQyPdUnSdeedWsgTbBcCsBOzOAu2F7k9Mib4dFok98zf3Io-8bF2oq6wmqfYU8FXkrlvCp0caQp0-qxVyrTxy81KQzL3dGiChuDTJnYe7BRxF5NNtWfvH7ekiY6gG9XJ3muW-oUrBH55RvvoU1ZEy2D7Wq9z6ffyP0G3GmYXhazEXIKaKSLamfsH_auOUIMqlaJTzbNy3o5Cp4z7NPYwnSeagRPAzYwPvgrNO6Js_fK1OeSsZoaCgHfNqqdIapKY=&xkcb=SoCc6_M3jA7yTqTCYp0NbzkdCdPP&camk=C3EPSzFlQw_yEGK4nS0jOw==&p=6&fvj=0&vjs=3
BI&A Senior Analyst,Boston Consulting Group,"Gurugram, Haryana",https://in.indeed.com/pagead/clk?mo=r&ad=-6NYlbfkN0Ad1FFWZOsBBwBZDGouyCcICeLSd3pQct3wJ1q5dPO7JNFPcbpYQ1XC5RAnUtXyeXHPZZnUp0B0K2xnLnSUaExmQMel5lSxKdHd52TBQ5KQWvSf0YGTT1sFKccS0jcbObPcXtQk_uv1_waa9Ahep1jzaWpj7tDSyigRU-MycezR8Ct9uVrOYt-N6X20PmXX6FDQTpdMJBrUeiueScvcfMnpxn7IHJPvJoEouueBhkY2HGwGdDX5TDz_Kmng5SUjeM4AhEPqW-WDBonjfcdIdOMIWXQXGLn61cIcSwhDoJKO8FFfPXJeA_dZVTa1jVqfZGq8R7B7Dshu0uBLpv8ehe-nKT0S2LNNSkyrk-d2e04nXCp6U0jpX-GM8hfzi8x1lwMl69neOezU0FiZQ5OvqOJ5EWXOxsY-zhi7et6F5sMK7POHX0QtKVrH9IGxg44JGLaJnbf5XjUnR1sHo7W85qdtKU1-fMGSSMEsaxUmBy2FLEp0ex-Q1eqJxzpfRe548mt4A-ik_95QjvrVhpnrcf2LGpOgzc-W7u91bpECjiZdHB4kYK5GHiFWnZIuqXbpKOvBKPnIMIdLbHivOkD8hMG-jrQuYXXMevsoJSVIaBdPknCwHcMDcK_RuS8p6dHB8CVeXPjIi-rnSpzQNzKHNkBaHyAtdh_TA5n23rlP1Ax5831Xy-3Oe4Z7UEgCjM8a1IJ72b53_2Xhk76aoEXzNietzs8cxCwMYzabOzQkvYijKF-KAP1Sg1Sq9lCRB-iT5GGjju-ByaMyUn8V548BJcHdv-UZ11jQtcMC4ryKIuQ1WQHTr6Eck5VZygX6lp69kI-HX5FWDmDWIkXlwszo8VA-JXZ8ccR3YFzP0YpFbvADOcJdAwK7je_cuVyPO9mp2-_SEGJd0fNUmmFP1MOxgZHsChNFD8F-izVQ0vTIjPlE0v3dGX7WvEQY77XZYI3u19KS_SVyB4zzSUiLPyfC9GyViS1GGbNSsnlywv2wHvutX54dnDkgQHQm1QNm2beJ6ybwEWh1dZ6vcoBDofDp2ZFbSMIAvbrsVR2PbQm1NCACebfjT9VWL7MdHePqLWgijBc3FzBU_ar9UehehvHpwX5p-EYxqjIOMcIeeb4RvZuF3yMiih60h1cERRJEUBetqb7UCmxtt5ZtonNAT-396nN08rh0BURrgUT3seBrfVKbLs15FA3Z_xx_oGfCp-P7ZXb7Jh-Efz8RFKw5qVhMtSN4otzGJt4Cm4cmXTrGEszpChWImryeCtkasnCaTY04CC4y3sDRBQA3nlP1rFMHrmS38eixKsAc-cJjOtH0NUqgd_MnWUoObFUAh5jYGeY8Z3m0f7mx64H-G7YvJDa0yzN-CL2Z16OKVslM0cogpW3DGMU6PO1CG_C_&xkcb=SoBw6_M3jA5PJiAepj0HbzkdCdPP&camk=C3EPSzFlQw8VN_uriDqgwg==&p=3&fvj=0&vjs=3
BI&A Senior Analyst,Boston Consulting Group,"Gurugram, Haryana",https://in.indeed.com/pagead/clk?mo=r&ad=-6NYlbfkN0Ad1FFWZOsBBwBZDGouyCcICeLSd3pQct3wJ1q5dPO7JNFPcbpYQ1XC5RAnUtXyeXHPZZnUp0B0K2xnLnSUaExmQMel5lSxKdHd52TBQ5KQWvSf0YGTT1sFKccS0jcbObPcXtQk_uv1_waa9Ahep1jzaWpj7tDSyiiI04jTKxCBd06uYOCKssjykGdkuD7S2ktXcgxc-VhKAqDsAAd_sqcCi1H6zhj6fL4BkWWMogfvaDga-K25_77s62O2EAmFLmOtLFicGTtqUMiszjHc46OBeQ6mFSeg2Ps4cQkrewMBZsucGomFflDQ8uVYnsvZ8Sg8y3HrwjiI6cmv2Rrf-UMwBI1dAO_b90OCEJ9uP2hvsW9PDsEf_fnezWWqGkiL0ZkRCGYLFOeOT2UAUaBwQcCB4Smh-TVFvUmhIXfRhgaHNcC2o-UTUMQnssRP8go8t1WQJ9FS9s9AhRtTz9DFxBJP_jzDHHiCKXg69z2J9Y9Mj7UADZXjVJf8LoNaQaKElfN8TgUCmBN5MkJNurML8KihQYCt9uCdhbvnXgQDn1a8Pt2LbAb2gnyVYf8ao-VnUqANgt0cAgldT87Rq8mBAW0lGYpIBHJSCFRAgwBzFfZczf9NOGtAKNaQYvCOElRMhY8i8M1GaqjQZsyKkUFd8VMq3J0qehn-pg-RRQj8z0D8-gD-Ker1ND-hI3BXDOS7RxWQlq3Pikq7swt_E0DgXlCuY4vB6ZS5kFmnaT2RDusMsEo04dxgFoIguwcDC6jpExgM9LcjdlCGtBQEBh4j63XzMFqAT3wN5MgxMIE08_75He_LIWY3W7ntFkLHLzgogVuKIMFsL6yabbYuEI6gPQnsd57lzyb4FVDZVaaQdB_1996ESP9m-Wpe5wUx5dOOpGoLUiTMuNJHMh0fvvsPexn7T17M16AR-b3O_Nzwe_jeXlHkIO5xV891IpqUodZNoWM-tnkjwYjNbtJa_q9BgYbBec-Y7uceYplSWzEClBKGE-53tuC_f9hcfH62j5k1dgp0O9uV8Vabgzh8JrY4PHQg7OQg9PSHtyCfut_ABipQsyW3ehPAl7NDUQfgGrPP0dOJoDd-M-LlpQ9Rih9qFqUHyV8bhpwQRtkEaSMsAvXxfW2cD8QCDJt7R1dBzQpk4dnRTlAJFfH9Jb0Enmh9FQM4CNlDEX-t5fug0JbS_Andgbwt0wBnNHS-i_qOoTfd0yfeyjxac2t4E-MYb2e8xiOrsGtqwvf--qk7WHm1b14nRr4919aV-Q5ofHTegjYdPDsfUA7EfyfPPUSxTs24RkM4gu0hogkqSu0DIhwODS9Rk3y10YXNu1tegARUOwZxXbKPYAYycNYJmItiXAZ8D7M0k2on4xCAu_CDhIre7CVLi6RcdsHhAsf5&xkcb=SoBq6_M3jA8Nk2zCTB0GbzkdCdPP&camk=C3EPSzFlQw8VN_uriDqgwg==&p=13&fvj=0&vjs=3
Bilingual Data Analyst - AI Trainer,DataAnnotation,"Remote in Jabalpur, Madhya Pradesh",https://in.indeed.com/pagead/clk?mo=r&ad=-6NYlbfkN0CnM4TERr6XuVBW3VTRACvDXDx9S3Pbn6a0SwhkmoLTiIZpxuUfjFtTLag-19gp2VTnaBQsgBaU_-tImXkB-yItbmgqXA26Gl8aDtqtBBhI3zz_tDcgdP9_qVNg4AWKTq24x1HysjRhI3CN-l_KZAvpwlf4m80zFCbosf6Uw4PFUXr6GGrWTD0RPJowFlsrV1MWFnSv-KuAa1QB7pb5pwAVABtqymU5ylHpTQeQ6BtmYcdMRsmjnL0IADVyaest48aipFAyR-H6s53sjLt5xol9CCG8wKAuWO7JfbjiFAWCEygI2VXAQmeT-dEpC_OPJ_5tomOQNnjNmb-fUIPZpmWwyHWr2JPbuOMqY_P-mk-6rSH7gFjNth1NATTsV5RXyzMGp_-BkVR0C9ptNUXVrgrachMpvx69tSEMsnkwujTSoHQIc_lWUntAWOy1k-NaDt-f3MB7HPyEm3IeENL9Ycr-1C4dlxjHQdZdDfURnN5qvOC1Tyt5quV4uq0fOuryEVEQnbcDqOEzdj_sIY9nwA7imxCMcPhdgTNg0STSWu1Nr73oZSQ0ov_EfVIEfXwO6t7qSL81nZGVQB6eCW2G9u2pIbVM0d8yRyL4-HGJA6jLX-rBmDRvFUB4IponOQKx68Sz0wruN0A5cWgvfSj_4vumnVfVdhXq-ZjujnPS3g6Cks8uDlMkalldZJW12gQiSbjtNAqeY1FvdmqZb1HFP6m6jFeOz7e3PtHJ1JN7onMpxRlH4R2Ip3mUr4ge1oiH0axYv30RKxXsCKcNF86yYf_ld0esUmUtpmSsYPv9DZiz3ocL8He4fZX-tXxhK2XFmX5cbsIumfYw-AsOj30GtTNQAUHEdiA5-azPzE_zaJlPkunlJnva-11q&xkcb=SoAh6_M3jAt6V5gepj0JbzkdCdPP&camk=UoKtGZLa3XL1xyg-IyhIjw==&p=2&fvj=0&vjs=3
Bilingual Data Analyst - AI Trainer,DataAnnotation,"Remote in Jabalpur, Madhya Pradesh",https://in.indeed.com/pagead/clk?mo=r&ad=-6NYlbfkN0CnM4TERr6XuVBW3VTRACvDXDx9S3Pbn6a0SwhkmoLTiIZpxuUfjFtTLag-19gp2VTnaBQsgBaU_-tImXkB-yItbmgqXA26Gl8aDtqtBBhI3zz_tDcgdP9_qVNg4AWKTq24x1HysjRhI3CN-l_KZAvpwlf4m80zFCbosf6Uw4PFUXr6GGrWTD0RPJowFlsrV1MWFnSv-KuAa8_wxEn_CWrQC-Qa8FVwvtQImBqJXPFQqy44Z9q5YGBcA8sa5Hsb7oLKAY_yCyHA3a7JcW86EuBea6tHxRdrp6oRp-3064MEz5jGysll2VfNxeqwsh1rJzUzAvD8at3xWCd1ynhWRYm2Lc8E0G42Vns7I1PCLehcH2X3vlCMXZJOoZQgUKdJp2nsHqwE86zv8XW2YC2wOdyU2msmnsXWUfSpFhy1HkLlwTkoUg6wUp1r9Wjk5WzBAzMvzkQaujlffO69HoAIDIYIp41YB3kc5O3QzJX_PmkZH4oCpsD2S_ztYGHRwFuzsMqoZo34OmvLlnEqpfCbHPhRJrV5oR9slX-wm0VCkMfJjYhVGOyD6I2R5S7vUT21WT2wyq5TOU1d0fCLEtKAt8DtTW13V9SjU2PhZcJWES4iDCKXCGc9hDvtmx1I6ObGoIO5jCvcLIlKdbaG9hvFeoQZoB7SeWAOMP_xBvPklmcF2c9TTspyz1yU2XvaTTv44oszNVIJmk7qPZyj4OPMRjqaQOVCk_mcPW3kBfv9bm0g3UVw9D0YBS-0wWIkYjsxn25C7C0fY9pMdDoCFGb_z3YwjK1KQpEgZ_mQToZpcyUW6VsloCfb89uIBzsPDUTjVZKhdRHFTvuVw3SQHqSDCdpLq0chIPtOeKVuU0ik0vjp2lT7UvtkJMa_&xkcb=SoAS6_M3jA7yTqTCYp0KbzkdCdPP&camk=UoKtGZLa3XL1xyg-IyhIjw==&p=1&fvj=0&vjs=3
Bilingual Web Developer - AI Trainer,DataAnnotation,Remote in Chhattisgarh,https://in.indeed.com/pagead/clk?mo=r&ad=-6NYlbfkN0CnM4TERr6XuVBW3VTRACvDXDx9S3Pbn6a0SwhkmoLTiIZpxuUfjFtTLag-19gp2VQ2sTaXnI1EyKsBvjCTL90qq8TKAyteTB76K9Kb5zyCmfUgNND63-9DJHaz-em0Y-TC4b8lJAqocB4F0y91MrkXVnzGioVici-px9TA7HVkC5-JaduWZmW-tlsrGqF5zvHX6LrpkeHa2JPKWJvWCAX0rmM8shG0CF__32HvPm8-axHd7nkRSm671EDjUlz2LlH_e7uTDp6sgY54YBL0_NCHYp1tO7uO1sYOKktDTOaW75N_NmlynBoC56g-WWvBT8_BBIDEpWkCNRl1wRMtD8L7lk8QaIkynFdmvwrCabIK1t13MpSFJm6Bk0Xog47DXmJ8wLHG_WHdDUX0MqP7spNDfrtFjP131ShXQuOGDKlSW6vIU9zsmGC41xEr2KPKcWbzSmoSu3gtBw_k8M1DqlOhfF-YldSwmpUGgyoasHjJmAcpbJMXoQv3DvMGOjw5xsKT66dwpybdWpowF1tfYlhobw0bAk2w5JY4RgWGvTDmHOOas-4cbOTHCwuHYEkO8GlFTSrjnoB7LfEdgyTqzrt2HxcUC9AUm8SvDiSPS5eBqo2I7t0vrh2q9EYoYu4PghaFwH7Jbx7BV4S_CPDQaSt4PVOXYSjcq-RldqiL3rbPJx63QDjUFPaGpJWVFK1bOxp6tydAF1nNvs6NoDLpmSM0dR81fVyl7B914Uw9_Ka_eRU4zrnX62AuZS37uCwJEsRSzPbjREg_Wb9lwG6yfbNtwBUK_zrVqB26eSEB9_Tuy_M61LLQTF5H-1o2K2IczM7EqIzepjnz9ExH2y9uTU3n03DZtbzM9p9SPpMOYBubkOp37aIf5o6WvxZrT-DowQ4=&xkcb=SoBO6_M3jA8BmlgfKb0MbzkdCdPP&camk=UoKtGZLa3XL1xyg-IyhIjw==&p=7&fvj=0&vjs=3
Bilingual Web Developer - AI Trainer,DataAnnotation,Remote in Chhattisgarh,https://in.indeed.com/pagead/clk?mo=r&ad=-6NYlbfkN0CnM4TERr6XuVBW3VTRACvDXDx9S3Pbn6a0SwhkmoLTiIZpxuUfjFtTLag-19gp2VQ2sTaXnI1EyKsBvjCTL90qq8TKAyteTB76K9Kb5zyCmfUgNND63-9DJHaz-em0Y-TC4b8lJAqocB4F0y91MrkXVnzGioVici-px9TA7HVkC5-JaduWZmW-tlsrGqF5zvHX6LrpkeHa2M4o7K6XzgGTpeZWAabGNbKHmQ29EaOsSyo1H1rY0DJeV5pqjWGVJTlvUZNvXb_c2577E4guLSBsQ58XKFJDB3QXDzLmjdN08bMUAjNzthoa3fCcOvrfOV3jSjIz7giUtqcPNGI4sYRe97quCA22YA8er4oBsfWWBc7jvDsUoFtdsRHOxhYg4dGiLQHMkE842wBfKdgZ9NCuqGzAgDnEgL3HEpGNVL1ZVDBE2A63b5iPo9tF7IoR7HFmqxLnY6eRBKlsV3E8uo4Et0Be4LVegvj16Es_V-rh7lUrQtbsYjEAor6lyorrsUi9InPMXLj8GLMKxqppxpDz9K34h5_qtFUK0yRZAqBA_21mPLUHQk_mfe4j4ah6bO4RCxyctRfnqdG0FLfTqI-l6icExm4afTkRkNZGN7GdsrF-eCzCUg0YJcJOGx6JOQfVYSGQ3Cr0Kajp0NN1SSPRGozbKV4fMf-cFoC1lmGjtutlXCX1oFyG5ti3I9SFKsulNyryMaWU00XMQxdxEJEFzGRWxfIYYL-CVkHPUKkCF2k2Uun9C3eAPIBuYze7gFPfUKDrjcGFx6D8D12mBTWTRdY0ksdjRZdWI_xxPHuDfInubjMDh4ngvzBE-nsVUshP8FvGldgXKGL_TXcf1bLmMXCX3PPX--7DKdRhXyUKtN4nHPSAfkjLTAGy8SEgF74=&xkcb=SoC_6_M3jAt08wz4kB0MbzkdCdPP&camk=UoKtGZLa3XL1xyg-IyhIjw==&p=7&fvj=0&vjs=3
Bilingual Web Developer - AI Trainer,DataAnnotation,"Remote in Roorkee, Uttarakhand",https://in.indeed.com/pagead/clk?mo=r&ad=-6NYlbfkN0CnM4TERr6XuVBW3VTRACvDXDx9S3Pbn6a0SwhkmoLTiIZpxuUfjFtTLag-19gp2VQ2sTaXnI1EyHJvVOOp0s3M9cqk5pXi3rxi3INZDoha6pTrCviSNSM-V3rt0H9edVvSYyeNx0PgKNHlAWj6R3sj9lLJrltCvFZOv4kDSocIvbgY1pwowua3m3kAveIwYntov68gAN5ZLa2w70xIzDbyptXSDZyx_ZhmsKA1v0-tlND_AMvXyRG078RdEwcCFWGFBotSX0mdYuScLTqcXe_z-MjT76QcSgrjPhqSA_UQGriki9osbkM6Nvo_wIWNxTNRK527x0UpSOlxW8TkKbej4sruOj4cdQrgCyNfcQyZcBxZWj-vtzN60E6GWvzMA12AgBIg6uXl4UQarvYMZ-jIVwEZWq6uFQNARZWIqn-cIylpKI4DY6BRdvOgGpeAqmRXuEz2rcXzZ4Zses-rM_WcHT9GQMAP_LowV4_iM5dtcd_EW_KotcOnvH3I82Zu5u9TfZ6hqoaI82Tg7VzoPzo47ik0VSZuNOBI1ORn_NdNC2PLtFMzgsCxdQxDqRzxpEJ6sm8cB2gCko4NeUgaOZuFjpiYgCJveFXWE5a1Pdkf1AxhgIvkqh7q6vdH2x-FjAJwnC2hP_qkTboON916iJ-ZZWkx_S3aDQ65UZSRLwcm_Mktno6n8Cu08Eoze0KuBNkz9jcW8wjE8f9nggm_8Tmzz-jM-2mujNADpK0hIYXzAdJK9iXLkmZnTDJwcT30j-lOXLqiIRmi1LrxnXGYTStC78JAH_j8jjK10WDJuBU8brWZPy4K8F2JfKU2odVGCSNDeqBqS8ZkB_Ju-X6epbYSkybYPcAG8UHr8t0WkfiXJGBIG6_pZInq&xkcb=SoAL6_M3jAt08wz4kB0NbzkdCdPP&camk=UoKtGZLa3XL1xyg-IyhIjw==&p=6&fvj=0&vjs=3
Bilingual Web Developer - AI Trainer,DataAnnotation,"Remote in Roorkee, Uttarakhand",https://in.indeed.com/pagead/clk?mo=r&ad=-6NYlbfkN0CnM4TERr6XuVBW3VTRACvDXDx9S3Pbn6a0SwhkmoLTiIZpxuUfjFtTLag-19gp2VQ2sTaXnI1EyHJvVOOp0s3M9cqk5pXi3rxi3INZDoha6pTrCviSNSM-V3rt0H9edVvSYyeNx0PgKNHlAWj6R3sj9lLJrltCvFZOv4kDSocIvbgY1pwowua3m3kAveIwYntov68gAN5ZLbK68XoYk3po7ctzSXJmr-OORvmyTlfLujjLE7FufL_7EiPrto-PBqTaqdZFs9v5m8MieDB4qKLdSN4pamfs_4_sjNo8zuo5gcxQbvJyS3oeDS75SR-0m5hr0tqw8XiJA2UYEkEM95sTC1_e3RYH3ZlKewRuCEmgCFPWJd2tQGhQsQCDWGCbz4oPlQW_vuM1MLqAdbnXAG4HIcKLKf1fMELPWGNXmcvxXxtTPJ44Be13SJ6g5HfHrr0Dp2K28InlDKYIc_9l5hM_JZfYAsPEjX8CCM7AoWT4cEEXIFuuXAffV9K44N1tPbRjwRB5c8jmWBbcSosTGYy2UxqgsSqewCuGRYJ1p0WD0qHU_Ob_6mcYd2CIVvwPMmUqIVhmHs8-D0IYm0z3Vc97mKhRVuPt2sYh0x-euSikqQgxg-PgK2ZPY2UNSKk9NZiLI_qT6h-xYI2hN3gWjNOIiBejykXteFOq0h6D4j7IaxaXd4KmV83nzwSKjp8VrG2QFtu4KRALY9Qc6vbHacn3pm7wcVz-PSNJ8T__YF3wcPR2VsXhwl7-kfKfkCLQCn-qvVjOhpsFCIU0gbo57n2L18vXeSEwGpxPLISDbr1m9rPonkyb1Rgjk-5KYJojpTRe2yZurgMuKqWm223FLQHlDUNiEjmH_n9KP9aW5Frhrox6l18VpuuJ&xkcb=SoD66_M3jA8BmlgfKb0NbzkdCdPP&camk=UoKtGZLa3XL1xyg-IyhIjw==&p=6&fvj=0&vjs=3
Bilingual Web Developer - AI Trainer,DataAnnotation,"Remote in Thane, Maharashtra",https://in.indeed.com/pagead/clk?mo=r&ad=-6NYlbfkN0CnM4TERr6XuVBW3VTRACvDXDx9S3Pbn6a0SwhkmoLTiIZpxuUfjFtTLag-19gp2VQ2sTaXnI1EyKghmCSaNGRWu-jdZ37nr2rd4M56XTquURnFMFGH-lSXyYvB0M3FEiSpRxydhXnTtdb6szGV0hKaZUDzTdCbyjlzAfKusW96WoQZsoU_ptCFoL_Q9MA7HcVhzQPA5UV44u2TLIrvnXJxf8PF3_pIPAlhfpZss_FIB_T7zMNFlB8K0jOa6AQnqW8j9VbJRsvMGwrv2HWiAT7Xa7t0T5DDTTP5GbkOPR6UrivqstC6ZUnTwIUmDh1vPkkjLerfGfnEvXQMwncIueldo6jxGz3ukRJwRoxufYsDLUlHW0vfae1cs9iU0GpI9wgaTB5RLlGg-dAx3RZuejEJqbPzjpb9h89jcyZ3r63pWCTon0k28EKZTA4rpMph1rZOWBifOza7_o3bPSm6Tp415SYLXydEeO0_v-UJCU8I5MQ98249Uk12DM_PqdLOE64V3Cvn9vLcSgcbSrhGhXxQM9cfhF5emVSiDzgJ80E87Zis-TbXtiRL5sPy67CuH9lzSAMmk18AwwiqMBtA836LMFKgg9IrxaeUMarWUs5LUFGQd_tZJoiezAyhXPk7Lx5iAjtXDtMR2fqCsmafQIrskT2Gx2kwdTFHKMBJg1PPyM50OTrzVm3dmmfrpOSbbdvf2baj6JqkXnYfzThGTg7vFfAiNd_qcyBaST-nV9D9JK6Gx2jasKNXmTRisyf6DnxwVqvs7C3k_rCus3taeRdIY13MrQP_XwRfE4GbVDkYXj6TFEkh2BltLKU3966NpvgO3joKaf2GoTyrwK1TbBf9dB8f12vJKIYmvXmBmh7aaIw1IaxoVF2o&xkcb=SoA66_M3jA8BmlgfKb0AbzkdCdPP&camk=UoKtGZLa3XL1xyg-IyhIjw==&p=11&fvj=0&vjs=3
Bilingual Web Developer - AI Trainer,DataAnnotation,"Remote in Varanasi, Uttar Pradesh",https://in.indeed.com/pagead/clk?mo=r&ad=-6NYlbfkN0CnM4TERr6XuVBW3VTRACvDXDx9S3Pbn6a0SwhkmoLTiIZpxuUfjFtTLag-19gp2VQ2sTaXnI1EyNnPCPjT8EoyhP8t2RLfPO--n7OgOFRibunvRAHGPNctYTS0SeKcwaCyjjfTztHDjdbPBVZX0Z6O5E12oA23FyC4-Msrbdllar0wQ9Rp8mRFyzoY_pOvDBCrzTNa6VFjy-SCWCcXaOyjbBVEyZd88N4GYba9IEVNcDIoBQONrLv9yLHgo0sGRC8GjouZb-kg63eQL6XaZ1NrS3mxRPrgL7xpyFiEGfwUq2hWdGzBD1YvkCVAKY_iz6SYccBoLZ06iv5aK-mz5gOF1niVU_xo0e59u1rEop4PyJfwUdbAKrst0nYanQva89IPgU69MeY3Hfi_4lOXIJl6puIT7G_UIEu32cs3n8v95GmgP7hfXkfm2PrJz_y9PWpq_GvEyVnbaTRdiyLOQ6NE9H3ANijPAjaZ8e1PmtwllBSKQBvrHc5iDrK-zi9rN1_KhEXsYjUKnfvdcFjzeoFuN4quDq-zObp1yEYQo99SUfX1ZKx4ElKTQ1t1J8uqoJr7Xb90_mmb_Pg-n5xtBUbUiXh1Y2PZ1F87hVhdRaTnPybM25vl6wyLRYbQKvZDIIU88dyCv7qDqsH6FldZWZGp8sJRCIlyQhND52VRiMA4_4LERdvp0xZiNjF3oFowVwRSbtQi2UoThvbTLsWl9z2uuSvrTVHur3pKz48PRBkeIaxzJEiImstrgkAqrAIetq7tZonUUOwW4HSN5DTL0XZDmRUP8DvEtGdc2lUBYGM94hLJjCTexGcozEVYpfIzLtOKYkTPjHUhGnGe8fhzKTqjcbkECE1bHJMIWZTJttr_8QuJ3pEmUDEbco5yNldvUuw=&xkcb=SoCn6_M3jA8BmlgfKb0DbzkdCdPP&camk=UoKtGZLa3XL1xyg-IyhIjw==&p=8&fvj=0&vjs=3
Bilingual Web Developer - AI Trainer,DataAnnotation,"Remote in Varanasi, Uttar Pradesh",https://in.indeed.com/pagead/clk?mo=r&ad=-6NYlbfkN0CnM4TERr6XuVBW3VTRACvDXDx9S3Pbn6a0SwhkmoLTiIZpxuUfjFtTLag-19gp2VQ2sTaXnI1EyNnPCPjT8EoyhP8t2RLfPO--n7OgOFRibunvRAHGPNctYTS0SeKcwaCyjjfTztHDjdbPBVZX0Z6O5E12oA23FyC4-Msrbdllar0wQ9Rp8mRFyzoY_pOvDBCrzTNa6VFjy4NlVwRbvySKxCp5FY0Y8Z58IB019TAGt5DUMOYv8OB5LvDVKQj0FdUoABQCvS659VXQOtygeSJn580gs8gJA-QNN4yHkjDfuF014hae5Kif_Pefgy5HBu4-wFwbSHK1TdiMZ66MIfjkI-Y3uqAUR4rvwfE28-Ux71b8Hni_aHYZE7XKF9D9pPk8yRJu4X2YL4A027ixIG9p1oDJw31RVCGVXV937j9O-ZdHi_N58mrCEmFeS916P9H9K9rFteumLFnnBV0jUK3B3NSOJHuXOqmO5VKIOzoXdPCYaiVIE76oWlbMqWVqPx_itcGqxsTMwgoxz-UnDf5oKvG-lMuZ1VwVLDWtuhNmONFXQD60fMDxSLo_i9Q74yO_uua0ozO8_ch6fJjv1BIi1bMh0eeOwWwpAwlKKBV936pg0fxBQgYK943uV5xwhteyNcgFOZ2DjoSbt37stCgykhkaZ6uxVTh7rm73MVxNOCGVFqiQajASjhDjRlWC3g9uADvSXKHsZHiBjRF1uHAhYDC_rDF9nsqegPZkr6RzGv_qrVGzPpLKvnveGkJzzhm4_ZZ9-31jNwzNnRVvC8T1UdSr4TSqcK66SjGhzTiFJHnARTUOSFphwH8bc5ON2ibP6asILKQDCCaxKdhnq_aukxnxo464B8_zj-sdlpYo5NvfFHZQHgtG&xkcb=SoDi6_M3jAt08wz4kB0CbzkdCdPP&camk=UoKtGZLa3XL1xyg-IyhIjw==&p=9&fvj=0&vjs=3
Business Analyst,Arena Investors I Quaestor Advisors,"Hybrid work in Bengaluru, Karnataka",https://in.indeed.com/rc/clk?jk=07d8090e4b5c7983&bb=5LdSzjLh-sEf42RDobrYTNpB3TadDCmEMa4PCbBtVWHL4adZlpBI4vYHuLa1Yvef1V7vcSHgGIvQW2A0KTLMpHFuX8RIknt1F6ijNgcJE78MlqsIIFCXfRkO9dJq8ZYQ4gEs-RhQF7xPSAHHF7acTg%3D%3D&xkcb=SoCK67M3jA8P8iAfKb0BbzkdCdPP&fccid=854009564fb42a7b&vjs=3
Data & AI Compliance Analytics Engineer,Booking Holdings,"Bengaluru, Karnataka",https://in.indeed.com/pagead/clk?mo=r&ad=-6NYlbfkN0Asx0rKiHSXymkO8slWtT2xWkY1-oduHI0IsT-7aqdY0OCwOFuYw35h6PYkRa7j_YP08ywsBtsYiu_dV2nlsnV3Ek7t2lvflJFIBixrqCPCkmOrmsxwXQFGxfhs-1FdCvfmdoPgK8P2_MulskqldHmAAjjDDRlZhSBgDImH7UzXVFLI-b8qXjPuEiqyGyDZ4vEfDWq9VuFGyhORTmwZxT1bg-Pt5YINQ4BlC-oW9sbbVajdA7XtE4tnmfUHOQU_jM3z8OU5OrgdfhT3QKCrBrRRT6_Lzv_m_eeU-XgMag066KNtyfMtHcYSsBJ5uVrbwdumhAjyrmY_9vzxEEO_VsylYMm0VpvnuwxzdEWnHFAIN8U_44VsGBLy8yroorNhcPLBYtWx3baaPU58TOjwn_PYu_CG5Rex9bivT_zo8ZQdkG9lBDgkLqfPfLERk98nw30fQDlciJTkQCbMYNmepjA_mBnLbyyH6CIoDS2jcUEOBbaTRViqcsMvqBAE-5TE9F-shagTjM40J2K41v2nJt5a_-Jxh18jADcBuasnrlvM2DiGVaTRl_526eDG0mOhCUYjuIsr5_cxEgqpxSWvERZirbFVGLHLk5zdhDeMikPekdi6gumY_SaR5h803UML8TCkCjvIrGNl6izsqgzK6v2BMLa7LLzfmVxiDFI89cN756GblStUPwelcnsKqLSRCauY-ks2xGvkLBxDOWl3hITjc1aBU3E8UaXz66rqRPq8lPyiGmJ3geumdpz5b_wrNDqh4iixtJDt5XO91TqSqtnjU7jMz2zupo9m-mHbFOcBrGu3g0F57vK5l7uMk56p6SIRDM3L1Ol-mpQnHsVztOOsHrveeziRj8ffSCJYoAU_ushi8nnA5Zicg7RP45cd8rja-0OqK2JDEa6AEIJ1KuSc&xkcb=SoBW6_M3jAt08wz4kB0DbzkdCdPP&camk=C3EPSzFlQw_ZGffWIKGdrQ==&p=8&fvj=0&vjs=3
Data & AI Compliance Analytics Engineer,Booking Holdings,"Bengaluru, Karnataka",https://in.indeed.com/pagead/clk?mo=r&ad=-6NYlbfkN0Asx0rKiHSXymkO8slWtT2xWkY1-oduHI0IsT-7aqdY0OCwOFuYw35h6PYkRa7j_YP08ywsBtsYiu_dV2nlsnV3Ek7t2lvflJFIBixrqCPCkmOrmsxwXQFGxfhs-1FdCvfmdoPgK8P2_MulskqldHmAAjjDDRlZhSBgDImH7UzXVFLI-b8qXjPuEiqyGyDZ4vEfDWq9VuFGylBdEOaravo1nDCk6E4nR36dAHfDJjeDvwhpkX2lHAbXUyBQcP0aLyYoB6sqAQ31pvbm1QGBtjL9FXh4AGCA5lo8vDg3mthOK8kCMhdW-1pJh695ydTJfYrl9Zm3M5h3p_qa6zWcwvrLKczmqisjO3xy70w0ujoB6fWMv-fQL8wUKDrfk780m0IbqFq0oEg5DHlcF_V1nn9P7MCIa1x1JAaDb79IdN2DG0EXJTWuqTWL9DvROdGGUUhBkazTqY3YmwL5d5MoMdyqeWxL7-FcKBk-NxzcAMLUzGt0ET57TCR7kD6XyYOED3HytvQI5Msmeb6CXE6kR-N0ZbsGgadP8yi3_zuIjZoohWoAMaQuek_9ex2YU5zDQ04DiVYWuX9-r21giUbq0J3rB09gRnQffS0_YbZ0KAMn03dc1jd3y6xgvgxopfplWS3gS_vaMlCm9wGUyVyPveGdYesTvwV_U6NmkUtQxz1ocx3NHe84LA1VYHXvYBrUOfLNdl2ZQfBILd74ZjWE6Qfuvgo3vfYLXZRVji1td0Jn72c9C57hxDC9I6HTsInpasEhJ37sp7RqdAO9y0IyJE3jjmtLkP1xnl_Ynegp1QuWZjhgHoHdxkRDdPUsc-m8u-VhApA2biDlIGTEjg_WqZpFwA_yxxhLU6TIpNizjI3VSWcPE9TuhRziykoQqhDGslC0V5Ho1abTUFU7IGWSk2rhdktQiEKIP4Y=&xkcb=SoBY6_M3jA76IvTCVh0NbzkdCdPP&camk=C3EPSzFlQw_ZGffWIKGdrQ==&p=6&fvj=0&vjs=3
Data & AI Compliance Analytics Engineer,Booking Holdings,"Bengaluru, Karnataka",https://in.indeed.com/pagead/clk?mo=r&ad=-6NYlbfkN0Asx0rKiHSXymkO8slWtT2xWkY1-oduHI0IsT-7aqdY0OCwOFuYw35h6PYkRa7j_YP08ywsBtsYiu_dV2nlsnV3Ek7t2lvflJFIBixrqCPCkmOrmsxwXQFGxfhs-1FdCvfmdoPgK8P2_MulskqldHmAAjjDDRlZhSBgDImH7UzXVFLI-b8qXjPuEiqyGyDZ4vEfDWq9VuFGysDecs9wqHtb1nkSKOD0amgM_fBz8w-hbCYYpP0ucsg3oQLSk6K8yBtH2Jks4ASQ0kn6Zvos_5EBKFjx5pIA_MehgrtHlWCoKXqUCPApM2upnSoFTf5EObU_OxrcEVhCVrvWGpc8gSV-vtXA0pscAKt3Pz90RvL-ObJAY7Wydiiv-Qna56anww58BN6EyKzjRiKOOqjbK3RkfpGII_zbYr9yRIenCahslGvkSgkoLe6lnA_MZg2HZnc771kAQ4CQ9CFmOpvHNj9BVNeTXTkRNWE9PuAZnVz5MpySiz3DQdm_aWnx3fKQ55K62FJG7LXYV3zFvhiF0C7-pNchai6iO7iyfU-sd05SMiVFQRGhO_yy1efSLWZVATOmvFgsWKUI-0tXepyzb8lbzhVrsjnxMbeiRlIrwFqBohC_f-QJfsccz-ee3onRsiD-XFEJHH-kimX28TQ-3XTcfl8vMTp1wRY-6TBpV6KQJdidzTpaar2UTCCif4emFrzzOdU0m6Imw96JnqLevN1MkE6yTy8ZCYhw5eBuRXqidQxtYbO3qm4L71O0wTB9QKU0AyU3zQ0i4ifaX5pyEdyAThSltDlqgGhGSiZFb05iAOR4kP6NTipvtnAqB6ErqVulbs9b8-wQLqnLv1jEQ5bQvuLO-t0vAWiXPDK7JsCKTKlb3-d6gBkL20YKqHVZ7f7xsuBG-XhInjVtudcM_S3YleHx457IhPY=&xkcb=SoAY6_M3jAt9p9zCVh0NbzkdCdPP&camk=C3EPSzFlQw_ZGffWIKGdrQ==&p=6&fvj=0&vjs=3
Data & AI Compliance Analytics Engineer,Booking Holdings,"Bengaluru, Karnataka",https://in.indeed.com/pagead/clk?mo=r&ad=-6NYlbfkN0Asx0rKiHSXymkO8slWtT2xWkY1-oduHI0IsT-7aqdY0OCwOFuYw35h6PYkRa7j_YP08ywsBtsYiu_dV2nlsnV3Ek7t2lvflJFIBixrqCPCkmOrmsxwXQFGxfhs-1FdCvfmdoPgK8P2_MulskqldHmAAjjDDRlZhSBgDImH7UzXVFLI-b8qXjPuEiqyGyDZ4vEfDWq9VuFGytHTcDm7Skwc7kZmYUr9V8e_antjdn8_AymAjebO9VGNcU17KKxM0WToAfqOtcE5ewmouadSL8CncvC3UIOi1dGraQ1QohIagBgGA7BJwpi9yPJR8P76BUO2GgzL56jQ6XHiPQ9UO7ayPtwKsNenjzMMwcICoxFCI_QekLGli-iM3HAVneGrK4e_2fuvvEa6g71EsLfSWymKDJTrOdm_Mb0PnVmcZHxa3LG-W3rzyJWavqiVCZogrTUzSYN7FBx4s3nmDnj4BxHud5GNg4sZpJsLLfa-WECs5o2Jp8pNVizsw38tpRdDqRXYSNuqFVn_0SqPH7idDVh3rH3f1aFRwvpALrA3NkSJe7Fb_uPT_D-M0GQ4WBhNPmK3YVuGVTB0o7JVPAKDceRGYM6S1qPDYQh2WqsQ3KEiR8Fq4sgnyPPdDZo7OnUSgRlCa2_0oFqjwlI7-OGVmqaPuBAGdsNZR8TklgN8G-Qze16hVd8qaTzmnb-XAe6FFJqq2aK1mCxckKr72tFgp13Izog0w86QSA_rPl1jhMhyQuJsYJDDcVwDK61_zmS_MUfajK4bgzWsxiVGslzm8c4knKVCNxCu8vOoa_g6x164dG7J7WFQAP30LzIJRsJcVY_dNV67t8JqFdRH-e6Bars00APkwiPQBaw2qERGq0I8q-pDwgwuMiIwNMhcgTqVKmbGkC3MjXv0fA==&xkcb=SoAT6_M3jA8BmlgfKb0CbzkdCdPP&camk=C3EPSzFlQw_ZGffWIKGdrQ==&p=9&fvj=0&vjs=3
Data Analyst,Amrita University,"Kollam, Kerala",https://in.indeed.com/rc/clk?jk=fe48284d63095208&bb=5LdSzjLh-sEf42RDobrYTAtJp1rHQXthWa50T_110F1MqOzjfExyitp5plsEsrYqRyPFNE0HTdgnsp22CWNUb94kR4nlFbKZLOgwniJGtfQx5MyvFvOEKneaGSVyqr9-keFOcuPM_7ia7jyVrbrnng%3D%3D&xkcb=SoD-67M3jA8P8iAfKb0NbzkdCdPP&fccid=db09a741a4a8813b&vjs=3
Data Analyst,Barracuda Networks Inc.,"Bengaluru, Karnataka",https://in.indeed.com/rc/clk?jk=199ad34a31463486&bb=sY-jKvE427EO4lmELdn6I5b2576yURblrLzYBwitq16Wr-s-AkgztdYGqoNpk8jA-vVZMqwhRynekw4IxPZbVsg1apk2rCUGMgKOcdBrV2RMYCSkLFfv31df5nWXMbCDDnP5AR0S8Io1BE8d1UaRRA%3D%3D&xkcb=SoBB67M3jA7yTqTCYp0PbzkdCdPP&fccid=d3a7adea49ff772d&vjs=3
Data Analyst,ComCap Holdings LLC,Remote in Delhi,https://in.indeed.com/rc/clk?jk=02f046090fddda9f&bb=5LdSzjLh-sEf42RDobrYTObYxsoexrTiidxQ5-Khv03Z4y0lOpoc_OPQ0Zphub_Kmd7UU3EaVWCTgy3MVboyzCjcMysXY1AqZ05oOzOLqTHffuS1U8niMcxzYCRgeHMUGmPnumaVidEuVwg9_GUY0Q%3D%3D&xkcb=SoBZ67M3jA8P8iAfKb0IbzkdCdPP&fccid=ac89ad25eff634d1&vjs=3
Data Analyst,EXL Service,"Gurugram, Haryana",https://in.indeed.com/rc/clk?jk=15ec733a94588e6b&bb=L6Hu6M8wypOrm9Tltg7klewO26t7FfudyQmpTFQz48TQebYSHyXlBG-FOeQzxatGshBSQ84P6RanQXRQDFAhMLNKqwA7VWuSr1KJxYjA6R5COplbmI42PV2YQe1XpgovDZLvpcN8vhraHcded7sYkQ%3D%3D&xkcb=SoD867M3jAt6V5gepj0LbzkdCdPP&fccid=b315edd2cc6dfcb8&vjs=3
Data Analyst,EXL Service,"Gurugram, Haryana",https://in.indeed.com/rc/clk?jk=15ec733a94588e6b&bb=sY-jKvE427EO4lmELdn6I76aQNJ6Dfk93zzlp6Xz8pxfWUvyC6WPwtryK8tNMGfM4yx1NPZKOQcDcGrarJ-tHsIMUfh7Slj1UHTGnCqFwm7S8QNObp71JUj-IBo40zSw737GMHjUtjsa9LMENUDS6Q%3D%3D&xkcb=SoBS67M3jA7yTqTCYp0LbzkdCdPP&fccid=b315edd2cc6dfcb8&vjs=3
Data Analyst,Garuda Aerospace,"Bengaluru, Karnataka",https://in.indeed.com/rc/clk?jk=f9fe7c953307938e&bb=sY-jKvE427EO4lmELdn6Iw_jJ7vLdGbFKHPURj2xq_44wMeJP5_KEoccCjklrcf61uLMx_cZk9WlDEi7ZhYCcjqiPLF2l0oTUZ9K6qrdxzwCsCxKRnMoNEfqzCN86VRybz89NGEjDLIYQ72fONAN7w%3D%3D&xkcb=SoD167M3jA7yTqTCYp0ObzkdCdPP&fccid=0ac8f7aee221fd49&vjs=3
Data Analyst,"Magus Infotech India Pvt. Ltd.,","Navi Mumbai, Maharashtra",https://in.indeed.com/rc/clk?jk=b8c8135944e18334&bb=IKUxRjk5lJd2jbBZvj7fbuSWDSsvnVXJ4N7OjXFBESXbEoomDNAAhlOIZfNu0yvAlUmObZIN6BLu04PN7PteB3KekRYX3cy_Rsce3A1afOBvzzPYseVCpuwuOuKRAAp2inmsTdExNQLar_tWa1jNaw%3D%3D&xkcb=SoBN67M3jA8Nk2zCTB0PbzkdCdPP&fccid=d92b5100c3b3dfa2&cmp=Magus-Infotech-India-Pvt.-Ltd.%2C&ti=Data+Analyst&vjs=3
Data Analyst,Sadup Softech,"Husainpur Tarai, Uttar Pradesh",https://in.indeed.com/rc/clk?jk=5d8e9311fe2e9360&bb=5LdSzjLh-sEf42RDobrYTIqk9Tt8SLsKp_GhpN1KPwLckNa6wOtAvGbq4z4NFT9lKwLiDJdGkkaX2OemWLoqKvMwkGmTYiX_c26NHh0ulxuRseI43LvOoUl-6Q3AqZR4D_h3BgLUfhVyXkZ9e8AquA%3D%3D&xkcb=SoDX67M3jA8P8iAfKb0PbzkdCdPP&fccid=20e96350317d4d84&vjs=3
Data Analyst (AI-Integrated),Magnon Group,"Noida Sector 62, Noida, Uttar Pradesh",https://in.indeed.com/rc/clk?jk=86fc336fedcee0c4&bb=5LdSzjLh-sEf42RDobrYTId6GlaQArPpGND2pIjn0oT6yw_a66d36ANlFRJgLxKZnjTFpk4KjvzyEXjgOV9Plb5jW8Q_LE4Y3-4U38bq6USwrzmaNkCuORkMa1HRsPmkVI7CB_oNIw7rxsMm3NAv9w%3D%3D&xkcb=SoBj67M3jA8P8iAfKb0ObzkdCdPP&fccid=337882a14406b61f&cmp=Magnon-Group&ti=Data+Analyst&vjs=3
Data Analyst - AI Trainer,DataAnnotation,"Remote in Mumbai, Maharashtra",https://in.indeed.com/pagead/clk?mo=r&ad=-6NYlbfkN0CnM4TERr6XuVBW3VTRACvDXDx9S3Pbn6a0SwhkmoLTiIZpxuUfjFtTLag-19gp2VTnaBQsgBaU__-Q3wAlaKZd3F_mbmv_XOVq-iv4YjjW4qgE8yqJKZ4ri9AsGKmGV8x3PMe-4jvzRVtbNgD5zgRTUa9KgV8UlcUxhPlvheXOiQc5ScyvR7V3FmwhqUzxGowGSdVORDe1wFQkUuZ50PT63ygw4_tdMpJ17SeEdNziqOsd5glwR1ykzEKDjR6hRhq3x0N9P7QxQcemoEJNhVXb_l8ISQpEJuW9f4Qnkz9ARPMz0I-BE-UTc2Y97mhBWSjPEErxGWsbiHq-uJVnLgKI6OHuqbaM3MfY4uALlFkjsq7d4HwCjLwba9fn3PGH0JT_8vFDd9-5gflx0epINiIPYsn24GRdNpb4tNVNCso0tgVQmRm9cWdoWOqa7rs6AFHO9VqSieAnL31K8RVzioLX-dKm6DxAATco8e56UevYQkWVjWvP15LmOKlEsKesGFPKXAXC6WjWXDaJVPui7VeHYH4RDJOqHu4CCsC9pRKA78iijgckmQIAW_WvaxSZv__MKvDbAbRlf2qSNHKafDshv3FnxpND73m0BDWtMxsbaYuH6lTLOn2omU6XElSaiLse1-rQWsJCCsOckCnUe7MPFtUW5cLsvQUudCoWocdivfHrEjMSzeRDvHW9orWSwrh3qC3-psTopb488k9eK3yMikKY9EtS08399telQqfZME8VwLpyed5UrKI1QUgv-AfVyik_A_CAt33uq1kwqsANZbJRfj3QFmI8hZNSwJxHOg7BOCZUiw6RRGyykWnaKe0lAQ1xkM5AdWZm924F9yIvl4cv5m6QMIMzyEn2nfscJQ==&xkcb=SoCP6_M3jA7yTqTCYp0JbzkdCdPP&camk=UoKtGZLa3XL1xyg-IyhIjw==&p=2&fvj=0&vjs=3
Data Analyst - AI Trainer,DataAnnotation,"Remote in Mumbai, Maharashtra",https://in.indeed.com/pagead/clk?mo=r&ad=-6NYlbfkN0CnM4TERr6XuVBW3VTRACvDXDx9S3Pbn6a0SwhkmoLTiIZpxuUfjFtTLag-19gp2VTnaBQsgBaU__-Q3wAlaKZd3F_mbmv_XOVq-iv4YjjW4qgE8yqJKZ4ri9AsGKmGV8x3PMe-4jvzRVtbNgD5zgRTUa9KgV8UlcUxhPlvheXOiQc5ScyvR7V3FmwhqUzxGowGSdVORDe1wNS0rr1-oxDuTZu1kFft2bbN97SBLVpUfw8ygw2sOb2dBR2Bw49KqmB-94zNKTr-3QA7NZY6niNgr-kO_aal_QwHtlCivBP0PJXY2mFxlvfEo5LIwL1NqzWDIHbsvH9jar8C8Ao35MpzoNdlTOLSwU-C-WOfDucZPZt5r69q6PTd6NxlvrYoVTX5W-0aSsGIUEEg4qYuxSP_DOc0FPfhLVwId_iFG8hPLfLpka72zKVVETZ-x5rpkmUBAcFH9yLt3a3U912eTbqeJubd8bG5odf6DDF-U9S4TfGTGPvzh8v3ak2n5bCpPwVx2VYSmUJWYsoqmzCanXKM7juvaDszIz8O_IbspFx5fPCQXKQu9fwIzk4QXQ_uNo2nbRj0D1OndglrS_w3Hj0BlFipI9gaFHD2o6tovkTpKPGCYSluOsSIMF0PwCFzreNmctMCUlDHxueNzZNGkUYOUjq3-xkQU57zt_St25GLsOizg3-BbG3PHvY5N7JJrM8MZ0lFhUnsqZNl3sV517ByTZuQYmwZaxmEVY051AP_XH1YhAN70aMQZHgrb_pX2BxDQmHmzsP16DjOnUe9QsISkuE1HEUjCV-GshQPPB9pI3ysNejXBl90XRXMFBD9TdUKQ0KKCpndNG8EaEi7Os1kIGZ1GENksdalMU9Tx6hPTw==&xkcb=SoC86_M3jAt6V5gepj0KbzkdCdPP&camk=UoKtGZLa3XL1xyg-IyhIjw==&p=1&fvj=0&vjs=3
Data Analyst - SQL + Power BI / Python,Triedge Solutions,"Bhopal, Madhya Pradesh",https://in.indeed.com/rc/clk?jk=ac2d6544495fae66&bb=5LdSzjLh-sEf42RDobrYTOgSQfy-A6sTc5q2RUmJhc0KIUIKuBZ5Vlw4mHP4g8ICpUN1EmPa7CnPKBPOkulzhEY_2yEwGI-uhid_wsqa9Fkb982Wx6BVsr7Cb5hK27I9cgd6MAEQv5lTAAokqD0VtQ%3D%3D&xkcb=SoAE67M3jA8P8iAfKb0GbzkdCdPP&fccid=e4ce58d5b089e8bd&cmp=TriEdge-Solutions&ti=Data+Analyst&vjs=3
Data Analyst - SQL + Power BI / Python,Triedge Solutions,"Bhopal, Madhya Pradesh",https://in.indeed.com/rc/clk?jk=ac2d6544495fae66&bb=IKUxRjk5lJd2jbBZvj7fbgr3riWkmdsWB3HF4A2LgPukbK9yGe2Jt0Z4XdKwmbb3csCkMKfoNAd39epcv1ORLDLQ-Hcp_-oHDTbdd-97EYlQlEkaQ0n9aakMCK1k3AqkeSELNIOb7H0vyWaTDKm26g%3D%3D&xkcb=SoB367M3jA8Nk2zCTB0JbzkdCdPP&fccid=e4ce58d5b089e8bd&cmp=TriEdge-Solutions&ti=Data+Analyst&vjs=3
"Data Analyst - SQL, Tableau, Visio, Snowflake, DataStage (SG 25, 26, 27, 28)",Optum,"Hyderabad, Telangana",https://in.indeed.com/pagead/clk?mo=r&ad=-6NYlbfkN0BWpgndjYL01xMr26yTqLCDFb3b3BUdaEwmMV3w6lpNxfdb7iEvGm0gmfmM0o9B9H9azCCnJX2KMHrsbJyjHmMevR2JsIXIRdoGUOYV0tsngHP7SB_wgfXdoFuGQzFCGOcjIr5YitM3ktc5jjo4MCl7-B6RmBkgJ2tPoDgMgZjCDFzgEeMwFg6GbAHVofj6PtZo4Lgqpx_JxD-X7EBZZvcLYYe7s83MyWzzHMi673MvjdfmMHdeU3HG3RMix5vqHrPi_FDs21Cbv07aW9Kngbr0mukAXji559mJ3BLQ2PRWG1Pm_JTlxaB3THSAR4701ysTzYysPzGOmDRBL7U7ErsTMIXiHs4CBmrs7TTlaD80K5S1eObyFaUMMWKhPIIG51lplop8OSRxVWfv6E3IzUaOZlR4zpQiMASibcaD4EtsrpdW0MkFtD9aMTaijk8V7LHwwURPMP1nYTgjPZ7wINASgSLPkNi_OkYf9905tfoTr0i6wmWw1cWhopIYc-xiIe7NWQtRz6xeP8ULyM8oI9skOXT5qwBMZzOyHBi0Z3DkkqiVMJfQQE1OerVTOQxcIfeWL-SFNFzW869wpndYP9gp3Z3APzFIjiPHPGr0O0VbsU9pacxvk45sBotPwejrCDQJEEJ5kD1WHoaN-R-pdreNshiIqLIJexR4GapUT7b06tIreCCTL_goATuiOAb9Xo35xVOriZvPWGnIwc7gY0b73N5-ZMbyDIIa8OmCwdeeOIRMg3UyBUG7m-aVdFBWqmjtYlRqub7QAKueNxy4v-ypFp2bJPbT4h9W1GM8EIMflA==&xkcb=SoAy6_M3jAt6V5gepj0NbzkdCdPP&camk=ethIe0s0hed5mhSVDYdqwA==&p=6&fvj=0&vjs=3
Data Analyst Associate,Huron Consulting Group Inc.,"Bengaluru, Karnataka",https://in.indeed.com/rc/clk?jk=3d1420c0b795854f&bb=5LdSzjLh-sEf42RDobrYTNtDfFH6a3eMH6ghupwEL2-TYdopQKdyeES3TeaaR5gVV1IOsPsosUnXx1-aQdJbsw7xzJLeK5dbpM7DazB1XcG-EVsK-PZ6prK1VsmYzI7dVL6I7i84Ak9k3Em4kOgjxw%3D%3D&xkcb=SoDE67M3jA8P8iAfKb0LbzkdCdPP&fccid=aa50c21fb3d97098&vjs=3
Data Analyst with AI,JobIQ Careers,"Remote in Hyderabad, Telangana",https://in.indeed.com/rc/clk?jk=09d54b081bf540bc&bb=5LdSzjLh-sEf42RDobrYTE2d12BX1FMb0rWtfT8yL7ua270sEy1Z3OZ5a74rdhuuRvlHI2_d4I7rLVxGIH-NfQvPFG7EghaAL7mKweGS5BTMhqsgaO6OSUS3ftcQrkvmycPcaskOZmQ9sVAB0DLeUQ%3D%3D&xkcb=SoBw67M3jA8P8iAfKb0KbzkdCdPP&fccid=60e0925bfa2d07cb&cmp=Jobiq-Careers&ti=Data+Analyst&vjs=3
Data Engineer (Python),Gigmo Solutions,"Gurugram, Haryana",https://in.indeed.com/rc/clk?jk=80c89f41b5c8540e&bb=voLhjhX8i-cbN2hWffYkQy7L5lhPhzOF9dm-dpnT8wrPQTdJxtPdG9ulhKxjAT7lVrJqgzU2t4duAr0bgFL4R4jQnOG2PVfc0EWgicBtADaJD3rGAbse9nBxrERrpYsP1TrcJK-ozdDWlxL02sIfkA%3D%3D&xkcb=SoBp67M3jA8Kn4TCT50PbzkdCdPP&fccid=de9d0d2b81b48ed5&vjs=3
Data Engineer - EMEA Data & Analytics,Kenvue,"Hybrid work in Bengaluru, Karnataka",https://in.indeed.com/pagead/clk?mo=r&ad=-6NYlbfkN0AnH6HNl3qg0QQoMtxRKZBdeOxG4LsryWJUV6u4ORaRKqUckZGVeOJzLn0Eg6o8XYI0hVg-_8OxkUp-ja1iL2bwBu4z-K1yF1MCglep1Vz7uuXK0TA8yW0uXFpgYvXDwBLqhExhsWWOoigB2_LC3J4C33w0A80fJsN-dPGmYMl3fnR_jfuKtfaVZ-eL7HS39LY4yMaJUfrHX2Y8FGbceDivdY7YvRcwPvj9nN0aqOorv-EF6pTJMicsNnVCNocdH3g1Pmt1gwXG8E_UW3rSrDwqYvC4T64_FERmYzqJjjSVy1kFXyvN2v9WoHT0EtYbJau2LJW7FMRxXeF7UPyPyMnsgRRCWSgD_i6Acf1tPJUjxs_9TN8zougYRMJMdNAPyTm01v_3z7AWztZaonX3lRnxYCA7tK9WP4vnXl_jJrdydNHOZ5QKUQ_lYzSTpuQOmSv0FeV-b2Ey6Gv0PeMt6LEUiPzjKw_dHxcjhRMwAitrjtvHtJ89CICBxMWdTryA9_lj6WqqKFL-FbbCe1Ms-flhgz6vaknPjV0Xenw8u2dF0U5O2eO0jjbqm7ppCUGHqz8kOwkpjEjfMDSHpz_ZzrrguEZMnv5uiufAbCMMWUQseCqyGzIUum8SfSvSXNTDGVJEvNc-ImUiwsvRLODP3xT4AyYIgfp6x4G6GZFOEdzuMtUtKMhqMfguR8ppDhRUvGYY0gKFEf548DBSKeia9vF_V5wbY2bSIsMAPyUJ33ItVS5ZTPK65SPXVqps74XbsN_VqwQLdKKV_w-qU7NgUIPCKSivT4uPD0EMkai96gaAHpSgCNQHBr0kYj9JtRwWYYX-bYuWz-JAENEtp88N5lrkqXjF7UhKfIF-U2W3eER81A==&xkcb=SoDT6_M3jA7h1rz4kB0NbzkdCdPP&camk=C3EPSzFlQw-Qts97afg0Vw==&p=6&fvj=0&vjs=3
Data Engineer - EMEA Data & Analytics,Kenvue,"Hybrid work in Bengaluru, Karnataka",https://in.indeed.com/pagead/clk?mo=r&ad=-6NYlbfkN0AnH6HNl3qg0QQoMtxRKZBdeOxG4LsryWJUV6u4ORaRKqUckZGVeOJzLn0Eg6o8XYI0hVg-_8OxkUp-ja1iL2bwBu4z-K1yF1MCglep1Vz7uuXK0TA8yW0uXFpgYvXDwBLqhExhsWWOoigB2_LC3J4C33w0A80fJsN-dPGmYMl3fnR_jfuKtfaVZ-eL7HS39LY4yMaJUfrHX9humaHStFeytWCsLgeUnXEWuJS2t6nbk7tvjMq-l7ZP8G4vPewVrnuBOkubTC1L68eHrQDredgB_HcUaZdNygY3b07fVkyQXtUzcKhcTQwqxX7_yYC7p-ylwk5v_sKUhJ6y-JR4VMRTxc2WJEE-0TMNkSA51cyAlWCHX4DcCJsm3rTY6M_c9SucLvYCE3nlSQIpfEmOGvPfG_C_uV1FJk4hxxo5Bh8PwD7qnOYLxGzKAH2UpcpvCQCByrcdVgSb6t_AHCTDlUk7AGZfHhAo8_-HfUzhCu8BcoPeA2wF8R8x5ZpGX52cdbwMe1WEa6T0AUyH2tGg2BzmjVQu7oCTeKvwcTQ1u1lbvv9843Rj_wpg3jBfH1kj5tdVZVrPh3yx4dmp9mjgxXkACpDhH6aghWnjrWO36lgapduJpLzmet6fwYhvxXkvPPD478VlG-JHp0Q0n2vGuLeo5k5Woi9Ofdca2FC3LeajMec_WBwWkCn2OQ1V8C53_xMnfm8gvhXlXlTJJMZp2P6QK4u6S0CMzAuTgQUtCah_pZNT9sK-jEHt7vkE7_KMmWz7XKLkGwszO4dnH_9ij97Rqz1lUSebKBr3fJDtckwAkmIBDeXh8HcTHKb_PF0m_5u8xSUZTg51iwiqI5iNb2q3p44UV6tSZlo=&xkcb=SoDI6_M3jAt6V5gepj0GbzkdCdPP&camk=C3EPSzFlQw-Qts97afg0Vw==&p=13&fvj=0&vjs=3
Data Engineer - EMEA Data & Analytics,Kenvue,"Hybrid work in Bengaluru, Karnataka",https://in.indeed.com/pagead/clk?mo=r&ad=-6NYlbfkN0AnH6HNl3qg0QQoMtxRKZBdeOxG4LsryWJUV6u4ORaRKqUckZGVeOJzLn0Eg6o8XYI0hVg-_8OxkUp-ja1iL2bwBu4z-K1yF1MCglep1Vz7uuXK0TA8yW0uXFpgYvXDwBLqhExhsWWOoigB2_LC3J4C33w0A80fJsN-dPGmYMl3fnR_jfuKtfaVZ-eL7HS39LY4yMaJUfrHX_YWSIbj1rQuhYIroz2iRBeTMKl_2W42cQ3DJtE-tliqymasFKggS6tbh5OD2lL9tI4NEo4c8AiipsO56ZpBSBSstW7xDXNRWcyPRgtNSprf_sBAeNxommelxmiAnW2319yNR3soRk_u3Wp101RReKfP4TuQfyKAp7oEUOqyU2aESTaCYzONFit78MD211lmq2ZnAZN_BiiTFpu39f74pqBT3jbTeBTiRHy25nqMS5XNy2lMSuVsTDAR5HyIwj6ktNmNRzHGxwxpoAXqnDpqtmugxbfEp4J1b6g2al5sORglOaheX9CLFlB8CUZL9vwPlbhRwdjkNpYQoOsRuFFAzAkhc2xWtDVuvVEDc24ggRspVu6v5a7B3Ei5Nq-3y_4PSW32dZJyAgK46Zfai3DcDbFosNQ7JHYonGlv22-ZKxr7o5pp_tCSlsw4fBm5ezcpgHntBUVeSxgHYllsuYyLktBfLEg8NCqCgnXOhigF1tyr0DBNCFsQaclgdco4DWmOyqni3qwstoVOOM2_N7vFvBsAqypeFhbh8TPAQjJyZ0owTa91Nn_Q08uyZc7Ws2WXnzG55FC8UMKpH4eis-XxTCmVSBeI8WsMAM3SJakdRZImJmmNJTe0vvONbLr4VzvUjxm1Zx7Hru2EZToy6UgP3ZE=&xkcb=SoBc6_M3jA7yTqTCYp0AbzkdCdPP&camk=C3EPSzFlQw-Qts97afg0Vw==&p=11&fvj=0&vjs=3
Data Engineer - EMEA Data & Analytics,Kenvue,"Hybrid work in Bengaluru, Karnataka",https://in.indeed.com/pagead/clk?mo=r&ad=-6NYlbfkN0AnH6HNl3qg0QQoMtxRKZBdeOxG4LsryWJUV6u4ORaRKqUckZGVeOJzLn0Eg6o8XYI0hVg-_8OxkUp-ja1iL2bwBu4z-K1yF1MCglep1Vz7uuXK0TA8yW0uXFpgYvXDwBLqhExhsWWOoigB2_LC3J4C33w0A80fJsN-dPGmYMl3fnR_jfuKtfaVZ-eL7HS39LY4yMaJUfrHXxDV0hC82TW62EO10y4WcHdcufsUJ3Mog92RH0LLFw2a9R5NkEcg_j9WreQ0cg5rQv57oYcVcI5TI343h7l9D8mWzpwEdc2VcjQVU0FDhOXVDUU5dA1hu8jC6SiEIP-19aPB7frc6u9gIW3OReincNm28LexrJAp30qrDouhVkPfrZ7db_zbN8_isbvn8T8MDuNy42-JlYIpJzU3NKPyXeZ0C4uebP6OOfuiERXVyL2K26B9nvcu_y-xV7eZ6cuyv5XnwBhz2bEhGYVFz3Uw_qxopVPYMTSySvcd8xHibJcEhEjnC-5s2B2iUEjRsPysM9kswKh9n-s3i5iaZaac9h231Ojoyey_5vdrWLwUAvd1pgixGYRLZ5d_fjDPPR5CTPwwY_4f_nNejk7QuiroDzD6RnvWzNWmiyXWg6C9YVEHr5UnmrrcBNWve8nMbB-ZjAlpQc_F329nrSaw8ZNiyjkQtHH8EAwRIRe89UO3sYG8mM-yY_KkR2U5q5l2G4sxqlaQRY_sZakZuacnc9-sgU1nLcZLQoO1zpwLqgQjzK62m2cf8j1RlEj0zOJPMuJLjC4d5KGnNyJo5xHJby18IfHlrY6pRXurTXqERDCB6a7fUaiPqPz9SUxh0AbVYoaQoSHjrwjHDqWoBoP9XeHJl9E=&xkcb=SoAf6_M3jAtqKCzDVB0AbzkdCdPP&camk=C3EPSzFlQw-Qts97afg0Vw==&p=11&fvj=0&vjs=3
Data Engineer - Python,Go Digital Technology Consulting,"Remote in Kalyani Nagar, Pune, Maharashtra",https://in.indeed.com/rc/clk?jk=0aa53ce13e135235&bb=T9GCXEjXAJw0p9hyn7bHE0I15-gyL5gVdahez01_aCkoBo8szlsGYGniM03gPG86q8iRNNELU1DcZou68_nt6b59BFZpsggcjgVDfN1GSNxkrxVz05gOg--X_iTk02CiR88P16JLXTkrdLBb9YXNtg%3D%3D&xkcb=SoCy67M3jA8IIbTF0B0JbzkdCdPP&fccid=f13498f5613da174&vjs=3
Data Engineer - X Delivery,Boston Consulting Group,"Gurugram, Haryana",https://in.indeed.com/pagead/clk?mo=r&ad=-6NYlbfkN0Ad1FFWZOsBBwBZDGouyCcICeLSd3pQct3wJ1q5dPO7JNFPcbpYQ1XCYdTOV-ko2T57wlnQKHsRLP7P7BDYnxuJ3YoleXL9Cx1xL2MIF5_jcaKBnnzI6gbA2EDK_URH6tGCCIecFq2Z-L3IJbvbsKbWQMscVALTj6FkLmmThqmScNvyixCIApTRTNm0fPeftUIF8sy2L1khUFGf5jGFu8e_ohY5u8yXIgN-gf2sCwoBL7eUE5hJPRHNBIKe5XPXdzk0y8avSQg1QfWVUf7XTT3ZOSDVsRLtXJDAzj5azNKfqawY4dpk43DcyJasXZSAzGA65vCOYZmBRPfO5dh9fKPmIS3CDYrMHyfU-nwwRFkrrs51NxPu0zX0MXq2FmjD-01cNQAEgJlcwQ_XqujR3nnCDSTgiNS0fqiDAgNpwBSym10n6y6FpPrEjEf7cBlrUUDBXJqLn5oHzDy2n7XOSMLB3tZb_ai6n2neyd-OtJfB4Mlq9DoLVxpcmU7GjVGUwQnGhQRks_0mVkhbm9FV82DwBPqqoJzgCFWlicZ51H7RW4glSz5yxnmlWaS4rT9He_HHOAtpd0g_heGcuuHZW45qGqI6ISg8SCpFps9i41DOhJfxEsH_5R9WdhsNA2d869pjJcoHS7uzUYJ9hJx_yvysRiL_P9c2KDclXs8I2yf-0iENnBq-fUjGi_4RUcYdwWOHzzUdymT9V8_kAUNXG7Ag17dK7Dl8MrQkFZFZakV8ohrDldU7XaxQbPfls8XSDFcuXYd_0hodCPSQLKz9LZtqnzl8TWHpd4GNTeDseItEJ9EnBsqCTDh-U2NUwek9nR8PUfjJLkozFNZqDiM5093uhnkXs2TylUzRI41EqvpI2mHRTeoTZuV9FWtVVuybH0jAlULzQ2-46kJYY4tdJpW7vtC8YePtJox5itA1yRulOyS7Lqv3SqvOBHvDiKoBaUtZYWyZJPmyHghl-LdKoJW3vQ10XMRiHXlp0WLofnIdfFDuUYrvUOXlCWkJUwbVfqi_phFIvguSS_xU4-Minnr_5RHbLLYfzTcnjtWUzfiWWEcoy7CKcw8KEvzbjNPRYMi5nWaqHM81CGTGaPX-fYDQ-_k2hcxDx9NZyQlL3cnI5EhH01X8EWGxM_EXAw1tJjOiW2GBjgPY5aqfMSdU8NhII7BQb1Bb0lZyAsTJ2921k62RhGqyEhykl7ePYBzddqFkUps7WKn520cn0Cx2QhJjb1psSMKJtZFvIiAL3_ErwKslr6WjjZ33PJqUOBtlOZu5LDF7SEmzBeJze98-Q7dRPaHZeNsbXvBCpQej5r6uhaX-hCkkzYhRea5OYjAFsMsqLsYPX_Lgv77kdrqE1hoJpczeEcqMSCGpSqXdY04XYBZ5CN-IaSo5UKbInO__ard48RRQ_k_29g==&xkcb=SoCW6_M3jAt9p9zCVh0KbzkdCdPP&camk=C3EPSzFlQw-Kxz8aVjN35w==&p=1&fvj=0&vjs=3
Data Engineer - X Delivery,Boston Consulting Group,"Gurugram, Haryana",https://in.indeed.com/pagead/clk?mo=r&ad=-6NYlbfkN0Ad1FFWZOsBBwBZDGouyCcICeLSd3pQct3wJ1q5dPO7JNFPcbpYQ1XCYdTOV-ko2T57wlnQKHsRLP7P7BDYnxuJ3YoleXL9Cx1xL2MIF5_jcaKBnnzI6gbA2EDK_URH6tGCCIecFq2Z-L3IJbvbsKbWQMscVALTj6H3wU-EK0IjATigeiIEGlV5CEy6ViWsd0xQjP1tRp_aZpsZHGmM2PxzRh0627UYcdpGcA5f_evfXs2QKYv2QC4yJP5YvhJKi4cElUZLLv38CKIGdg5btoljufs6plMAwQ0jg5M9f-aA7jqtyinIqwpH_bILM9dz5tmxs8fqeU4bufqOabTyXoE8iZCs7D9AhXvj-f5CkYP46RzbIt0zX9kYkWcn8OBdMgBifGZvbviMZ7JOZ-VZU3Rj2jwANAqMEt8FfZH2v1_Fbch9oyvS9rS50PQ0K2MaQHnx9FSR6QEcr1ILtGz8aDYQ0HtmviywZ_8YK1GUp9KFGA7IGs1MigDHozvKjohR4C3MRov9_K46TWV5WXbgPElKJzPvwMoFSZpopmWAaMIrkiL5IBGo_3w5ntIDmKbY227W1aGBcRonsoFfeQbc6_qb1dTj1Vn6qcQzJJXBgpc-TGPNgNjd5LGoshADB3Y1kC36svlihZbOyOkv8hsYznUNk1Q7wGMQYWTTVHZKKzVAs7nht2QQhOe59ixJkfq56dEKPLvQ0kKllChfWgNhLtzm1idn_Wb20jIYjO-v5q3X-PRdzNW3HjSrGv9m0aPh2mMR7JitqCckaQXPi6niqD-NjhVh2v4nWKLZEX4tKzh5Z38wPmnDgz6XjJilieEoYv_tRN6BYUgvxnZ5oQig2rmQ54rquIu_hSq5HaiSimOXpUg3i46Egd5Wpnf7gJ9VkyOgGQAbyYSzxybTDLzWE32QPMAebt4i4ffrEhCJIhivkBRYG2-nEeSXzFwAzvAbXw6Jy2E-qIiivv_37DNnKg5P_lDUnzFyPwChwD5QqlyAbTNmxZ578ZrKB17JMuZP6NIPOo3pcBBcwU4SqvNbeH0BLUOLGxRzlKMMByMvpuB6LAjlGrh8TeKKqIY7WMRGjMZPJaPtK73Jegx9k7WV1ZXZP3Zwukjw5HdHNMFAvgD0zgy8Tup8mU7iZ2NA0bA2mQE5jhCl57bXRAljf-GjpYWYqmdG9sgDQJ1N83VwlghCdpi0xJ7Tm_Web39NC2-YzIYotNdhU4sSPtV29CuhjZ-N33gvhPVKmKhUkR5pUO1Eu1TPAbxkm7p6cyTmM-5-DM0CYtRKOdiWHSFpZbOyN1RsAWXHK9rytKltus1ChQ1K8tXzWj_I7Z4fEfOspyZ5IZoXQ9aWuvRA0TGdCUvPNRMb9fwIA8qQWNSTe-4Z-T6rMG1x6FBRYBrUdn0yerDIt_g=&xkcb=SoCV6_M3jAt6V5gepj0IbzkdCdPP&camk=C3EPSzFlQw-Kxz8aVjN35w==&p=3&fvj=0&vjs=3
Data Engineer - X Delivery,Boston Consulting Group,"Gurugram, Haryana",https://in.indeed.com/pagead/clk?mo=r&ad=-6NYlbfkN0Ad1FFWZOsBBwBZDGouyCcICeLSd3pQct3wJ1q5dPO7JNFPcbpYQ1XCYdTOV-ko2T57wlnQKHsRLP7P7BDYnxuJ3YoleXL9Cx1xL2MIF5_jcaKBnnzI6gbA2EDK_URH6tGCCIecFq2Z-L3IJbvbsKbWQMscVALTj6HE9uhGXnppVASQ_wkzGIjuCzaWzLwsXXqxA7CnAj_roL7ZjiuVELR_tLZewrkADZBXbITPqzw_rBlq_F6c9FC8lwYTIRDexjZtEknNte0BwPq27pof7zzPfWSVWbhcgefB_iAK6pNw0spUjS0U1HZMHPV4nOSayHpE8Jqh7n3aMvjdo_XbjIp1XtBCx_ri6Az7jGTtT54H7J-Aq6LfMEEPqMj29uKSOAc6DxScRa5JV19Or441xT4oqzXlPn0hQEl1ZQJHluZW958Vrr9m5UajZENFToH5NKSTkHKrwyZeiQtJhfAVpbLu9VwOrIeTyKZT_QTrmh1Us_F3fkPlNDsK4wQ9NRocZUEFLbKpkva46fnJ4jGt1Kop0nyOkupsF8zZHIHzfhNl9FOf6geAniOf06Dzamdt73lvpqgP2oHf4lH35x5Fu8wXOYe5ZuecOE1o8ooi-XfNAfg6aPrm3SieUhd6WhLgT4jfXCzyvn6m92W4ooVpmsjar9RK9F2xvhUM6Z3S3f8Re2wEmcgcPQKRz1qdTyu6lgxuYa3pm26lwbRamtOkpBFdfi5dCIRKCiS5W0frQtszIR2uYbNeXFcyRfHyJHKWWeQ-v2CjyWYtuHznEJcLalsiD6aeLhBKiSqbGLni0u_y5uIbVpSZm6Xh_gt-32z0ymEK0gIV0U3sGKjzie_7OEyu__xRFsDzHTERt4y8QSUkm3MOSWWD4JZcxcMV1BiVljFWrAFC23kZ3NBf1D5dq1Myy6i4CrckDx3khuKIoS3yBkMgRNgOTMAPuwQ6H4fvp0MRLNbpA08d0Pax7FkE4Rk_XE0MjqqpdrGbiCWotTN5zHzJDfqEcCeNf9HXYfC487rF4rsw9ktLEQkkh5G3SMOLVz-SzzmCScFpvOgE_ywyCGJX-YQSVukBp7IjxQnKBhzA2EU2gI0QyZoHtmQcNMYVQGEWbT3jx0tCIC8HxFGgoEasyVISYRemxqXKHXmoX3zFyHBgTY2rRISTNC0uLQDfaVu4atYsTyTdOGb1HGvRksm7fDf9nfdTOWu86CSdB4Lu7bFcZhm6DDeTQg4UN0viHKVniNCB-SrPdhFyunAMMrIDKpvU-PmadDcZ8wBeJbP1Y71eBQD1vNpw3N7ANOrC03-RiixKcvaESWBOJXXMqzfIr8V5LyKqeQOf35Yci-qUc-Vs9JjnEKOOixNk6wAgto0_q1wvjasqtSSjCYSNydHnpzqCviSX2ft46sZEL7g=&xkcb=SoBR6_M3jAtqKCzDVB0KbzkdCdPP&camk=C3EPSzFlQw-Kxz8aVjN35w==&p=1&fvj=0&vjs=3
Data Engineer - X Delivery,Boston Consulting Group,"Gurugram, Haryana",https://in.indeed.com/pagead/clk?mo=r&ad=-6NYlbfkN0Ad1FFWZOsBBwBZDGouyCcICeLSd3pQct3wJ1q5dPO7JNFPcbpYQ1XCYdTOV-ko2T57wlnQKHsRLP7P7BDYnxuJ3YoleXL9Cx1xL2MIF5_jcaKBnnzI6gbA2EDK_URH6tGCCIecFq2Z-L3IJbvbsKbWnYrVzroWRFw_NyMWItgCR_FPG9nAVfQOkgwiNbEitXaS4zH-YkaarsBc6fgfcTgsuxWRWi2BO-Mr9sZeznjPPf1g9c1ugKmOYa_sQrU6wn9VU6a8SAgeUaotTvjC6nBLVEMKNtzdZmUMnQW-EaHZhfmbuafI75tud2BPYjfCfu2fhKT3StdZ5DyFiv1TEEO_hcWD6Knwv5y5ldsa3mzHNSrM81WeANmnA0W0Q5KttpCRnxisR_yKYHp78BFl5AKJzMkAnKsU4UVIQNTgzzaFnn9XJSx93Vkl7JtDycJdKwbzUHQZhqUG8Y1aKmflnCODLdUqHAq6_5-AZs95bvooOT04UnAPVG-jGOYxp9y3azwY5lEc4LkHu9FSCL32l5cGczPoZld1mWVyEtBdQOvsRvlIGPYBCdHxzGC-jEapoUE_ex65v8xN2W609GLNlKYmwFsvqv5VdTwjIDdRtI_1oAI40BND_N0Z2Fr08BEwpkxplImiHtImQNhQRlz6IVSHT61BMYcLMrmoT9_6kPsH_e0jfndvoPa185TJVlnccAeSuYRL0UnUa3T7jJ8kJ5wAr0ui4hE0Qcfp2jEzWv3gwWSm4o3PL0dGuCXx8smySvL5rOyrJhT_j7l5GRBzU7GuCC8Pe9gR8CHK9e5Za82lSLC3urBEKBfxeYW2e-rby1NsQ_jwCaDqtRCjOjKVHh5BowcboiMih3jhm6Rh3oZ2phZCpw4DWiYsFevuXM8PGH8r8SVdiR5MzJwiAuLQSzpOvrfLAj_5eIcO4-LzExTWZkQGeGzI64NwmU7VvXkSebQHZa5DAK4HabGytdetKkCK7IuyqmXmY8hUeRjjXNe2qpilKBV9pNcziyU8iOskvqymHegVnVdkc4H4txKPBOeTQxMd4xXYFzlxz4u3c0S8-wz3jFy-CtsPX1gB_fbsBmfCNiLb5g2yVsUjqqCqdmzESXVoiDk7nsz-lIfvTtX_LXRgDpslQ4DAr4CDKnHLrQ1OVgs1hiruPArPceW7mIDdQPScshkKNnT-rzT0DiTLM_JAp9RTTv2xSgB71e4PrkNiEAUQwK7HpyShW3TbHVPOJr4bYnhaOHL8_ZhgfqXr1xtIIJwWEOgSwqjO1rINR00lwWqH8Twdm7R0ErUEMfo6aqbiKOLHqJ4cUoitVDqXIAR7bpU9UTkMx-zOmHHrxuXsXWrtk0Br8PgXZxuZIR6kortrKtCGjvRLzcIOtqMX1fOHwCMMOSwA5nCe8tDfd7YmJ3ZKC8rF-81iXopHP8I7&xkcb=SoDW6_M3jA76IvTCVh0KbzkdCdPP&camk=C3EPSzFlQw-Kxz8aVjN35w==&p=1&fvj=0&vjs=3
Data Engineer - X Delivery,Boston Consulting Group,"Gurugram, Haryana",https://in.indeed.com/pagead/clk?mo=r&ad=-6NYlbfkN0Ad1FFWZOsBBwBZDGouyCcICeLSd3pQct3wJ1q5dPO7JNFPcbpYQ1XCYdTOV-ko2T57wlnQKHsRLP7P7BDYnxuJ3YoleXL9Cx1xL2MIF5_jcaKBnnzI6gbA2EDK_URH6tGCCIecFq2Z-L3IJbvbsKbWnYrVzroWRFwv7GnrozdLUsISrQwS2OWps7B7o1NIZcGdqT-6gqAAvB1hakZpGUI7wcZXMMNBPiruwzBv1DlDBZ3LhZfDzo6bJLX_ZGeEIXnPt0docyDCXuzbnufxn_k4POjXxkB6f-A8iJ7hzrfwph8h_zGq-3ohAtkAALbGLYtUKCo9fQfQQ1zKGLhqnSrmkNO8bgtBIVaTmPOxFXsbHtOEPuloN0uAZrn5N-gTuz601Thxv_KMAlolQByv2lQpADH6xctuEPfc6aVpmnLcHd0at_41qwtubzwfc0Z1AV3CjNMDFaCWVTLmf0YI0uedl8NugpglQ3MRZwmWD--YBxsVJPkZGi0urkVh9l4Iw9upmRofXzDiZ6Knl2832ftDFBiGih9dxNzOaWPqBlMvaMjj4THyRw4yKZcw9ktrBg70Oj3_p8Xw9zL98rFojJkMB869Zwj2ZYJB1pwRSL0KlZx1NM0qXqL3v_mz9Lvt6Qaz0A78xc095IgoM0jA8lHwZH2tdm7fu59LlEIlRfGS-ElH55L292R_APlfx0U-2rYqrA2GJjn-IA97BBMGwJDxmb9nPE22NRmnRsLbxQC8Xj8sclzJ5B6ky2LTo4s0OdxtHIk7bfZLU4Y4-2BEYxGGHwkQ9dBzC77qKPYOkq8aL5oLWOmycQ1_ucbsk8c9EMzNr9cLlJvGZX_TM-J_VkLpeL4p2q4fBPAHnAuW9YXlrQ6lVTWHIpfkgDdqAto5hXgDfhYCWg942oGZZOHriemo-EKStz0epABzo-YtMEnLyqQooFXgWPOs9pMm5vRTOb8QjxJWOtK438BYQXnU0uYMBAzgtOr_PuDPB7sEuROP8C5cHua0bj4QCrhys6TK0RthcmXikan8tUR_HpFnXCGEf1y7Kb7riIAwR3zvH0n84UYqdW4wFHfrm5cQetVOkhHkv8eJcICBWVhp7ifbqw6abBkrbgriN_rGSHqvQ6drZtV_7yeITZGbXKTaQntLeyG90jCFllB6cm43fwf1s6L0TJhOpYHrDXSwyfb4DHhH_jjoGYPZyGQAXvOIOXTR2YxwPjE_UJmBG_EZXoU9EAn6au2h7Eu6x8FMG-mfypd2bL2uKy5E2fqbGMm6v2rJY672Gpa2yh9W4POEoxGdqrJH6EecORABE0QPDYP3uyHDZl_CZpIu5Tm_WvoxtjwMq1WVAKjGefwM0zVjotEZPNulUN8GnG_NEohHeGx_fstDZpmisvRmOIhlxrvL4NsbW1Y=&xkcb=SoA76_M3jA7yTqTCYp0IbzkdCdPP&camk=C3EPSzFlQw-Kxz8aVjN35w==&p=3&fvj=0&vjs=3
Data Engineer - X Delivery,Boston Consulting Group,"Gurugram, Haryana",https://in.indeed.com/pagead/clk?mo=r&ad=-6NYlbfkN0Ad1FFWZOsBBwBZDGouyCcICeLSd3pQct3wJ1q5dPO7JNFPcbpYQ1XCYdTOV-ko2T57wlnQKHsRLP7P7BDYnxuJ3YoleXL9Cx1xL2MIF5_jcaKBnnzI6gbA2EDK_URH6tGCCIecFq2Z-L3IJbvbsKbWnYrVzroWRFy-EDWH9rj-EjW9gh3z13tmPNjA-LXU188U69NhcT6R2OcOXFp3WSsLU8WuEAdM4G9Y1HPA5_j8fzFuvbpIXtZcrawCd9fpyo95EuQWEUeAglhXvzRPvPvyhoGCD-NJjmgSz6GXLwxbj9oOvIe9b1glTlRAncE_aqDf3j0kFbJhTle2xrSKngVdW-B966147F1yUWJE_DEB2QIDk2BJBGKQ-e_uWb1HENEQTvwuo2iUowSFarB2IB_GFudjmuVJp_fCMj9Y5qfQSD8NHkP6HzgmN3OwhSSkpIbWWZnoyCQW7D78zy1KP0pUM1UgS_zOnkUKRBIczQf59FJfIar8d0vlpdWwNI97ag_mXR3ZmKzcqB2wXXcSObv06qcgXm7fLPtFnU2cL3_cPaIydTgmA49UU8UA9SgeLhzt1pR1v0EutxRb0nZ3_EKtoFYlP8NwwCydWjuDu32btRmPh02B5jnNB_lBF6xqAZTSo22VGLyGel755ilRFR56GwipIkOCWe_OFG56wJe_l8WWjLdqAoJJrIQhtT5oY7iwUKjivlgR2sphPjcYbBZPQx4Qg46b2CllZ1OFnDjyc-u6Q71-8fdqECYxd1_NPrWQ1p9w8CVzrPq1CwLD4Mp9_NMnhCfLwwdpaK8mVIv01hBn1wL2jMa_RcFmWRmVmV_w9ml5RKfzbw9itwFpLmg_zdemKGO65wFqJ2CaBqkWvNZEjVSSrKhdBLhaM31aZyYUlaUxerG4qdm0xvcEPDUEv5vHlTGfICVrlzlekTaScRE9cEv131pU0Qo70p_Sgc7u8XRndL-z08WP7S1r8qgm1TqeCBAi-iEWCqCauRXDDKjsYRo46KOXCwDCR2baTvdggY4B6n2tAmoVZhkLIqrzpcdq9C7_dpVBBYy1lt9jzS2xK2CUjy4CaES4nvAZHmh1FimSXWD1l39NJsmQxCdxVmZ9cSg5VbPwiJBg0YMr3TcWWWdaPLxVuxcRC6GDloCU4Vo6gtQS2gYjhBg58p140hrGoEv9dkRE8H0nxQbF8lGZKDsWq0HDa-602KlG1O7VuSq5XKhnuiq478z0_KjJ0LI6JNVE9s2_tcW6qVORRFMXsyiusJWA_E7kT6xAuUPEa7trvesmPE9Z8zzCDlmhb99SWQHZ7_9oajgIvgOphg_TZrZvbVGgim6GlvcMcq1HYfOLT2igbEyGHAUcyXsCZMbQxtZNKbjx8G1soKTELaYEUgockIJ_Gfp-2lujwdA=&xkcb=SoBd6_M3jA7h1rz4kB0KbzkdCdPP&camk=C3EPSzFlQw-Kxz8aVjN35w==&p=1&fvj=0&vjs=3
Data Engineer / Data Analytics Lead,Infotel UK,"Chennai, Tamil Nadu",https://in.indeed.com/rc/clk?jk=2d2d7515958fad79&bb=5LdSzjLh-sEf42RDobrYTNtDfFH6a3eMIO6UcM7S7ywzd-CN9_D9yA0szWSJ219rLqV-4xsPP2x4otNqj8_W8rhYJHdGuRy4W1HpWV51t1JoZQHhhD1XKduBmYo0jQONdY-P0DSqhJ1oMp4jfby5jA%3D%3D&xkcb=SoA-67M3jA8P8iAfKb0AbzkdCdPP&fccid=bb21c255209f3843&vjs=3
Data Engineering,Optum,"Bengaluru, Karnataka",https://in.indeed.com/pagead/clk?mo=r&ad=-6NYlbfkN0BWpgndjYL01xMr26yTqLCDFb3b3BUdaEwmMV3w6lpNxfdb7iEvGm0gmfmM0o9B9H-NvF_WqfM09VVVovWfy2Y3IrAftAOnOZZxuHvlx3BJHeYe3NPjdXxRylXLdpzoS-MHwE7O8DSVgMPSHh6zc4gYaAjZT_0tQyHle6VWTuNi2UZkBA1JAguO8m9HVhtTvOL6h73OO_HrBXRaQxjb33eN4OkG0C2K9YzshcNafj3aJr3BaZHbQok16N1NusJfsfVigB1ysORYGF7TP4Ygt7Y6cmHWqqabuQ9-kkLJw1xTSTaZzVX3hrFgwIZ6EeOdzpyCZaCalIB_HtPjY7k4KY0fTHrNYT337iG-5kFFTpTqditkkyGr1J9eJr23l7ZfDBp1lsfJuq9KDoovtinMakcj99moPvieP2tF2Ulm7cywFV5ZblmiDrfKUj8fAEPvQPc3wXRM2rdCu7NeI7Cxmu4xI8-pdTY-_nXbctpTNBCg7FhllykG8e97Z7jCcf2RnZeUJixy5TXQTlawtHz9h2NYuNeyg0NCo5S0hvG8C5ia3yuA2BbtIPbKekoq5aSrQR2i_uFYaBTGqYXXe6h5rBw_suq9rKChlK4zOs3fQ9SOxlZe8FmWB1HkdOTH5FOD1m4AvNA3A_w1UkJVDURKJD7A6kAJQg_7V2Eb0al2DF7JbG2zsaZcKNUi3Tp6EgyOWYTMVVvDp1TW8NuTNdxaOtqIUtZwJOqf6uCToAztyllAJKYVeiatWGxwFMvHndumETINUuieGKL-SPQNxnaLjEfwvoYw2dWJNOiJBOe-QQUYYw==&xkcb=SoBm6_M3jA7yTqTCYp0GbzkdCdPP&camk=ethIe0s0hed5mhSVDYdqwA==&p=13&fvj=0&vjs=3
Data Engineering,Optum,"Bengaluru, Karnataka",https://in.indeed.com/pagead/clk?mo=r&ad=-6NYlbfkN0BWpgndjYL01xMr26yTqLCDFb3b3BUdaEwmMV3w6lpNxfdb7iEvGm0gmfmM0o9B9H-NvF_WqfM09VVVovWfy2Y3IrAftAOnOZZxuHvlx3BJHeYe3NPjdXxRylXLdpzoS-MHwE7O8DSVgMPSHh6zc4gYaAjZT_0tQyHle6VWTuNi2UZkBA1JAguO8m9HVhtTvOL6h73OO_HrBXRaQxjb33eN4OkG0C2K9YzshcNafj3aJr3BaZHbQok16N1NusJfsfVigB1ysORYGF7TP4Ygt7Y6cmHWqqabuQ9-kkLJw1xTSTaZzVX3hrFgwIZ6EeOdzpyCZaCalIB_HtPjY7k4KY0fTHrNYT337iG-5kFFTpTqditkkyGr1J9eJr23l7ZfDBrQBVfBsti3AlpeSp9tEVrTGMec8vzH6_Wjq_WY78n5N0luU0VHOLzq1__jyy9JED_wrLXSle_FlTKQ6FMboAkT44cFdZe2-T3D5MKr2rhW2ZmBROxVzF9z4lIZdZE-NH0M8Uu4RA20Yxn0cU7X-kLzkdtyfz8TmBbLAC3_8XKQdABXfSJDBKxzwhB_LUrAI8huVa4bJ149R7QNCs4vfsaHD472zSK79Lkoj-iTs3Ag8QhdsmTTc_64U_Vq5gQFweAWn9dVGP4kazBg0sP_ikJkJrENZoZfmgRAUGtJ0uTfyaV-LZeMO3VKLJw0lvAP0sE2aWRfDhOMzEkBHeoqGd4nhpkmhdBySEC6Mm8_Ca5_X28ISfL3xhvokn4dnySuHe6df5SvFBj24Fzkvsvi8lItKw6T_7x0EX2FiGODAocA3g==&xkcb=SoAk6_M3jA8Nk2zCTB0MbzkdCdPP&camk=ethIe0s0hed5mhSVDYdqwA==&p=7&fvj=0&vjs=3
Data Engineering,Optum,"Bengaluru, Karnataka",https://in.indeed.com/pagead/clk?mo=r&ad=-6NYlbfkN0BWpgndjYL01xMr26yTqLCDFb3b3BUdaEwmMV3w6lpNxfdb7iEvGm0gmfmM0o9B9H-NvF_WqfM09VVVovWfy2Y3IrAftAOnOZZxuHvlx3BJHeYe3NPjdXxRylXLdpzoS-MHwE7O8DSVgMPSHh6zc4gYaAjZT_0tQyHle6VWTuNi2UZkBA1JAguO8m9HVhtTvOL6h73OO_HrBXRaQxjb33eN4OkG0C2K9YzshcNafj3aJr3BaZHbQok16N1NusJfsfVigB1ysORYGF7TP4Ygt7Y6cmHWqqabuQ9-kkLJw1xTSTaZzVX3hrFgwIZ6EeOdzpyCZaCalIB_HtPjY7k4KY0fTHrNYT337iG-5kFFTpTqditkkyGr1J9ewJmJXhpyIVd5e5vIgIaAOKKA6UooKwQ_l_soPASHpWJ5DVHo5vTwGA9FJkENefO36QHJGvX2Kwv71lnuR9BhRiMPQ9V-2pQ6I-R1wi-b-jJJlWS8Rl4s2n42TNcdrZiJrPr_yXs6xnwaU_v_-KoR1yNZ2ySL_3zpk4-cfcux3b8URozBH9ZVUQdU2HwHN74_VdCJ2MbMePdwzDF0rsc-cJYOdQx3zVni2hxhBBLtKAu_MCwRryWGsA_h4goQBzWpUL98KkD1o7zm6gaCfb3biY4hJ4Qmvm6Dp_MM8ZA0sbajPlOb-T307WKHyQ4qNb7LC2sd7YZ2PQWZqk5fvy5hoaH5953O_0Y3EAnRKwZEq0k-2buB0Tilokni3gqbE30ns9ia4T0hMKz1lRfj3hW8vqfPW36tJZTyQiaD9xBcJEpZbrEnR6TMtw==&xkcb=SoB86_M3jAt6V5gepj0HbzkdCdPP&camk=ethIe0s0hed5mhSVDYdqwA==&p=12&fvj=0&vjs=3
Data Engineering,Optum,"Bengaluru, Karnataka",https://in.indeed.com/viewjob?jk=456789abcdef0123
Data Engineering Analyst,Optum,"Chennai, Tamil Nadu",https://in.indeed.com/pagead/clk?mo=r&ad=-6NYlbfkN0BWpgndjYL01xMr26yTqLCDFb3b3BUdaEwmMV3w6lpNxfdb7iEvGm0gmfmM0o9B9H9-vYCdyBADKfc9YFdTXOP7bLPTkI1oDRoT02W_LRthBkZf2NcBhnV9Swpo6CjLfYuJEfIWQEdvDRzKPpLUV6evHl4_9RDA-G1h0N-G0m88r7JYolEbzDbiugVOEdviNL2A8DhHKVx5FKnRQgRfht2kb3FVJRTd4BEjGBaOJs8qnwYdsQk33-n1qwOXP8ELXArKC9iLfTcPz5B_FWZ4Umk5oLdKkQ5GWqBD6qBm6rhE8kEOmhK-XwghkSRmRQmrNNFznTI3lbKLkCv4rTWjJn_1arvbysy_0pKx5pJRwDPx4R1u2N4Crbry3DxCEP_i843jIW92nejgWr3bBIxjfG12vGJfbqATYgG4kRXapnyBy4ly_OfBYhMWL8omeuPLWmE4PH4fpP9sfU-nmCj9tsoXxIJGwboGAuKoRDiErRWa97SLuF3AgL3Tu70EtRUwtHm38-KrdJEdYGfY4eKA3aZ4-Nu9tIQHDon7Z4YbXQQuoCF7MDfuF8Wh0PPjaHDcpaVZy1N8nrwa-mhhQVXJdanwoH7mvt1QN8lcIcdnVfm-fMNdSprHG5pXlzbWl6t-l4Mx-oH-U0FnAIKFc8QGkJOl7ELeP4w94g6tz9Exbo4U0fDX8girT3KZHclMG6LHyUan8zb5-9A-PFp94alxt0B2nyi1HUhk5uv8QltCv3zPvDOUM_rYSmxhP1CNgdCaCaARlzrMILbfCkKQ8T7EPCPbNaHxbtQcqZ2ML-3EGubYdA==&xkcb=SoAb6_M3jAt6V5gepj0PbzkdCdPP&camk=ethIe0s0hed5mhSVDYdqwA==&p=4&fvj=0&vjs=3
Data Engineering Analyst,Optum,"Chennai, Tamil Nadu",https://in.indeed.com/pagead/clk?mo=r&ad=-6NYlbfkN0BWpgndjYL01xMr26yTqLCDFb3b3BUdaEwmMV3w6lpNxfdb7iEvGm0gmfmM0o9B9H9-vYCdyBADKfc9YFdTXOP7bLPTkI1oDRoT02W_LRthBkZf2NcBhnV9Swpo6CjLfYuJEfIWQEdvDRzKPpLUV6evHl4_9RDA-G1h0N-G0m88r7JYolEbzDbiugVOEdviNL2A8DhHKVx5FKnRQgRfht2kb3FVJRTd4BEjGBaOJs8qnwYdsQk33-n1qwOXP8ELXArKC9iLfTcPz5B_FWZ4Umk5oLdKkQ5GWqBD6qBm6rhE8kEOmhK-XwghkSRmRQmrNNFznTI3lbKLkCv4rTWjJn_1arvbysy_0pKx5pJRwDPx4R1u2N4CrbryTDBMo8D6OyLNmTm2kCGniED6auYFmw6wplgYFbI4KbptLJ8LYfgnSVYEQRSOhefhFykt2txJB7TU815LdbH4cj2DH13Qk8T9QaDPj6fqguATcp6-7Syl-l0NiKtxWDynlEnyS4GaHfb5x5ti0l_9DjfQmt3iMWWeSod8eB5UIK0fYPZByHcikts9xeOBaZu_-znn-f2NNAAuGPQ1erHiCIjcW9Q5inhfujlO8mWKj_vdv8zvKlVJ16wRAenQgORhh32narNnzLLgDTWRbsN44Ogk4w3OMGq0WkF-6lUJUi6BM2S6uTqRN2tvBXe6HFGHAr6tK2Yfb1Ve5Sz5wEqWZWlWO4XJ4hE1JdTFXlJ8EfZNVY8vXxDEGaycOGi4I3zyql52ftzlTdjGczNC7HkcoVqjjig6LNXX9MGnKyeg29wMz3cUZOWE2w==&xkcb=SoAo6_M3jA7yTqTCYp0MbzkdCdPP&camk=ethIe0s0hed5mhSVDYdqwA==&p=7&fvj=0&vjs=3
Data Engineering Analyst,Optum,"Noida, Uttar Pradesh",https://in.indeed.com/pagead/clk?mo=r&ad=-6NYlbfkN0BWpgndjYL01xMr26yTqLCDFb3b3BUdaEwmMV3w6lpNxfdb7iEvGm0gmfmM0o9B9H-2gDqUDz3f1iL-KlPVw5iew-qhYCg4NvnnkvgYTJr9CikaN9J90z76_SThnaMIkKjG9b6PvwJltIEPRrNRmtN_4c_4326KVzc90RPVb-YbuKwjCQuFeGkR3BBx_qojQT87Jw1YHWgnbjxJHeDsMiCmWsJ9gEdQ9xxg2VsUn7pZkZEDUmxTPffojqD0BiKzqlpE9-3p6uzM_IihidVPTxxaofEPMefVE-3gToM4Dbobvk653D1dJkKF5_zDtwRwwswbTjyM_mSiXDkiRtd1rBkPyIGyqOWyaHGZd_pS-u_UibfXRLCNLf1ldVtWcb9u0ADO0qSpUWtuQggcuYKWjdbUdLzU0E8iYbTDQg7PnUInUPomDlvECA-kDWsdx8VvVaLq1rLaODqmigd9xV3muTzj6RL7uMWfmfNObZQseixOzQh5KWIraPS1BjEpYFfF2_yRXchzflr0JgZ4bzDekkP3SUqHnwSbkuPj8o5psy9nlOkvhXQ3pSjHR-pT7rW9VAvLzAJwBJUctKD6dfhFAreZuyr6L8XR8WlU58zvswcIhSJw36p1HIUh1ijfBAg2htn9yXGUFsqySzh1wGDhs6j-yWoaBNl7pzPvgv8nu1GSNylbw8FEp6Wz5s7uSRWgvKrmEDJtK_jhNBJiiUiPGqVl8-M8JeO0Eo6o5XH2dpMfGx-sHuJnE7I0bnaajQtgXfr29nu9N36z3bd9DXuXohE5XUSBkaApPJWWLYiN4z1yCw==&xkcb=SoDb6_M3jAt6V5gepj0CbzkdCdPP&camk=ethIe0s0hed5mhSVDYdqwA==&p=9&fvj=0&vjs=3
Data Engineering Analyst,Optum,"Noida, Uttar Pradesh",https://in.indeed.com/pagead/clk?mo=r&ad=-6NYlbfkN0BWpgndjYL01xMr26yTqLCDFb3b3BUdaEwmMV3w6lpNxfdb7iEvGm0gmfmM0o9B9H-2gDqUDz3f1iL-KlPVw5iew-qhYCg4NvnnkvgYTJr9CikaN9J90z76_SThnaMIkKjG9b6PvwJltIEPRrNRmtN_4c_4326KVzc90RPVb-YbuKwjCQuFeGkR3BBx_qojQT87Jw1YHWgnbjxJHeDsMiCmWsJ9gEdQ9xxg2VsUn7pZkZEDUmxTPffojqD0BiKzqlpE9-3p6uzM_IihidVPTxxaofEPMefVE-3gToM4Dbobvk653D1dJkKF5_zDtwRwwswbTjyM_mSiXDkiRtd1rBkPyIGyqOWyaHGZd_pS-u_UibfXRLCNLf1ldnjlLSFr_lNeWeihawb7bbgMO0usZKAdzeDRLFkZbVryX82NZHw2M2KIsTgUtoCbF8tL_nnGRdy4TcN3OVxvVGQjeVJYM5SK3NH4cuXaGXG7wH9RBRSlGPD-EwmEfKxSetfowDkFHwAdNqwkfbFtqUEuC-aVcihYVlU_xEIcudFLqMTD3ZUzTmfT5nQPkYtMeQsNj1XD0rv17wwgvIwaAyqBs4c1_yQEp4iCIpHwkXtUjsd9tSQqW26CFtTb28KRkuJNHY6lqGG1nrf_93BN8YZsC0b8vg6AINPVrWt6CiMWpnxOKKbFTjh64EHY4g_QpzLhQ2QuFnN3tzLx_3Mb5uzFwxf0y65x27oI2uJIZsz6QLiHKSJ48b5bZm2zKBAVhMO4eCB6zBVHrAyDnIpnDJ-S4wDeshVp6wMm9ZGhvykHsWM6nukDAA==&xkcb=SoDS6_M3jA7yTqTCYp0HbzkdCdPP&camk=ethIe0s0hed5mhSVDYdqwA==&p=12&fvj=0&vjs=3
Data Modeler/Data Analyst,cloutcamp,"Hybrid work in Gurugram, Haryana",https://in.indeed.com/rc/clk?jk=511e725acebc4272&bb=5LdSzjLh-sEf42RDobrYTICBBfkUp3gI96hfW1o1QGbk9QnTaEDTye9MyH3gNu__UlTb-CAQYHdzEIRXRiGPHhxKeiekPwyz89subMSHrtxC7rNLr0eQYVUxNRKOVwidRehE7TP3eeNeDEgW_KIS3A%3D%3D&xkcb=SoDt67M3jA8P8iAfKb0JbzkdCdPP&fccid=dd616958bd9ddc12&cmp=cloutcamp&ti=Data+Modeler&vjs=3
Data Scientist,Amgen,"Hyderabad, Telangana",https://in.indeed.com/rc/clk?jk=20f7673c05e8df30&bb=M83dw3BgmJtHU7Dei3WurMdhqZ-rEhyKcXvP9WHaGK4eEeuXQEFTsP7dbYcZYmqDQj83UYhUtGCcgICf0iOJAiq5sKHbflDQ18X_y10EKUC6av3J9D2mnAuqasq3f8b5hJnScxvneb40Qi5a1H1Yzg%3D%3D&xkcb=SoBn67M3jA7_OkTCYp0DbzkdCdPP&fccid=ec34037a9c92d805&vjs=3
Data Scientist,BIZ-METRIC PARTNERS,India,https://in.indeed.com/rc/clk?jk=aa6171aedd8d53b7&bb=0yFN0yDmIeQes4DuWHG9o8eJd4xuQZHSDcQFd6pqIxaOAFUW3ahtCB0W0HJ0hOunO9nLXx9myw2yUvO9TdbhPgrLBQCfynq2Bj3JcwTyGyLWmjUZhqIJbP5e0YrnRZ_dV_Sn5FZYKXDuFIGaCylkMA%3D%3D&xkcb=SoDo67M3jA8dUEzCVh0KbzkdCdPP&fccid=0ed67941959bd3c6&vjs=3
Data Scientist,BIZ-METRIC PARTNERS,India,https://in.indeed.com/rc/clk?jk=aa6171aedd8d53b7&bb=CaEVEDiKwnCVkjBn5WooHoEqgG3uYdTy9zn5M2Ox5FwJpNCDJCXZGlE-lNYedGrxdM_M6hxrrSpWaBdn9AqdvJk8yN68MSnpmM3Qqw7Nd1IRTj_zzdLIKF1Q-9OcJ1_HG72joYHY19eKSzRqlXZsjg%3D%3D&xkcb=SoAd67M3jA8BmlgfKb0JbzkdCdPP&fccid=0ed67941959bd3c6&vjs=3
Data Scientist,BIZ-METRIC PARTNERS,India,https://in.indeed.com/rc/clk?jk=aa6171aedd8d53b7&bb=XbERbbPy2qSIfOLjgbo3XwUVHEeY6j2u37oVZO7dPCNwFTIhL8RZnz1QTx-qAJ4u8qZob4XYZCJPVFwje720BYk_IMegOItavTOUNmBQPHLxpkdrkKMUvetZRneP2NqmyKv33bOky4yVI791p-_yEQ%3D%3D&xkcb=SoA467M3jAtqKCzDVB0JbzkdCdPP&fccid=0ed67941959bd3c6&vjs=3
Data Scientist,BIZ-METRIC PARTNERS,India,https://in.indeed.com/rc/clk?jk=aa6171aedd8d53b7&bb=Y9f3KlSxYvwPc-bC2GGW4ZA5p_G-vfy29fGBs472xsDSsfz6UczIvZPT9QvdxLXftqgV3AH3uJlE9Si7qA2T-tL5dZkhobPTzEzbOBqk5jSEYVtIg6BDqzsgtv1PTW9KoiC3YbAVM1sZAWJz9QIZDA%3D%3D&xkcb=SoBx67M3jAt08wz4kB0KbzkdCdPP&fccid=0ed67941959bd3c6&vjs=3
Data Scientist,BIZ-METRIC PARTNERS,India,https://in.indeed.com/rc/clk?jk=aa6171aedd8d53b7&bb=k5C0MGW7E2ofX_ABdA8wBlMThhXcpkVtOxu23B-6HjiNrpBLESjx6uCUg_QZWDyu82yyQJSqnOhfMxL-JJ3B0ZhDEAVhwwNDAkoJ2-wMDZ8exwgGx72wss3JnBwtJpBC-dt3Od-gQNw_KvY4yICvcw%3D%3D&xkcb=SoBT67M3jA7h1rz4kB0BbzkdCdPP&fccid=0ed67941959bd3c6&vjs=3
Data Scientist,Greyamp Consulting,"Bengaluru, Karnataka",https://in.indeed.com/rc/clk?jk=d284106e0cc9df42&bb=AFsGf_5JcnsmESCmWcgKhUO35ZeHQOPuZjB03HGB3O0SYMvaXMCgzd49Vcy5te6poJOPD8QeCPmlG17_q5gGuxaWs1_b4hSrAjoWPGk61cFM9TEKtuu-HXkJR0IiIcBDdJhCYJ2bkMA1jgeGb6hoGQ%3D%3D&xkcb=SoBQ67M3jA78Y5TCU50JbzkdCdPP&fccid=516af145f4bf7825&vjs=3
Data Scientist,Indium Software,"Bengaluru, Karnataka",https://in.indeed.com/rc/clk?jk=b193183a617b0e3e&bb=AFsGf_5JcnsmESCmWcgKhbFf0rOUr-pjj3zsMUNj5ednRDQh0Bq4Dvhu76Dx8tuLVYwh5h6nUxZBrtywWRMMyvMi-pSO96o8SzvRgp7CUJvhynNXtFmKbap6_negbBv9xbspnwz0rGwgJBusZh1j-g%3D%3D&xkcb=SoB567M3jA78Y5TCU50LbzkdCdPP&fccid=a0543e7c87369495&vjs=3
Data Scientist,Indium Software,"Bengaluru, Karnataka",https://in.indeed.com/rc/clk?jk=b193183a617b0e3e&bb=Y9f3KlSxYvwPc-bC2GGW4UvFie8JO_d_4Ax1O_LQ-lyOY-7H-XIExkv1E5TEM7XMUxGAkC41y7PAzeO2iYNszbQxEYdf8UBW8YLF_ko8Z-fZdUZRNkKzCcvVlhwZBpRc1QmLGbRFkaEsGPjWesJLWA%3D%3D&xkcb=SoBY67M3jAt08wz4kB0IbzkdCdPP&fccid=a0543e7c87369495&vjs=3
Data Scientist,MobileProgramming,"Bengaluru, Karnataka",https://in.indeed.com/rc/clk?jk=7929983d7edc990f&bb=AFsGf_5JcnsmESCmWcgKhaOt_EL__yGX-CWCSoKRB18MrGGrSRkUlRHmy19VkH_v7diJnTayUAwHUNbop-nYLtGEbsK4IVbOjy3uvO3cwXO3qOYa7Kae7nqovbUldY8FMTL3ZhxV5AEFECVr69WGDw%3D%3D&xkcb=SoBq67M3jA78Y5TCU50PbzkdCdPP&fccid=e70d0cb4e4e9ff3e&vjs=3
Data Scientist,MobileProgramming,"Bengaluru, Karnataka",https://in.indeed.com/rc/clk?jk=7929983d7edc990f&bb=lctUE6_6i4Vjs1OWuWHOYRDT4Q7otZy-AwS2w-tJgYAvdfQv_1ue00qV0QpMAi4qU4eQeAwmhq4HyxLE6OJjwCir9woHFJYz0ld6TDQFeQq20cKADGoMDgUWd8j_s3kStcYKpUJhDIq96d5kY_AyTlmsLfxd9Wr6uDcXnBxjuNo%3D&xkcb=SoDm67M3jA70z6zCVh0ObzkdCdPP&fccid=e70d0cb4e4e9ff3e&vjs=3
Data Scientist,Renovision Automation Services Pvt. Ltd,Delhi,https://in.indeed.com/rc/clk?jk=0aff5007e1211dac&bb=M83dw3BgmJtHU7Dei3WurJWj6u5UAx3EejsixEUJmSQ_3JQtPpQ0pKvKjCSSGgNsLFBNIGIRPf9JhLSwSvnGoQ-eidD_HPnm2BiMsJ3UpQZ9z5dMwU0z3FIIHOC6INcQwWB37OTXUY0cPR8ZXfIG_Q%3D%3D&xkcb=SoA667M3jA7_OkTCYp0NbzkdCdPP&fccid=4821a309869eefc5&cmp=Renovision-Automation-Services-Pvt.-Ltd&ti=Data+Scientist&vjs=3
Data Scientist,Renovision Automation Services Pvt. Ltd,Delhi,https://in.indeed.com/rc/clk?jk=0aff5007e1211dac&bb=XbERbbPy2qSIfOLjgbo3X_fZN3Rzz7uo2zAro6i5yguvpiLN0e5q5C9s0JXIN3j4v-69OIZgR54eIhIPYaL2LNQk3DqZkQEbWaYDo22V7L6YLH0LldTEVAGIbWU23VSm7T1ytuqePzqw7Ybc9IHV1g%3D%3D&xkcb=SoC267M3jAtqKCzDVB0ObzkdCdPP&fccid=4821a309869eefc5&cmp=Renovision-Automation-Services-Pvt.-Ltd&ti=Data+Scientist&vjs=3
Data Scientist,Safran,"Bengaluru, Karnataka",https://in.indeed.com/rc/clk?jk=c35313de6cfbeb62&bb=CaEVEDiKwnCVkjBn5WooHqYeq810EmLFLdSJ6xi5x2xmYkAzT-Tnc7VMkrs19s5yojy7xcWSiryLo_9HepMcpFWLaDNd6atTxRjP-m8eiBnQHcUIiDkR10XgWHJbD4aBslWsJ3drUfIMQ9uQkZyACQ%3D%3D&xkcb=SoCp67M3jA8BmlgfKb0IbzkdCdPP&fccid=b3885ca934ed0066&vjs=3
Data Scientist,Safran,"Bengaluru, Karnataka",https://in.indeed.com/rc/clk?jk=c35313de6cfbeb62&bb=XbERbbPy2qSIfOLjgbo3X9Hrx_uSXxwXgzG6u-oMwh7Mv50EOmRZMsgeICxrB6HFN_Re_dJogHamphNl__69FiuYzEEc8CezchKM7tP2rpURD7H9tpVDGSebveZV5UJKRU2t_7J8sCU2foM1-d-I6g%3D%3D&xkcb=SoCM67M3jAtqKCzDVB0IbzkdCdPP&fccid=b3885ca934ed0066&vjs=3
Data Scientist,Safran,"Bengaluru, Karnataka",https://in.indeed.com/rc/clk?jk=c35313de6cfbeb62&bb=Y9f3KlSxYvwPc-bC2GGW4ZbEI2krkxnFG5m4MwMK8GpTPayTtKN8GgVR1El6wqNMJC5Bt2FnhWE6Q8qeajgCXw5Wth2JxcJQP1vQbC5ouSKGjlp56vlzZKV_-dv7jyL3PzcXMzvXVgI_pmKbqCp4RA%3D%3D&xkcb=SoDs67M3jAt08wz4kB0JbzkdCdPP&fccid=b3885ca934ed0066&vjs=3
Data Scientist,Safran,"Bengaluru, Karnataka",https://in.indeed.com/rc/clk?jk=c35313de6cfbeb62&bb=k5C0MGW7E2ofX_ABdA8wBoD0oqe37BmxvrutIZ7pYtN7RZJF8ywe96aU6ap_1C0NCaIU3fQYReHvpNIXnqxscIvudC1kFtHryw2Izc0RyXVCyVQmcNgH4QQ0qdAZxybyb1iDQnNR26xxSztPiIpt5A%3D%3D&xkcb=SoA067M3jA7h1rz4kB0JbzkdCdPP&fccid=b3885ca934ed0066&vjs=3
Data Scientist,Thoucentric,"Bengaluru, Karnataka",https://in.indeed.com/rc/clk?jk=1e88886f2774dde1&bb=AFsGf_5JcnsmESCmWcgKhd2RzTdsaUwd4hCLlkjuSjpED8tc1waAkZk4JKLrbZ70QYnFxP8P2WA4klJj4H9fAw0kjluWE-NczMGmq6oFi-UHbeTj5C65KV0iRruiKtXT5Hx4CD915ovWy2lKNW6gng%3D%3D&xkcb=SoDk67M3jA78Y5TCU50IbzkdCdPP&fccid=deadcc7ca64ae08b&vjs=3
Data Scientist - 2,SatSure Analytics India,"Bengaluru, Karnataka",https://in.indeed.com/rc/clk?jk=ba6b1e4950442909&bb=k5C0MGW7E2ofX_ABdA8wBhS3_Uyv90Kl5zllLCfgB8V1sQWlvyDj34ztRG4sbOh1Q_29xz0VIoNCq4j7_w57txfnPQyN6KIjoDyNNR-UO-kiQ4Atmo1x87VqEbV75WqR9LGi24WCoGg2RH3UAUzCyA%3D%3D&xkcb=SoDn67M3jA7h1rz4kB0AbzkdCdPP&fccid=dd616958bd9ddc12&vjs=3
Data Scientist - 2,SatSure Analytics India,"Bengaluru, Karnataka",https://in.indeed.com/viewjob?jk=abcdef0123456789
Data Scientist - Analytics CoE,Hero FinCorp,"Gurugram, Haryana",https://in.indeed.com/rc/clk?jk=740265cb37f8137b&bb=XbERbbPy2qSIfOLjgbo3X-5hde-PpzGz7p0l_2_Q_mthrB8W46isXcKQV4mcL4AaD8GcuQHDuBqGMoyI9nsEHLT1S7OfmUk66jWhzZKO0qvAIkaJOd6nriCtM2BNl2-gQYA5zOy40g2oTjmpdTVMsg%3D%3D&xkcb=SoAR67M3jAtqKCzDVB0LbzkdCdPP&fccid=a230af6e56b7cef1&vjs=3
Data Scientist - Analytics CoE,Hero FinCorp,"Gurugram, Haryana",https://in.indeed.com/rc/clk?jk=740265cb37f8137b&bb=k5C0MGW7E2ofX_ABdA8wBu3Q-LOdQ17x7T1vHttw4FRLBgi0P85nU8xXcc-hQsOpYmnHNFARdJ_a96peQyMrn0mIERapiTWhmfXaZzGZkUKHD4_pbTn9IDjLATgaX37DSL_hYoAQoGcojJ2s7w8H_A%3D%3D&xkcb=SoAd67M3jA7h1rz4kB0LbzkdCdPP&fccid=a230af6e56b7cef1&vjs=3
Data Scientist - Innovation,Comscore,India,https://in.indeed.com/rc/clk?jk=1fdd0850cc4e9fab&bb=AFsGf_5JcnsmESCmWcgKhfFh8gtd0v2ktKZB7_Lf27wEk7ZC-WZdEVVHhcCFXBONPAPElZ6KbVnp6VgkRWkSSyJrdd7N-5K2_HeTZl9AIbBHYo5agUser2slX9mhUqWS4U8OAaymOJMlW9QxeORl-w%3D%3D&xkcb=SoDN67M3jA78Y5TCU50KbzkdCdPP&fccid=b39fb6f124ce8586&vjs=3
Data Scientist - Visa Consulting & Analytics,Visa Consolidated Support Services (India) Private...,"Bengaluru, Karnataka",https://in.indeed.com/rc/clk?jk=3291e4b274977c2b&bb=M83dw3BgmJtHU7Dei3WurCBwDdN9WFzfPqwqYvL6LlFQbPN8qSDCB3a7s-Ci5e0xQGrwRH7j8_GP4mxvCmlrmQd8tEh97xbwZH1bIMh9Bn3xf1XC_6ZtIJDy1UySsjYPmdrKOai2xp4FDm3C6YLyvA%3D%3D&xkcb=SoBd67M3jA7_OkTCYp0FbzkdCdPP&fccid=a3f737e511d9fc8c&vjs=3
"Data Scientist-Snowflake, Python - BLR",Photon,"Bengaluru, Karnataka",https://in.indeed.com/rc/clk?jk=aa73faaf67930cae&bb=M83dw3BgmJtHU7Dei3WurEPXZMDCVVd7cVSJtRE53eFkz4eI5QwxYkOjIWl9455gCYi6ljpDbVNX5S6rNdkd7GVJvdhHQ-LzcliHEyHg5snQHc7fqbSJXgXrSZ0XH5M_Iou0FXes8BBPJtptcl3Qfw%3D%3D&xkcb=SoDT67M3jA7_OkTCYp0CbzkdCdPP&fccid=2385f8ebf01f1b76&vjs=3
"Data Scientist-Snowflake, Python - CHN",Photon,"Chennekothapalli, Andhra Pradesh",https://in.indeed.com/rc/clk?jk=cf9e8534e1845e4c&bb=M83dw3BgmJtHU7Dei3WurEPXZMDCVVd7a4x7oN7VF9plxXKG4IoY1n_Al0a5lswDAs1tYqCuVEqoaR9lYm2imOX52zzVcg1c6ZBmJi1i4v0d6__krnbTS4h9zuGM4Sa61yTxqNzklIS3I5FOyjHSpw%3D%3D&xkcb=SoCO67M3jA7_OkTCYp0MbzkdCdPP&fccid=2385f8ebf01f1b76&vjs=3
Data and Reporting Analyst,QBE,"Neora Nadi, West Bengal",https://in.indeed.com/rc/clk?jk=4fda93f5d3a2abe0&bb=IKUxRjk5lJd2jbBZvj7fbqQh2aplNlxLUL1Z2mdAvsJzQcyANle9jMQE6W4zsRcIDajfF-0TeOlxMP0eSObwZMOVl_LapKc6tIcLWW1AymFY91WHUfGIhzeveZ5HoAN0S4_2SuV24JxKxB7egCV_vQ%3D%3D&xkcb=SoDq67M3jA8Nk2zCTB0KbzkdCdPP&fccid=bfb394bc9a4b4f1e&vjs=3
Database Administrator (Maintenance & Upgrades),Chris Johnson Business IT Solutions,"Kochi, Kerala",https://in.indeed.com/pagead/clk?mo=r&ad=-6NYlbfkN0CLrvLfsp1vnebuLIu9QcVHNdyL6p06jodVJj786ChX6uXYqJ1mbNepI6MTQyjYdPzencZBX6xnkfY9mv-KrEVUwdTJ0IwOiS566h9uTUg4a7SEng30IcaqgIHY3f_A_4NL9mUewuWuNNRk4OT0eQtlhz1fGiN-0FbT61_ZxPzrlTcMMbwKmfE40nym7B5EnuKVbcVQr3cxw2u8k3900ntPlua2tQIdgKOTJhWreQVLl4ehI3ap3cRAmmd5xbWzXldgfu3Wn-Ej2OolCKzfVDCAT_Gbuv4VlzqVt91t-vOOP2xkwt4Hz44DZRdvvlEov6DvlIEg6KzFshNtJbGZhnTI4L067NJ_OEdvTDmbZoDr4qQi0KK-nMmtocVaW9sSLpTc4XHEygCKavHVtlAlI0l41YuB51YdO3590gLE2us5_ISOHFFcqpOqwrfxLwX8L7p6ZAnsHzz67wbYp-3YcgzSwkDuOuo8FVagd-g7AS9Mb4aadDrnNoWaniiRzpmHHsgCSEbht6EGKn3lFO4h1sPm5wY7aTl-s6YWVMZSVlYMz5-A30RwcAT6AMBfNd836KGggzaxnJZRCoSlgp4eE_QAyLr8KNErjr0K-ZMUP4jIqQ9rrW7wTRjUu-HxZJc1ksm_0kcLqfPe15aR8DWWs0T70KSLhFUcWhELrXBw1OO20UJTw7KxFUXz4K8M3vd7B-RxSFBj1EIF0g==&xkcb=SoDE6_M3jA5PJiAepj0GbzkdCdPP&camk=C3EPSzFlQw_JEz1_h6BbKQ==&p=4&fvj=0&vjs=3
Databricks Data Analyst - Join our growing community,Xenon7,"Hybrid work in Hyderabad, Telangana",https://in.indeed.com/rc/clk?jk=642a73b9178a6768&bb=5LdSzjLh-sEf42RDobrYTCaFYFXo7maZa7rNRA6oIL-NfRpNPmDNyPdnZmM6oIO3b-cVDT-cFPVM4VJeL67ni1XFh7o2dJYBBCrl-RZCiZeGVxkNa-QOj8Ga-b6OvhCuAODSbeqBo-kTcfeQ8DQ5TQ%3D%3D&xkcb=SoBK67M3jA8P8iAfKb0MbzkdCdPP&fccid=d84809e930ea5fc1&vjs=3
Databricks Data Engineer,Optum,"Bengaluru, Karnataka",https://in.indeed.com/pagead/clk?mo=r&ad=-6NYlbfkN0BWpgndjYL01xMr26yTqLCDFb3b3BUdaEwmMV3w6lpNxfdb7iEvGm0gmfmM0o9B9H9-vYCdyBADKXTsdLB5oujns_NX-8seANSigvCCTrBVlNDQx8BDYHeD-wbPxYjpd5J-gAEXSKjRxFuA2EzU5YP-52oXvYUV7_joQdTix1KRWixXdXxksEVvCMK6_NCi2CZuRnj7NtxDaybHC_cNfgXbI7tQf0BFnjYjT918dmfZqOXhEbU0Zk0J3g_m00NA32MxzAxnofwkeOUZ-RyFWUKPj0nqscBKZQwqxolHDHdlUmdFQuXJd9GlSiecO2EImV96eTbi4i5WyatWME9uFc2tirD3wixQSTf_HROvMnaFVcbCOJblxWws9Pq1d901xxt2hfMviVu3Onzv237LqOmIBIzmKqMG4xJWKBXtk3pOg0Be6PcLiiyxcmVrNXTqo9rpZZIoYHVfancwNKq6gviHsa_KCiOd1zhXWMAOJsBnkoFcHZrjEY7kNeOGj8Yv-NzEjVJozZrm9KXNuy27vnx1Se5bxc5XLJu5rDnC-zabrsRDpOdaeop9gAKJzWwNSBDv23jB61AYTYS5sLG7LFBKD5nnhMz5RJXRh0ZvuD1dyJW2LfrnOvhXvxG6EnXQnuhGABd9bjiBM4kXtKlUl7GKepBCuP4Nid1cpkuh1c_YCHMpENR0PzjpEJBCgQg1AZL3io0jV5gZxX0z4xhqix5XEdpgn7qMIQAepL-GpaokE42cbWemlXy2GIOIY06o9q-eiL9xW56kKFbLnBeHUqj8GE5x_1JPgrVRYxvOi6ioTA==&xkcb=SoD76_M3jA7yTqTCYp0FbzkdCdPP&camk=ethIe0s0hed5mhSVDYdqwA==&p=14&fvj=0&vjs=3
Databricks Data Engineer,Optum,"Bengaluru, Karnataka",https://in.indeed.com/pagead/clk?mo=r&ad=-6NYlbfkN0BWpgndjYL01xMr26yTqLCDFb3b3BUdaEwmMV3w6lpNxfdb7iEvGm0gmfmM0o9B9H9-vYCdyBADKXTsdLB5oujns_NX-8seANSigvCCTrBVlNDQx8BDYHeD-wbPxYjpd5J-gAEXSKjRxFuA2EzU5YP-52oXvYUV7_joQdTix1KRWixXdXxksEVvCMK6_NCi2CZuRnj7NtxDaybHC_cNfgXbI7tQf0BFnjYjT918dmfZqOXhEbU0Zk0J3g_m00NA32MxzAxnofwkeOUZ-RyFWUKPj0nqscBKZQwqxolHDHdlUmdFQuXJd9GlSiecO2EImV96eTbi4i5WyatWME9uFc2tirD3wixQSTf_HROvMnaFVcbCOJblxWws9Pq1d901xxtZhfL3mfuhY6Tz2_89gyYS9qdkfqxKpU9bH0D06Fdc8mrZOUxG-T1aVEi3TkIHsLsr-tBN5kDmpP5NvePfFWCIeMe4WWtCxqgSMGmFg_uMdnhaBOl3qaMbkJ5sAfYIVRcJL0z3sdrVUKSphbUtcfRLH-pM3b4OaAY3oHEPCs7gtafZYehRj_Vt4oRvovsnrAQBDfH80zEywhkNa-LP7AHWdPRjd4GToIzdNVvpzkskR0rxJVn90vpCoLdKICwpS3OkEWC98apU7AONCWKJR4dRDyYSVSxuFKL1pzxWGbuOSHz-7oFz04t1qvXH62VHT6Ey7Z2yn-Gt1jG9vEHoC7eAfe-GwDIaH-O8fPokVJ4CiZ_-yllxuzzMjgFXFLqs6znWY2lj5DkC6GLabSGxwAly-ZFDR7g5ANnlxQUnA2njew==&xkcb=SoCO6_M3jA7h1rz4kB0DbzkdCdPP&camk=ethIe0s0hed5mhSVDYdqwA==&p=8&fvj=0&vjs=3
Databricks Data Engineer,Optum,"Bengaluru, Karnataka",https://in.indeed.com/pagead/clk?mo=r&ad=-6NYlbfkN0BWpgndjYL01xMr26yTqLCDFb3b3BUdaEwmMV3w6lpNxfdb7iEvGm0gmfmM0o9B9H9-vYCdyBADKXTsdLB5oujns_NX-8seANSigvCCTrBVlNDQx8BDYHeD-wbPxYjpd5J-gAEXSKjRxFuA2EzU5YP-52oXvYUV7_joQdTix1KRWixXdXxksEVvCMK6_NCi2CZuRnj7NtxDaybHC_cNfgXbI7tQf0BFnjYjT918dmfZqOXhEbU0Zk0J3g_m00NA32MxzAxnofwkeOUZ-RyFWUKPj0nqscBKZQwqxolHDHdlUmdFQuXJd9GlSiecO2EImV96eTbi4i5WyatWME9uFc2tirD3wixQSTf_HROvMnaFVcbCOJblxWwsrt7BVs-P6fb0eLgwZj4n3jRzVpNG2lcP4X6rPcbJ6KDCO9x-NHASWl5dELxpUrjDcIExhjhPpSecilZLVCTBaLpETWxNJpiDI614sJNaozepq3AIFsWOkQ6Xs21ItWesoCKgAgvdCtdCoa9j05tkv3Qqz_HHsb08BJpXq1sjfOw-04xm0Ymd_2bZhBL1a3m8WZ-yywcw8QD4Jr40i70uJgSoOP7ykZmTPPsBNJZGk4rdYCNf0z_aOqxtPAhj9uKTYD3lExnZTHb5j31AHVaf6KWXsTrdeG2Pe_jhD_pcqyWPxfmWMT5YnP3eEVZiBWS21hAU3KhliruvNHbimTMOvuSLOQoQ0wR7hd8noFrMKy68raPNyxN-9GB1zDUSgA-9DTLoIW2DFdF_09zI-6VQmGEK7oeBj8BHocWNN-nlH0bIoBDtYFsFNg==&xkcb=SoA26_M3jAtqKCzDVB0CbzkdCdPP&camk=ethIe0s0hed5mhSVDYdqwA==&p=9&fvj=0&vjs=3
Databricks Data Engineer,Optum,"Bengaluru, Karnataka",https://in.indeed.com/pagead/clk?mo=r&ad=-6NYlbfkN0BWpgndjYL01xMr26yTqLCDFb3b3BUdaEwmMV3w6lpNxfdb7iEvGm0gmfmM0o9B9H9-vYCdyBADKXTsdLB5oujns_NX-8seANSigvCCTrBVlNDQx8BDYHeD-wbPxYjpd5J-gAEXSKjRxFuA2EzU5YP-52oXvYUV7_joQdTix1KRWixXdXxksEVvCMK6_NCi2CZuRnj7NtxDaybHC_cNfgXbI7tQf0BFnjYjT918dmfZqOXhEbU0Zk0J3g_m00NA32MxzAxnofwkeOUZ-RyFWUKPj0nqscBKZQwqxolHDHdlUmdFQuXJd9GlSiecO2EImV96eTbi4i5WyatWME9uFc2tirD3wixQSTf_HROvMnaFVcbCOJblxWwsrt7BVs-P6fbB27PD6WSruTQuzUFYuJBQLithK0UDZSdVjqDBL_5FtW1FaFhKTso9J0mERw7YUgxRP3G7y_tVzhdr-iXeDc1wnKGPmo_ok_71bEhyCl0rWQpGHHNVfYltQiV-Bg68KySmGxRanX6o6iM7a4vZYkhwjrjRQyJWkJO6I_Ubh5wYsahLl4dWJrBFuxBuMT5QFdh1tfiSbwL5spq6y-pCMIXMOjUVFOiD1zx3uS342EQ1Z4txy2cnyGIxea_80Bvo7NLEQP8NTEDBdt1ezk11JwlryChY_1Jih0eJ86upO4k99uTR_4jhQNkiVwxwA9WjFwiwF2Ho0hVtHQdcKkzxjlEraOVmHm8qdP1d72zL-PyCxfoff6anU3hMHaD_VTeF9gyOWkZ2xxILKtOU4Z_0IMQfRL5oSQZw1wKCX-oiAuhwWA==&xkcb=SoDy6_M3jAt6V5gepj0AbzkdCdPP&camk=ethIe0s0hed5mhSVDYdqwA==&p=11&fvj=0&vjs=3
Databricks Data Engineer,Optum,"Bengaluru, Karnataka",https://in.indeed.com/viewjob?jk=0f1e2d3c4b5a6978
DevOps Engineer,Optum,"Bengaluru, Karnataka",https://in.indeed.com/pagead/clk?mo=r&ad=-6NYlbfkN0BWpgndjYL01xMr26yTqLCDFb3b3BUdaEwmMV3w6lpNxfdb7iEvGm0gmfmM0o9B9H8ef7sUiZbIz7B_N3N7mrEBm07-cHf8-wSJp34I6b2g81SuydIsk5U1XtBVqiXQuk6cVy7ZBBFljgRRv72JM-qgTuOMirKikD2x8VkFCG5-TafgUODLkYq3jGnMZoTWZs8Mvpoj7luRkaK2EfislqFkhUzyUCSJSURsBYK82ANATAKRDhp8zWv_ee66BvThjnShRGPA4K-8keEcGrvXTLqyTMJY6UVfx4o_TSzrqQ5T59WDZpTqDNoJxAnPI2e0IbKCdszYZKh7rTFrqEWPvwBV1MkZAFW4aWeQ-rHQEKFLp8oXUuflrtRh4Iy91FRPfO13RQFdSbR0-OLKa6s8g5xkGfNOsMxaSgAyAAyRkC4cCXNpeUtbXeLEzC2KULVu47RaTnZ8m_JSmnCljaBxLziS5R7a2b2k_nVe1YQ6BRscN5xPn23U7QupBE5afujsQLZWZN9ggZGBmaz4qEgMJTAkFTuT-eTQN4Y6SCdln8vnscVBvjeDckZNkOTUMPm9DxEzewWm0DQTNfZRFXB5jXC5fPmFENkLXYczfJdtTt6x2zvnyFEKVrSH6SQ38QraGy1CCfv4KCZPGOsc36Fs1JhmArm2B9yJxdVMMyM0MPn_ugcB8gTNMvWIpfxFMFQeItTWQWrgfQFOAyw47xVv_W_45D4x0Cfz8eOQoBLWOnboMaIRbh4-gSJmxI5y-BYwQ4R0h3YI5e5_w4Fkm-JE7tGNe9lcW7WVioJHOF8dCW78bVpdJgByOD15oob4HrW3wpc=&xkcb=SoBo6_M3jA41yxTCUZ0BbzkdCdPP&camk=ethIe0s0hed5mhSVDYdqwA==&p=10&fvj=0&vjs=3
DevOps Engineer,Optum,"Bengaluru, Karnataka",https://in.indeed.com/pagead/clk?mo=r&ad=-6NYlbfkN0BWpgndjYL01xMr26yTqLCDFb3b3BUdaEwmMV3w6lpNxfdb7iEvGm0gmfmM0o9B9H8ef7sUiZbIz7B_N3N7mrEBm07-cHf8-wSJp34I6b2g81SuydIsk5U1XtBVqiXQuk6cVy7ZBBFljgRRv72JM-qgTuOMirKikD2x8VkFCG5-TafgUODLkYq3jGnMZoTWZs8Mvpoj7luRkaK2EfislqFkhUzyUCSJSURsBYK82ANATAKRDhp8zWv_ee66BvThjnShRGPA4K-8keEcGrvXTLqyTMJY6UVfx4o_TSzrqQ5T59WDZpTqDNoJxAnPI2e0IbKCdszYZKh7rTFrqEWPvwBV1MkZAFW4aWeQ-rHQEKFLp8oXUuflrtRh4Iy91FRPfO1iN1lAXRkXC9zaLLEYZNLmov1trCSLDbntKH-S5Ptq0kHCXL9TpPsBGpEr0DSZacHJakUTbTSmtNpQuINLTASamGpZ05EoILWCe_PU53zS7i-Ms6zXS8-faYJaurZJl_zdRwicpUqUKLKHa5BcW9D6j1bMi6SBonYeBcxOd-n6VroPavVl0hYhwGSACFzuxXk0PpZZ5F_0aC8pgCmiWTZT9dqeNMEMNLNfInKOyvBb9ACW2jhjdGbzxgSfFLpzC9JoHGJ1Xpkn80zdXd-YIk1Y79E5kiqPESn6s8Nyb5eHeccHTjeijzDsweynk6FIWEjrhCvKUiAgf18A-a8reRz8dZPhLQxO1ZZ7EbsDvupVSj1W77mDE5gkWTkzT64LGBG429VQkRarDjk48_JVGGOCnPvD8DX4fQMgenP8x2uuwg==&xkcb=SoAD6_M3jA5I10TF0B0JbzkdCdPP&camk=ethIe0s0hed5mhSVDYdqwA==&p=2&fvj=0&vjs=3
EDM Lead Product Owner – Material Master,Kimberly-Clark,"Bengaluru, Karnataka",https://in.indeed.com/pagead/clk?mo=r&ad=-6NYlbfkN0Dig86G4ktrN90rJm4FEtHzKKttloEdrrFpX9HG6zKuQJcrKlbG4JtboexZo-b_V6wulN2OPqCO-VcljWoKFTBWPUPhW_2s46wG9NBIH_UIFOYunMjKVipH9Lg142v7BaGSf7pKd-LSCRghmg9X1Lr-hukj1AcPhK8utvmWSNZuTMvfI5erRxrUygl_EKmLjVgy3kT4wGSEeSYjdPeLxTHcEYq3MBOlrll4XRXHo61cRJK4OomBGuzKqNmtQSYWzjOPfaLtSJMVXZHRe8W5ftwT5179OPvu-k5hzIF92H6fHdz2jgCDZxymAcnSJ7GP77vLWbpS3nM_M5NG4bZHkP7eRYMJfgB9I9HLBZe3iD5-YU9ZroniaU4QXE0qDOzmHY2OVtZkRi8AbIGbosRvQyCLVmNh6TEes_rPLT0R-1bUDjHoMDmT0PSM5eboNfWiepk01XcFy2ps4kVyXw_6onHzKzy7zSglj3GHfUt6L6qEEcy-AZXOKh2FPEv_MqExwzrVwl6YgGcTTFBPhNWwBzwgAb5e5OO_2AZ7W3saGMbDZvdtOuXLy_8aA4K7fyM-5OZSITwhpdboAe3bZnobjsmExwPgpROS0XBHi5Ab5uawP3UMgEG4Z5JDRstYAnpzLhc_OVgJEKuMOWRh4RXvcM9t5IqlcbrttoHK3l_4-6MO8btsnRximaEDvi0R1m4iYbr6BQMCBPY5E-7E_N_3iZqGCiLDSre6jnoIf03x4R4ZvS1ZxD7gLY1laTJU2KNaA6fPIL_9wkN27gxM60FAjnjOy7_X4ESyi33iF7RPeIcVRUlw17bsVlVXqK987sxtpHP78uQfM6c98ts7NyYmHJCEZVCAVqCejgyNKeK4A-xHxWf1LYVcZ47XukKe_K8Gxxv5g6RGLDmOFS540LQY-knvLuugzzM2BZQ7_nvYFtv5b7KHZoWmqBWHVXPofahoXaRpAwgHZFaggxDYCROnEobWNojmt7enrvs5xZAjkz9BqcZz_5_kNNMz9EqdNltV1ilKDBqJKWK6mXgOSRDL-FSGP1iwESq8p2B9I_p0Q4GfRfOPXHJiYLmQ1YzAedU2SHfO_WatHNRYtGuv3NP4PwrAg15CglVOWY2ooakoRaHA9DjGZ7I3095YyGL8L3Sqm2EGLDBOzoNdu1o0NeE_qBT_7XzMpBiIKW2cxEYOT3kEU-Z3l3nCLNuaQ6FOTF0XuJqPRrF4Psp-N5eF3TxxlTjRJhFK91wpI0rQDUqtmdZeB_QPCC1Jo1IEAsWKxwpbYY_Fnb6e8E1Og40PTpZbIYdaBHaum9Ik-m-sKu0GkPZfCqYRGt1mOmVAA4PJyI-MvUeH3oAh4gIY7DaCJHknP8xn08YO93xNAdYmFm6BLjyf9lbC0ay85wREFQXSPIMKOlE2C_7UrxC_aw==&xkcb=SoDo6_M3jA5L-WzCYp0GbzkdCdPP&camk=C3EPSzFlQw8AM91mMMnDyw==&p=8&fvj=0&vjs=3
EDM Senior Data Solution Engineer – Material Master,Kimberly-Clark,"Bengaluru, Karnataka",https://in.indeed.com/pagead/clk?mo=r&ad=-6NYlbfkN0Dig86G4ktrN90rJm4FEtHzKKttloEdrrFpX9HG6zKuQJcrKlbG4JtboexZo-b_V6wulN2OPqCO-eXXcApalPt2kIk1UkcJN_hwTkezKoaliENl7HOCm72qQTeE9lvlla8P2DgbcerwKAVJzJbt6xDeXVZcQt4rj0e76Sux01sevCSvh3O_EAxvb2mEmWHYokndPqOgtg50vTqfRsHOkHCTfl9aWozgsnJva-GFPmmN9APGNXXDMVU9M2AmeFpKOln75V9lpd3hj5X_mcVsPjiMuvDpdLbEBwNqUbJwmHoNVoHLp3xvxATl--IU_QMgPvNIVHVvIxOuZH3oJGBuTiT_f2TRSvMRz5o6aBdmJn8Tap5SfpGzIGhO5iQMCTE2Y-iIPBFdubtlBozmjAlQv1WIErbLZgmUVW9B5PFY0-Yff_xAHMFHHMENH3tz73znp5ODQYSCvuOjnkG2DF7iAQfm-hRRCTW5S0EZD1bM2dOWPgrQuPpmwjq0gvqtebPUWEF2x3ZiXsJrvq0RzOhhytRlT_o8pgk4tfuTezupLzKx4m7RuTrl5apD1qyD8TY6f4pbPtK-Gpgkrr6gqeBduObBAC6ijXmmJNs0j5RMdULw-z3j2FTwK-jlg6a0D9gwWUNbhooUGV47pErVw7cOD1TlayncCS98UiWqpUvb1A5Th2w_o-LVkt3j7NcfA28OriuhQDG8mVqych_9RWx4Am30EFLP9n5juJ97Os0MmopOLJnXGCrLcVNAhgHUvIJw-ZGtDV-4TCpuiYim5Vybems6Yurl8PhODrlC69Nb6ebtqb4ByGjqJ8ed1TBNdaawUe3BoIckhxxrAXVuBKN3Vcol9zj-dJPKhVjnb3bM0HP8pqLe2agOZpKwDSMOqdcmb9yrlpLnaWjfw7wC9LgqZiBRTrWMKfLvmEGeP88V3Ibe3iH_xHEDBIPhDzt_9d0AF0QBvQFlZcWD1MiC4digALFzbU_KhW_ycTfd6BXIltPMHsL8UZAeqWHx0phl5WBuLwr414F8kd80u5y6Nlurqq8YxvtULAoAGd0WyWeMKoMo3QwfNPlVlMTdAS5XmpYLk4wV9K1P2huEysihKHFn7IxakG0OgSiDz0HwP4nZQUwPDqKa70ingZOtCRIGwkPqjwWY7w5F-v0p67jkT3h52igHA35kWj2oAe16uZqgLv6LL3AjGuXU0zF6l0DLvWNF_qMecG3pOveokxF04LKSW7roSENCmKFI7EN_Fkepb1aHZDwrCjlFQgjE5Bl8fiNuwHV5D09KRQzFJ7uL7s_8v9Gp2LNW-AAHHZ2pBazR65gJtZedxFOZcrQuCJF4GhLPN56ToN0t9TX9Lo1fC3HpqhvhuIAdGRopWDkFsgrxWkkt-UdL3ifk8JHyPIMqxm8lfuz1iIOZ8pRD8gghwtV2mhYtd6ssdNXRnEAp-uKrRwYOEi6DYSOL_Y7T&xkcb=SoCP6_M3jA70z6zCVh0NbzkdCdPP&camk=C3EPSzFlQw8AM91mMMnDyw==&p=6&fvj=0&vjs=3
Engineer II - Data Engg & AI,Anblicks,"Ahmedabad, Gujarat",https://in.indeed.com/rc/clk?jk=6ee057e1d0db1c7f&bb=FWCD_gZjr8CaB7WEgOPPmtFsSjcVOFWLU09iyuXyGTRZF3g9z8pFWh5iaSx7YIp0nP7ck0djyQ1lPFUQvUldBcvfZwv8tJYpyzwS1rsCy07LCJH6_P73_MmMiLOLyaUdFbjSYhgyKi-IJ-ykn2B6yW41mdOeaDzjA8kvks2fqls%3D&xkcb=SoA767M3jA4yH3AfKb0AbzkdCdPP&fccid=e0efd5c38293090b&vjs=3
Engineer II - Data Engg & AI,Anblicks,"Hyderabad, Telangana",https://in.indeed.com/rc/clk?jk=063582ae003b2a47&bb=FWCD_gZjr8CaB7WEgOPPmngX2n9vHfV3hnmYNp7vKuhnVf9r5ripUb7xOcGNc7PptPezdiL8_uIO0vjgZjdqPeSL3PAHm0n3FzI9dH3N3p2r2X9uFSOP_iQQ6qerxUy8zEiKjf7CWPv8lEXzDizrZVSxR3KeSGAclKJrWnjza9U%3D&xkcb=SoCm67M3jA4yH3AfKb0DbzkdCdPP&fccid=e0efd5c38293090b&vjs=3
Engineering - Client Data Engineering - Data Engineer - Analyst - Bengaluru,Goldman Sachs,"Bengaluru, Karnataka",https://in.indeed.com/rc/clk?jk=b2d2e6e6a60e9f54&bb=IKUxRjk5lJd2jbBZvj7fbt1hoQ4roCc2OdnsrpV27hq77i4GTKnnHwU3HIdRNsVmES16SmI-OMtRKFYePwYJnKyFSOySm3IKcQlfINBXINlk18r_BDqH0UDr8i6zik67k9wfTW4MWeiuZ2NGz1B1OQ%3D%3D&xkcb=SoD567M3jA8Nk2zCTB0ObzkdCdPP&fccid=16a97ed26c75bf2d&vjs=3
"Engineering Lead, India - X Delivery",Boston Consulting Group,"Gurugram, Haryana",https://in.indeed.com/pagead/clk?mo=r&ad=-6NYlbfkN0Ad1FFWZOsBBwBZDGouyCcICeLSd3pQct3wJ1q5dPO7JNFPcbpYQ1XCYdTOV-ko2T6gAykM-5TFFLvOEfBtyxvMtaGFID2djxYM3DjIQUnaYlcq-wyU1nfVy0pWxOgzlXbS1HfXqNB4ld5Prgkbn08aJC-IZOCDHjittW4F0T7l83Z9snGeChSHJK9jebUIkkJ-hd3AS9yE7E_L4764JVab7i4ZYHVtydr4Q6XYEypt4uOSWC_Yqhbebs3PFFBcPPO5GnsIToh0uyhYNE23kjaFtPuAhEe4WmMXMJxqRnlxPLePYT6Lse8UczSf8tUuCcvyucHRpdRBH-CLrZzg30qWKRLTHyPq5E_cI3Izl5pR7waVhRR8SHLBqOtFDUESufuymNvHiU3hi5Z5bZpTpjTiaXfVvmvLjWLvMCFIamHrThzYwoxcvskcpJ8Weg7wS4Z233m8Knr-lHZT1Sql920ssofBZtrxW3CgRnx3HWwsOBmbnwtbUSETCLjS5G8tiHFl2vA8zHX8b_Psqx3MNutywFjen4IYYC-ZxPWE96jYDgZdwZbTItZX1tqWfWl2GUDI9-BPXjGXJJ8aG-PKulAYxTI9ordRc3DKGyyRFq6252XC_ODTQAozCW1gPoLfsc4WidX5aTSA2Rryfb0I1Ud3Myz-AU4lvNJWmSEhjRMwBHEN9FmdNYtCoUJ1QLV8BbVPgOJqu1TFMVXqoMuM7WBGb-vbwhcjlxB8uIDXZIpwKtlsyDDvRykmVEngP6XZh-S6tx9D-WgRSbA-IqIH2jS0xgUNOX-RBtV8sCk17OSD48tpvPkS-82p1688Xkk_Uf7wKmQAhAlXqOkzRhKo95Cm41MzJ7Iz-psbspmCFGh_q5OL8tlngqAjhQbtsUY9SJT6PMP93QgRnF5iyuhtzIRfT74OTTwY9o0XAO0FgAZrjIXC2pRu06HV8cW4IVVcL62pUSOCANuh07UVNRW2wEpa9wQ6I6Vr6WHYZyjnb8y5NSFL9C3j-l5YiYJmdVkYHA9IEecwCfpF7xJTXE856_UkSX3muu7BQWtJom9uNT2i3EBO13FyoRId63JM1XFFAw9IAajJTGMWqIyitWWDMjmvc-GvH5obN5zyzOZn7LJXwd0NXe0r6rp0VHKtUKOFU18-ZqfxZ-oO2FkoXhYCMpJA1DxioYS1-WJmlqitl-QHK805MSi1LXBabxEEFg572Ll-lgke5rMnt0RmMyfvQHu48ycPHa2mO4tvORl_Y_THqTg8CZJ-I3KoGEE26tLPoXzKVolPcQ2WXsXxUrfCHQnWXZZs-VmOiA4qrNzsHnJ0dF8We_zwe056KBxJY8GsyxlKnf_8IRZ42NDLvln8BXWTAGMzx8MpmGP3XFtRozhrPOzDsyrTZaY-AknmB3EM8_LJGD6nZXyJp5Az025qSkbPQ4mQ3Z7TXe-HpiCuwiMJMQ==&xkcb=SoAH6_M3jA5ATfz4kB0HbzkdCdPP&camk=C3EPSzFlQw-Kxz8aVjN35w==&p=12&fvj=0&vjs=3
"Engineering Lead, India - X Delivery",Boston Consulting Group,"Gurugram, Haryana",https://in.indeed.com/viewjob?jk=456789abcdef0123
Enterprise Data & Analytics Engineering,Kenvue,"Bengaluru, Karnataka",https://in.indeed.com/pagead/clk?mo=r&ad=-6NYlbfkN0AnH6HNl3qg0QQoMtxRKZBdeOxG4LsryWJUV6u4ORaRKqUckZGVeOJzLn0Eg6o8XYI--C9_KIBnKupVlnYbJvr9DORniAomRrHN6TyTeDIr7HstiRZnhcmDeLZBG2WwdsTO5vtxGI-FxCxqfsMW7gSrB68AOIiWYFNngpWGM7h0wFnrpBj_9usYZ9M2Nw-PRJCVvucr_O7dv8uKTEE3xfWYwmQRBKdelu2NlSdnjd_5QFdRFgUeg488EzE7nPw0JejPxXCN3v1D4MtiN96_mrGg2WCzg_2IuTFTm6iaPynmLraEgk-Ef4uvapvUrC0Xme6wjD7z9h4m1malBqmAgKpsGFlWiqod1yPx9kuMZE0mcLrrt0jxJ000HAitCTq3rveDs8yFL-X112CHyNtJzczU5ovDyLz1ywp1TrOBoUyk8swFhhtpeKZLoQpN-4iyiLrwvpIURhmqYKT73bN-ctzXOfby7Gpc9vowvDwseSvt8qjivgs9qy5RRUv7d_9jq5faDTWon4_IeM7uTUo3JrHwI3R_qhxw055ZtETuIew-0OLK-mpSOsonQCKuxNzGPJtJ8HXxlnCAmLOKIoE3t0OvablE0ELoCFoXARNjy5DMhjQnA7ZvZ1VgteEyPDab0g6kD5MA5CpVOQrECFp9vwUgwzy5vl-SLSDp7ObdJ9HAz04DkRK6ENQeJ1oko6Lx9HiaNRMZgx823AQf3q4-PZ5m1DE0jj-1-pojVIklnbD0wcwnSEXiiRoVMR3bH2aia4u5K7NFLp0K2BuWIPrD6GQ5eT0phXhkUwwklXtTZyLl8qxPXopTVM4MmCIL8DvTYt6ydolnhZcyZ7zMCbA1tO6Ez5GkMHfCkCKtVSX7-L9-sw==&xkcb=SoCq6_M3jAt3V4TCU50BbzkdCdPP&camk=C3EPSzFlQw-Qts97afg0Vw==&p=10&fvj=0&vjs=3
Enterprise Data & Analytics Engineering,Kenvue,"Bengaluru, Karnataka",https://in.indeed.com/pagead/clk?mo=r&ad=-6NYlbfkN0AnH6HNl3qg0QQoMtxRKZBdeOxG4LsryWJUV6u4ORaRKqUckZGVeOJzLn0Eg6o8XYI--C9_KIBnKupVlnYbJvr9DORniAomRrHN6TyTeDIr7HstiRZnhcmDeLZBG2WwdsTO5vtxGI-FxCxqfsMW7gSrB68AOIiWYFNngpWGM7h0wFnrpBj_9usYZ9M2Nw-PRJCVvucr_O7dv9ucel9DHPxx3G_rdLRi4xE98Udx-nVQw_HxH4fzMpNPO19urPPtqEmr4Pf_F-Mwg4nrSTy3-0GMo53ysddy6IOEYHnNW2--6AmjcUA0U_XC7GaqqVYWcCABA2mwWv0hvikdj5BpsIUnnc0beIv7duN5-OTE0tWI3qJwwyq53Vm6ctlSbce6lCHoUwTqii0FUqciR-96GxsuPi_WiBlKqqFDWhf36P5CT1ev6MwmR5CvK7XQp8HYx6u9RNqRwTTJMPCbJodtFQJakvQW1BoAqYWJJdmS_ff4XQpRa34OM3KGE1dc5weCCVvVh_8l3_d130-0xA093WHhpcpPK7r5IphLfgdpK6MbEqu4hUFsANuC6EcBisQK8fDbRs4RVKBBcYhssr2thK1k86ScaRIHKx7Gm_dI5w62sbmrulW1oCyFaVd7dXH1lSPCdxCZl482I1ro8_Q4T3K3mxcpfGUFKjzV6ppKvxI2NLfEt9m18y806-oPmfF5o8MyVYbVYLp_ZvBFr0AJJZ2Jy4Dq37yqgBPbd4BVd4rFOqIXZHIyjnx0MYIVGGVQLi10SdeKntoPGMabZMnDEyzaLkIZwVl8Zgn5i1fb8LfkPgYn6QTVvYaCwrAYhAVViMV0hjq-KMZeKJABRYKbzT2kMWk_CHlY9M0gEMqMZsKrjXeiNigWVK97&xkcb=SoBd6_M3jA8Kn4TCT50CbzkdCdPP&camk=C3EPSzFlQw-Qts97afg0Vw==&p=9&fvj=0&vjs=3
"Enterprise Data & Analytics Lead, Data Engineering",Kenvue,"Bengaluru, Karnataka",https://in.indeed.com/pagead/clk?mo=r&ad=-6NYlbfkN0AnH6HNl3qg0QQoMtxRKZBdeOxG4LsryWJUV6u4ORaRKqUckZGVeOJzLn0Eg6o8XYINw4drc9-uZKdBrKKHmgRcEjNqzX7NCY7HgT4F6Zs2DGGZ9k40JPFCiWmgeJ-1sTL1nzKwKSGz8h6ItQ6cBr_fgD31pnuxsiClY7Frgh6SscXXSLJgK26pZrwdIqdNwf0Sj-c97OW4raYSHScYoKr8B3Aff1EUnbfRFKUnLNNIBWNKCmN7doFtTNWHi_hKJHETUoOTPNMSOSCZ4PMn1CUAMxubs5Hfm7xDat81h2fQEy7qFnUcvKXBEs-GrdtJr1Q6zPQw5iX2Jogd7r8-M-X1IVpjRtnv_9HjGAsBMwRqOfFW_spcsu5OyXlbk_IBien_EJFuHvmD8iZwf_fXfJPDZw0jcwEaZP5cqLIRbKwWdfNP3JfyIYPvnY_8D41a9HJZZsQFrCac7LRIqfGapFj6oTm3B3uFOcAZ_Z4vIHYsAD_glj8sbKTwo3mF0oGsiNL0Q_hmDonLjThIfXB0NlbRgsmtrY3lZ6ZK-x9lbiy9r_203y6Xvz2ChDvbvEttpYm2DjxtfOohxXOqSVMzgYoEDEzAckKv9zarl-G_64P08DNnbv3HwFYlfLZuisVwL9Hs3Jd_E2TjkFXBHJ_U2SetBKYC-mL0ew3XKc80B5cIIi2WPk09gamu8GJN0D52lU7r4VMG_QNVFrI_nlKUajce-NLGSCg2JxGFn9ZzbECUEnL_PPS0V3j47vyJnF0bwAOZpgK70IafB-_1Lc6HVTDlXTQFqWieX0KMqPvz-YAfx2Xm7kDnR37KxsuinQfVa3Idal9EDyFZq6TKQ6JfP_xLR4hMdxGY1QA=&xkcb=SoDE6_M3jA5DXoTCT50LbzkdCdPP&camk=C3EPSzFlQw-Qts97afg0Vw==&p=0&fvj=0&vjs=3
FTA and HS Code Analyst,Kenvue,"Hybrid work in Bengaluru, Karnataka",https://in.indeed.com/pagead/clk?mo=r&ad=-6NYlbfkN0AnH6HNl3qg0QQoMtxRKZBdeOxG4LsryWJUV6u4ORaRKqUckZGVeOJzLn0Eg6o8XYI0hVg-_8OxkVVeyCqnqBmZFYMFCx_ea6DyOOUstFfOVQePWxxNlFDtcvlHom4vliM1n1RYRBLwVTEHGa6oJdRkGR67wF04eWTpSHyNHMs25CykUB2nWX5_Mdg9p0BLAGJFbSYKaL1IzcewPEVKCC5vlpvCA-W3wvgQonCtljSNz7RK2tPmYEoQ2gfGfEX2tZnq-rcgviQl2vwRkEJP7rS73N6d3tcIOA12ayj_v_5k-YXwD71bOP66zbHjnd2CruYh76Gix5VarK9B-Wn5d6g1uFNLSOjVNYIhHgRMv7gDPlH6l_OU0l2RBVIbVSCJam6TgukZVVNKgbXI7YgckIAaSF1LqYKsfWno_RI5_ITuom3SAsuQBkSt2rrfiXaScwff6BnI0adoYzfnMPLk0yieA84u__T-0q7EMM_jWKO-deJooRkaOqQPgnYNOFM2t2Slo320avpyxh8QtaFDIPf__lSW0P2rHS9wZMFuwsU9yhPpoZtjnTz0H68Fl_KhQZhuA_McNkisOp5m6WiI4CEllSnQQV1twtx6i6AsTsuh9CSJkfmuW0Hh_evVgXzbn0CNlKnvaAwY0GnVwj_wtzlY7AKbhKFbsi3vvGBVjxNqXXN-WV8o6eJ0fwPNkiMOVaR8-5UK9keBTn4iy_f51zS2sSpmbqI0tqYDwQcRI--4u1rlVsdSMaUkzMr5fnT9PphZcXkky-pCU9BviX_s9fOtKifN9XN8FXsSl-z1rMo_kaMh_cSyWUUvsLP0Ll47JxNXzXf-LG-Oa-qvu3DIwQfmz2D3ebubWbS6RkgvPFZgig==&xkcb=SoB76_M3jA5L-WzCYp0YbzkdCdPP&camk=C3EPSzFlQw-Qts97afg0Vw==&p=14&fvj=0&vjs=3
Field Application Engineer (Machine Learning),"quadric, Inc","Hybrid work in Pune, Maharashtra",https://in.indeed.com/rc/clk?jk=b2e19f66de1d86fc&bb=-hVIZrT74NvMvaeZ15EGA5REvVKU18iWx6tpMvxGx6_ZWPPfw8mxzzddIdZsC6LDe3h8MRrmbuOf5dQ4U8XvyAM-g0oZ1i0ZnrEDir1n65hPvzcqZ8d4GTwtecuvh9P1WFrS3eeHzjJOjsc6HqWjrKIr2bt48JAdxYcuhwZFwkM%3D&xkcb=SoDL67M3jA76IvTCVh0FbzkdCdPP&fccid=8bd4bed1b0ebda69&vjs=3
Field Application Engineer (Machine Learning),"quadric, Inc","Hybrid work in Pune, Maharashtra",https://in.indeed.com/rc/clk?jk=b2e19f66de1d86fc&bb=9POcATjFhUaOuyMOGZkuUKz9K9DZU61ypLv0ajO85AGIZHpslVj_0fZJO39ViFY2ISRSlbPjA5eqVTDAWSWwvF-BlfA7y1ss361ppcbF-4UnEkr4T4qdfcrn4RmvizKNv_osDRAiaXwLP21w8wvHjK38xniRxBXX8xADQvSK03o%3D&xkcb=SoB_67M3jA73XJzCVh0LbzkdCdPP&fccid=8bd4bed1b0ebda69&vjs=3
Flutter+Python(Django) Developer,Crocent Web Services Pvt Ltd,"Mohali, Punjab",https://in.indeed.com/pagead/clk?mo=r&ad=-6NYlbfkN0BB-OD-YE_xNok6ui5LVLicSZ3-5f4qMqoGPpLrrMSQRAO82Xmz3JmckJSkG9YMK5O_zF1jd3dc8uYyk7-efwgq7S4N4BoFJjaV1H240ViDEKJxQcxskbD-3X4kJDZ3-3tmbyrzyQjVaybDELPAXTvHUiTQbyozd45Oqau-nWKEUroN-zM2CrimNHEHEDQMXcLANjxWeJ49IobqWF2lLbADWKwk8LtmgxJVj-_ZYCG0qs6i-ifd2zd7KMr3JAXBzJMEWhDtLpaRWefNZH705ddp2xgwm5PqqYe7RfmcgC0fVv5PCtadlsiK_iogN82S2xZ2f5PpWeX0op5CrC2THXnH3PeAdfxjCgXXfO3QopIJV-cUzbyFVrSubIln6uJSQVxtVds7k0yWIDaEmEAAHGrBecIxcHBguV2j1AhpLqvkRQYAL_XZPFlITo1c3w3TjakkuSs8yYUaxrvKCEV_u4JAP8KU3zbHuRnabmAyT4f3lw0gwFOOlyZZnDM2YJfjb5jj5oDzYJGG1wTF2BwD3XpZEW-8B5R3tnGCoh6k4ZfHwcCFdWZ51CsB9Lpb-xmDvgu-4cRWxQlY95ecnLvGZgYQNXNfRK6J4tHhEDdUN0Dwjp2HeqMn2-24a54hRg_yC5dYTBVEFhHGhx7sLcugDVJvOBqu7VQZ7AKoxtFu34rexsEvv9aiHS9SE7S2A6funpk=&xkcb=SoDs6_M3jA8EXpzCVh0CbzkdCdPP&camk=C3EPSzFlQw9GeWw-XY9PtQ==&p=9&fvj=0&vjs=3
Full Stack Developer,American Express Global Business Travel,"Bengaluru, Karnataka",https://in.indeed.com/pagead/clk?mo=r&ad=-6NYlbfkN0Bt1HG2_G4s9DfM95wihm34QSkUWW_Jom_NyBF_b40qYYosSLhUqZg07ruTJtCnvbGg9XhUrUNm9ZWow0y1KF9z5wlsP3n9KNPrnA_6GpPIVgYCIyrbKATP7SQIvH35xZP0M1DjkDyFD89MvFgNYlo4YRSWF2wQVwYdIb5-9Sz2yJ24AZ6MfkIunaVPlpOvp7wqprxcmk0uPNQsvLWsD2i-G5zqbelsr1UO9iF6xQPoP5WLwyMtehKVLUgZuw2nEikKa0fOrMBNcNoZTpCalWrGcKAt5M1BrHZjeO5TVTKlqspTm2AiRXAcuUQz7bX9HSbilH1xzRwDCYkzKkxazUhdd-N54D3iEVzmmwd9zdqM0cdXB-wyBZmgXb2Hf0qHlo4tV37N4aOsgcEaob1rLkf732XnSOAnvV_Tr2EySnNvyNlFTxbjYOj3j-yh3LN_DHNu1Y5M_l_BK3wHuBqg_yP_nQ2sW0V9vPAuaqKRIGzsOGFdQ-OJnlqGIINfJXiO3fE1XWEmvFSUpL75CJ1VlJXUMNA1NF8XJijsWwq3DISZ5YHcKM6KLaVw8nnJrIbnJlocpycFv9UAHFqKx0PP7wTeNiHbVD9ZLeh2-ivjusri8OGprjnrvVVk4B3NdHyH98L2HUrJubjsmAqp60aLEBJgzfd2w12RLMbC8EHq-wEQ7UV_r2UoXnczcpRGFtqn69Bkl0jNFmaoymQJhX_-6ilT4I8O3iGgzhAhaVndEcolcCuds2m0IHNkHs6TDSepy6QaplQ8ZtDwyIFy8kgk1506zaT94wsfYGi9RYVdVEu7eWBd1VMb9ZIlfdppPbEa8QOk9GmJHmINDpOjLlRDMIPDe97wrokoZCRUty7-tZtOOFR1BN3vrNasEHAM9cGXu7Cv4wTM9hqcSlTF2WZlFnv9vYVvXq26yp1HRD34XhlTiULxrdG89tiXVw5ZuHAcjQ7TYwvaF0ePrVZmDTeD3P7NxhPeJ66wHjjnnB1azeq8mMVjFNyVROv6ba242vOB6USqlEeENgVyghd7aF4JoVkg4sLYufYU8gbNSf5lGA54i3IrMbD495NEVqzopfPllWjVMdBdSHfPlqAA01aWE1U3ZBCY1YzAnSnKGRyje5RWGHkPSheuhAVCZrkom-aujRLdY8bkLt43Rnf844A_VEBF3zBhQ0htcpB7dqf49QcQm79htiPVJHPU8vSOkamekSujuce4E53EAxwmpipx_4VSu2e6Vz6Lplopcwko6FOUoQ==&xkcb=SoDB6_M3jA5L-WzCYp0EbzkdCdPP&camk=C3EPSzFlQw-8ZRdaCj34IQ==&p=10&fvj=0&vjs=3
Full Stack Web Developer,Neoteric Properties,"Gwalior, Madhya Pradesh",https://in.indeed.com/pagead/clk?mo=r&ad=-6NYlbfkN0D7gs0j5RIVOMm8w0YSV68BU6ybsEu_mEEbm7ctnJ079FjMOCS004mjwVwti7XPHRXPnO0DkEQ3MGGTuduZoh1L_Z-j7weqDH549zaetQLNGi4MEiG7lD7irK8Bvg6qgruFEn6ub4DW0OxJLB7PlS0KsnAPoHFUAEwwFEM9IHMQUeIvvsEVChvMcoJLDDfIDB5O4R1Qme4suNxBJ0XwD-VzWmRoG4sZtp1br6e2ECeaTJ5_Z3OIRnx_r_xRInt2bkTK1m9mOu99g9wWzDG6HcugvShQfSMKNEhN6qJBpcgvZOjjT1gHkRAl69vx6lBhnXCeOlsrAAkD297thsqYnF3pdgITApZ9M5Y-nMCGcnzaJgYEvEY93qmEXU-I0taAjs0SmNMwMedGdt3fnglP94UKyQEZGsnwSt2hQk4CAdMEa-SIDfShM-EUbmTAL8fNOYT_tXFmrZFoz3Y0ZxeouLetO2YuWqW_rv8psgSELZrNymR3i5wMAJKBD3ON5ur9MPSXKK6O0-x5sjEzWnwkGfDlY6ZvulCtld7R8LJF7k63zxY3yyq8wq4Ggq0kstuMbrfwRSHZY6e2ipxnsU2iqUSL6fIl0h7lMSM0Q3LmDWL8qMeBsNlR1N9YJ8qQSFdTH5lLjUHScJTcs-xVdX3YPW1MsU9c6kBtKpRnVNM6kSSfgObxSdkEPd3g82IQB6dtRvVf39KuO5deRQ==&xkcb=SoBx6_M3jA8EXpzCVh0BbzkdCdPP&camk=UoKtGZLa3XJ0bLgx8pEOWg==&p=10&fvj=0&vjs=3
Global AI Delivery Senior Manager,Boston Consulting Group,"Gurugram, Haryana",https://in.indeed.com/pagead/clk?mo=r&ad=-6NYlbfkN0Ad1FFWZOsBBwBZDGouyCcICeLSd3pQct3wJ1q5dPO7JNFPcbpYQ1XCAHtAAJhKZCYb-PGuPjrzThDginQFROKGknfCME4BJnDCtkVP_8UnbTfZ4LK_6X4gEtwfuo3WrOU7OVEknz_EM7UVuxoLwLtPG93YnREdw-Fy55O5wy71wWfH0j_Fnb6wml0YAyT5HlBJDepOVHkQnNtUcltVcQksYHVA_CEfUMQgoBwkJ4IL4mcG5efWuMPbNhqV0P-KZ2VgmvMFsTczvqpMBpTpP26OajfWjKGfn_Bf5mXB-qEVEYHpd3qfVtgkdezgiokCy3QQjFlNGX0v6Qrv9ZWWsy5K0YR0MoNkkcgCajlLaLenDRDDQuwv0D2olNb7KmjKhC2Q2aPAjYHmxcB7vK8QY8DpnWU3PRZUdiTE-gKnKBYdGsgjn8ChZ47q88yCwzOW49Vki63wIncJk9aytQS9jLouYwYSUfSsV3_PTKGbA3AIttUZOkzsUrVf2_XbBBNjPamas0SFHhThgXm77BAGYWGrQABHa7rj7lPDxVTJ5xAtLPFaWoHNXn4wVydjy3MrwMii5svTYR1Q14aTb8P_PQT3kckmacbIflUW5sIqLSd42-FMc3Zu1pNEeMVzpsnQj7qq_oMbHJDJWtv4BGIkZ4yQgH7Jhlfc9W5Mstt3EzYuTwEdfJlbTus13tVpcPR2WOoW8vR2Lmta9quJHnZrjgBWqYBJ0BsGMrFIirJcOwwO5yPldDnZx7RrOPvZdqz4cizpDOGM_HSUyk163Dq6d6hy9-69L0SxCQQ95C-UrxBIqtp0dA_S12-lcxMZ78m7oBwaclB1xW3n7zcKGFtqTk2zEizNTCZGHmQHOfL3UPo7LrLkJGNgrVDFfrf39feRzMokoCADujB7u6l4HPfwVBHclNTyuEssAfjFbhmEGtDuV7fGsoYcqcDEXmJAWz3RJFDmTGfMMdM2xz1-sPHZFHiDcXB0a34OVwciygj4cj3GQDC4OtWzAECOu_C4M-WmOrM5Sc0FlYhWXQZAYQG1HUdW_L5omDDItDQVFknIWzeDpvC3a8Q41O6ih24IWjj5VpSSDhhBFUKuD9WRpfswmVGlrI9UeOI1KziaCiffeOrn9GT-JxOXtxWTXkas3ZdxJhL-307T0oogjTKTNT6AOBadhhKmdBDr5WBzUyq-LbIcvi268x6uri777LkU-coDyn5EwpiLyKfTzfBz2rMhwI8-0zrUuOF0w0rndizSSJw_RQ==&xkcb=SoBS6_M3jA41yxTCUZ0HbzkdCdPP&camk=C3EPSzFlQw_yEGK4nS0jOw==&p=12&fvj=0&vjs=3
Global AI/ML Engineer Senior Manager,Boston Consulting Group,"Gurugram, Haryana",https://in.indeed.com/pagead/clk?mo=r&ad=-6NYlbfkN0Ad1FFWZOsBBwBZDGouyCcICeLSd3pQct3wJ1q5dPO7JNFPcbpYQ1XCAHtAAJhKZCa5wQ-kVysmLmvi2puN6okPb6zoumK4VJiwyB-g-cr1OAK7rZeTjhHf7xMFWGJs3pzpq8dK7mkcf3PXh9GDQ5ZMC1UWpt7T6tpsxIyBnJ7oxPTErS8BANpzQG8ZeWsI4X0jUNPVM3NsKehcBZyc7MKHQ6eQxv2G7h_GfZKVm87TWigZafJJdDSt0zEOPGSKNb43niY6LHSaI0Nzx1lyoqS9hYOnRCcqvySvlhrjNnULTV6vLKesr-pnkZw7pyE2ehBLLCuUWEDJ6SQFq5MlApZ8t0FZyr4rrDlzZ9jMIzQCJIrYV5ePFnmfN5cgD07PJV2DvPIbZWIq6ze8n09Ry5BE7v8HZ-U4rUHYjPQaleq-Ik23oWbLuoQSkdlcFQ53cD0aCoKukv3GPR9NniZUqyu1cxjuBUJsvPWmG8Xz4eYTYM341G4P9X2tMCvTLFwEcWrFkAxD8QosqpScO4kKz32eLAofGZk2I-kHCX4u1YUpiWQbND9pi5mtJuwvfC29oJTvBUjrEuVUbyaOoqY6tijJRlkWUGXKTWcGmqjkIO5fUaugnwh4eg47qXgL5XBW6zTZYP-N85kxQvqGQ5nLm13vmiTU0LgMxNHJkbrvEThWPJoMBY3v-mcsQK9rtcCtd4jzWNDM9kSfNNcC74Ng09RrbuLer0gRHLW0-QUohWF2DGC6EqlmHrJTCwcdalSnTwEKsgzb6ClBqPCMihSlzAWVqjJchVukowDfTF8PD0MM0VsU6yVrRMbIHuEw6XiBxKWo6PBWjUQLZPY25QaeA_EGvOujNa8ySf-EpXCM36EeW8sKJOG4Gh8SbFkmdigq76kxcNLY88sxspkI_hSKyJ3UgEr7k5Fr4i10COubRDqeMAZlqaNIB_U2dFjZjevq94soqcX1DagQytvFrom9uz8LG7cuWZb2KGpj58TbynnbKYUJFukwNGQ3eV-gP5_oEq5aTU02XgoBp5wDkzVl7UDYZcJI_r39w2PE_ihiaxaxebARn9xjaEY_2w0jvOyPwaR9CwcHMJ8PykM7kvG4dBi1R42UGyBGn6vUxNGAF9Sl51-vK-QRa6jouvUjog49ipBorcgX1ryqqpRvuX7u49Blv9Y2wQ0mNtw1MhmoQ-HXZqaYknByNb6wkqoVTq4VMNCteeAH3yzv9jHjiUz-M_2T_MO3ZjV1_271ZCOGSYj90g==&xkcb=SoBE6_M3jA5PJiAepj0cbzkdCdPP&camk=C3EPSzFlQw_yEGK4nS0jOw==&p=14&fvj=0&vjs=3
Global AI/ML Engineer Senior Manager,Boston Consulting Group,"Gurugram, Haryana",https://in.indeed.com/pagead/clk?mo=r&ad=-6NYlbfkN0Ad1FFWZOsBBwBZDGouyCcICeLSd3pQct3wJ1q5dPO7JNFPcbpYQ1XCAHtAAJhKZCa5wQ-kVysmLmvi2puN6okPb6zoumK4VJiwyB-g-cr1OAK7rZeTjhHf7xMFWGJs3pzpq8dK7mkcf3PXh9GDQ5ZMC1UWpt7T6tqp2WQAizgOTY-GNgL51lVhK4QnBLoGGrm8NnPo1pJdKKnc7ZeqHBnNVDzugXYaJg1McdRM0BgeX7GAfSxicXXwNUV_HTIkeccg6DAN3YGMPxjexrkuLlm4lYmyZudIT-j-ErTnJxfTiQyT-WeWdPdFI1XzF9NUPNBocICB9iZ5F02uYVQ1vDa4Titu5uBlv_EmnYRKjXXbYKucO_YeI1T-igMUcLDK33aUlhkBg5jvM4t86Vpj7HqgDv4z_M81tKQUt1KpPeYJjpT24Ilhev6wqg87P7elko-HjhNKDWK1FRsCVNpGpreNfy2BAwxPnQJ5BGRKxsYtpOrqd7wrqK13fDIE4Rv_RQAXess3E0roCsEtM3cZ6UAq1j1EjuqUI96LK_mIHtcZVEdBiPXEb2HWzm_LfubzreDVqtLWmPZrMlPT5Cyd_ABSzxenqeB11RuLAJTBPYYWNdWcCOEZZwX5ZJCSeFZnMu3eeSJkd0Dtleyp1PEcKWlXSiFH6g4vphSeSUmlJ_WEo6gpvDhVVQrXpaLZZ26II_aIbRMrYpv26_SQrdB-2aCY6wrAWGM2cJ1q18AwVHWG6TgtBXauOg75Xps_4hrH6_ynkFygrjdU8txMwVPEFNNt_PFZmvCw-TxmquXombmdJiB7bcDYDyoG0fKD9PAVtjn8wO0AEU0wEgIFDUZrq79vNwAYzFe9wLR4nvWO1k_4OLxLu278mQ8OzfKJcxIr7LsYkoCYRvZLlVr-SnX21URQygrX8JLCO8YLst89BlbaoAaonwdzenqBBmVUGFys8nbWn8-nTf7GdaZF7SJ-ERRLfjbO1FTHXV8oJrHNc_2coJeko3GUXY4gqm4-gflqRSBQ_HnFh4eVQdhOX_oiRHww9xJjimhdE9MPpOdEAk0lx3DHWMwiY_OVZ2azVqYaYQpHUKOuSI6BHSc3GjctoxP5mO03MMLguVZfXytt0fyU1Z8KEAz-_JoI8q9lrsEJGdswVnFxBe5qHjm1Yb-8Tm4rZjHlKFpNZsmf09zXEcRk_5A_YkbgURmUa2xxeqDW9U-IRAcxD9CKuabCoVZnlJhoSLvB_jup33MLuYf7DUaejkIHfUFRnfr7&xkcb=SoA16_M3jA41yxTCUZ0PbzkdCdPP&camk=C3EPSzFlQw_yEGK4nS0jOw==&p=4&fvj=0&vjs=3
Global AI/ML Engineer Senior Manager,Boston Consulting Group,"Gurugram, Haryana",https://in.indeed.com/pagead/clk?mo=r&ad=-6NYlbfkN0Ad1FFWZOsBBwBZDGouyCcICeLSd3pQct3wJ1q5dPO7JNFPcbpYQ1XCAHtAAJhKZCa5wQ-kVysmLmvi2puN6okPb6zoumK4VJiwyB-g-cr1OAK7rZeTjhHf7xMFWGJs3pzpq8dK7mkcf3PXh9GDQ5ZMC1UWpt7T6trEFnN4aKNs32EqYQxwIed9BIM8ZjPueIV4urQoleg_V0De8LrqNM7_5_KEqGDCSRk9Gu_hCzuneq8dtSir9JDn4joNFjK-SH0efuFjevqTZTpbcnUnYaB7Zr2uzTw0Ts4jgk_DLi3RwIp5lszMTZHK2WgmL-zTZswIGjFTu_BEkFg2Q65yrbOwLJlUPZWJ1Z-qZJ3Mbb9NoAz07v1_gRK5ELrmo1IgtksFx-ZQcVgCKUe88rVmRlpFAc1lgtPoWODq9K5_YRLvb-JCm3s9UVbaL5fpzahycwE0iASQbnNN6qBSl9F71vzV2nzyhAoifdxV80xb9vTxTV8XAX76uPl7KAqbgJDwFq3Ohq9Yi7TlU75gcFD-Hgkq3ZXWYBYNL8iP_6-SQGMuWRh9HEjU5wnpki0fTjaE_Fae2TQIlt58cdcDvn3EYfwlMmvUgW8iA_g0eIT5PcVvkGFypBng2eyFsZ5JHM4u17mtDkhQmGur8r5euInI-yBux5L_dGhN15tmrfVoLPMlIZgI1IhZT_LB0Wr0ugGipwUjcMYmkM5FcT1KACXg0J8MNK98oDYLN3-ilUN2uV91IwWCQq5B-FgCjKVrquRh0jWKiPEHDJ8LSgd5whIW2XVBxD8OobwiAP_v9nGxGSjz9SvNrea_gbc5PLfdBf7X6Jfwj0k4jkOeLjZeDWjbM4_xM5fdObg6Dt6ihgeUhOj5B2n-zlsXZdjGqWURn8auSIsvx69TlCUm-JEsrFPiRc6CjAOuhtx74qtqGVXp_hR8HROLTKRlw5WlmWOs3aE89uM7lD8ygyn9c1q_egM7mkxjtKoquvMAtAg99sFIimE422nxbJIluRJbCQdTY_Q8duy6pOMSz-EQefdUEdFfpqkjsj-ibM5BLOp287YwwyzO4R8DGZeehPWCWOxOfa125dSkoq_dc-YMN_qLOtvfvV2UaEzqHhe-OAKMNZUExbwJmKIiU2UOrt5QKf5qFp9bQu3A697kVZl7K6gFB2sMQ0lDxxr3gcAIrgVE2RaxjkaKUlQTO-tl8gk9RveYNRVGm3UHtkvLMatA3Xp1an3uOJpbG5NVYaWxQIe77AcRLp2gzQ==&xkcb=SoCm6_M3jA5L-WzCYp0MbzkdCdPP&camk=C3EPSzFlQw_yEGK4nS0jOw==&p=2&fvj=0&vjs=3
Global AI/ML Engineer Senior Manager,Boston Consulting Group,"Gurugram, Haryana",https://in.indeed.com/viewjob?jk=fedcba9876543210
Global CyberSecurity Analyst - AI Engineer,Boston Consulting Group,"Gurugram, Haryana",https://in.indeed.com/pagead/clk?mo=r&ad=-6NYlbfkN0Ad1FFWZOsBBwBZDGouyCcICeLSd3pQct3wJ1q5dPO7JNFPcbpYQ1XCAHtAAJhKZCZBPjE53BSqM9fo7eNVBPP-wSKfIXTW168fNpMij3V1BUCKhIbQtWfj7QlPzZJXMZ3Lc5l2ypgMYbxVO6vRQ3ibviD4ELuu5gx0cenWJrUsle2OINAih7FJH9jmddVsjwMlSqfcD9IRdawefJSZKA9gsRG_U4r0n80mJn_n_x7LIg7AM1N9uQpnvjRp002OdLk15QNVs4GGi4LkmYlM7O2iku4HjwC5qJ0XtMeG0LvKQCIOobIwN0LY-wRmJrZ4Ljh77mXj7cKiG6t4JUnWfmTH89ja4qLNfJj7zSuFdA9IrvtCxUhz0yvITu2rnUCb7HLq-CINnFTSMo-jxqoyiIY8lH6w-Pob5ZKouKStSkLLomI1n0Fbr71OD1YZi6iRLLCX6K__JeOBGViLC0bsVBnb_FaYJhlD1l_VTzqM2YCDR002gwqrWqX0dyirf5cHiRc2O5nKKVj_NyWP0bvSd-T6tAAUSpJ36xSof61yTUgaRgct7WGQSjC9sGsQ3Zd9_xTtdVFycWKw8RQuFIZUBfSKcnYU1B5BCSts5dxS9SwespBTrbrJxlYP5huxaQAbKpDTyEjADkVzjgKKTqvox-yVZ043zkLTOXLDYI2j0doZsaAdD8cve_SQnCInicWQF3ulayC-QVVqDNtAFafh5MeUKoGz122kDFQjsP9PTfn6DtYJBm_UqNkEEQOybjIhUwAY4U4az0FCyJoR0IeprhiO_PuzzoZdJq7T_bPhELufzYhgLzjSEdh4zxydbyUtUIrdFzMae8OVxsR4X2PTLxPS0wwiuouQlL-r2QcQqt-lJzvaHbEdXoRce4kvFnL0dk8PVZhmda8T0KNjxr6-kYdVPrSfyob88RYGQ2UfyCrush_hFgjOMu0JM9SqdxJoXI-LMnD0YjIs44ymEGjqEFpTfVnilqseadm47YCVXWTipCtzTIpt9dM3IszgjNT_9cD_tU9erIMeNpJQxJyo5SGZBkJkYT5zJ1SKQkTZPqYl7tx8tILe7vUbWG3Ux9IdIk0v72YDkz4rFtZMYpzi6vQGOQwfLH10Xdpckj8ZhR7W8d4PDbtnm-DMHg-ak28j9dNeoWwLD1br0YAdlBq89CLCO8znHSPyChczA2uI94_eWKL_NZuI1799VzRALp012dF8Wi4Bbbl6Qtx1CC1s0a7o52UPb59dFDAKDs-UtycODA==&xkcb=SoBQ6_M3jA8Nk2zCTB0AbzkdCdPP&camk=C3EPSzFlQw_yEGK4nS0jOw==&p=11&fvj=0&vjs=3
Global CyberSecurity Analyst - AI Engineer,Boston Consulting Group,"Gurugram, Haryana",https://in.indeed.com/pagead/clk?mo=r&ad=-6NYlbfkN0Ad1FFWZOsBBwBZDGouyCcICeLSd3pQct3wJ1q5dPO7JNFPcbpYQ1XCAHtAAJhKZCZBPjE53BSqM9fo7eNVBPP-wSKfIXTW168fNpMij3V1BUCKhIbQtWfj7QlPzZJXMZ3Lc5l2ypgMYbxVO6vRQ3ibviD4ELuu5gx9ESYSC1Vi8yg-ikybnifmKcM3abYnTmO5PV1EkpxOw8MQmQv2Y9kwX7Bp9_rYbizcbz9n1IR6sxOxNCaSVNoeTpSi5e9_HgK1oX44b6HQ8qn7aOy7sjbyoVzu9NEHnKAJkl94yrTILkUhyXoRrR6R0jbD1gCAOv3SqygHVrhmSoWSvC65yutMZQEu_2-WSsNGyUE2VED-QOpxuVixNqpjWeIdMOMsT8ZCuP-PDGWeS9rtmU8lOrRlaFtS2GlFDiK_gmAkyjYTxbxp77GmWuRbJNkseLRy014ZZqfEQqoLov52mZDkf1ZXP6ILqFJYheRl1laxMHW7F9h08L3Wcg26WsKF24LgjaO2OhMfM0-vfWiMuw5hKDieMqacm7BKzEAQVDRKNskNpXLaxM4IS4GszOnOBPItQrEAiEeXZGq0314mi_33rk5tlCROInSEtPKTY-9_nmyaQjyJklS_qQvy-S3maHkk8jE0ykBpfjyeVHdosHx5LQi6wcTXbTS3Nf47X-rR_tS-fAX27NnCiY38SdGB7m_NJiaMP7o0EnAs2Xj6-PK-lhiLereUOCiKNjCZ3LIHnTuCPSLsKxvWARcWTDgP-ldeXs2iCllq7abaUFO9joTuoNIQig0suFZNmABkKwYQOC49hTTddrI1vkBma-W4J8M0DVfJvdZfQrtr005BTzv_vtvZrrf3QYvg6tOK0doxzRmjPIuePdNHabucVnGVA3_cSISJPr7oN4TTlpnxElFyVZwWjMs052hW4-slfT4ubJFYpO2MzMLXIi6asYck-LZPOZPcX6ZSZAFigR3515Jc6sU6GAYmeY_7SsWbztGozK22H-seNtPG1WRHI1EqdiHmpa1rvD8DH1Vv9KNk4f2xKDyw035p1NeH-LscYgDwnRF5LGPuMfJUd8YhuUU1dEnNpOmNP9CBvwUFa1tKF4kBPP_PldSHiAOWjSjFlbUQbFVuTsE7ygwrbUakgumz6AUtTTNdLzvPmy9IeVaTJVq7WYCtppTbuhgOP1DZJGALrVXTxtiPYw762ZLAuAS7DN9xXrcC9OyAfErzbWv-f_0nETNJjqzlelvVAi6Sh8OsmM5EbINHgENBrT3l&xkcb=SoCi6_M3jA76IvTCVh0GbzkdCdPP&camk=C3EPSzFlQw_yEGK4nS0jOw==&p=13&fvj=0&vjs=3
Global CyberSecurity Analyst - AI Engineer,Boston Consulting Group,"Gurugram, Haryana",https://in.indeed.com/pagead/clk?mo=r&ad=-6NYlbfkN0Ad1FFWZOsBBwBZDGouyCcICeLSd3pQct3wJ1q5dPO7JNFPcbpYQ1XCAHtAAJhKZCZBPjE53BSqM9fo7eNVBPP-wSKfIXTW168fNpMij3V1BUCKhIbQtWfj7QlPzZJXMZ3Lc5l2ypgMYbxVO6vRQ3ibviD4ELuu5gyezS3E9dJBA_NMeIFa9NaDYhxasUcmdXduwKBrzhcqzlFJi_KFwAexW5QCPKWBl8Xn9X6N1z73bE_z6Am3D5Az0mSaSA_FiDjkDuBhrrvK1zWL_6WvanNYuNtF7dIW_JkqQor1mpvTM1d9qOCJX-KkDybnIXLVJR8kUyg04slUr8QWEPzzb3N5DNIC-ffPHnCbFkiaWJogblm_XqcoaZqir5h0doVd4JkNJqaUPyZM2yPunBepk3VFMU9eroU6CtonTfMTT_GBO6luSRwUhFnRG6WKt_qvycfqWHaB6sCd25w6g3wIKNlfO63BQNQt6B90_wt6lURvGm2cLjQQGLfWnrj3i-7YJ7z5wdH9CBRtFmtyZ0mfkuIqJV0wuGGYImDH5ZuKsdFM62HO2LeDQPt_MpuAmaekpDN4deh3ejA0p-WVY4KZ4qYv2s-9GPYy2mP0p_XIz5BiKQ8cW6MOInLP4_bJwqpe0ZFZBmhuyqrmqnbjeqSv199EucNFWZ17pL2LipmuZOnrZlXm1yFiQn4nAHGHPfsKnvfV-DkGRvxhmNsSjcN8Uwx91hT6qo5G1NWb11HFN3AsKqttKYy23OVSzciqSvMWOGKWRrOjeQQEIEM6J1IuLVkUPktLmvd4W2Jg4VYT9J1XBlvWY2eEQFYNOE8NvvFn0aKxMXAe2Xz4dFfnOzq8dFHjTrfedsy2pUSQHF7q3Sd8HJGiPlZvIthXX2TrcNfr9H0nuQfc3vh-UmK-Zp36AmFEKX9F_kEKC9mk5FH4n-r7O_YvPLbFkeqw_4-DSh22cOwKkyBDzFrAqOn2lu65SriQ3HggcL-fNpeqh7-R8gSytQC3P6VeYA0x3ugVghMSGx52iFV1wp9T-68RT02eDAeb99LIoj8KKal7WRVkzbfeYu4AF2dgdw9b6Co_GzAhM31fEASK3vcLNNZhbSRMme-ZvJ75QzWaDXIDgLRKCkSaZ7QriU_YkZj9zfSMrRMqyhauid2sgMU4FlXj0n5Qw184W2-vLoB1fNqmm54IdWGAXDVteVkpDffmw5gBRP3ZQiD3M-q4rg5Tn7MjEi8pMpQM4HNkpWifksxHP70SgqYAH848wJ9RT9pH&xkcb=SoBm6_M3jA70z6zCVh0CbzkdCdPP&camk=C3EPSzFlQw_yEGK4nS0jOw==&p=9&fvj=0&vjs=3
Global CyberSecurity Analyst - AI Engineer,Boston Consulting Group,"Gurugram, Haryana",https://in.indeed.com/pagead/clk?mo=r&ad=-6NYlbfkN0Ad1FFWZOsBBwBZDGouyCcICeLSd3pQct3wJ1q5dPO7JNFPcbpYQ1XCAHtAAJhKZCZBPjE53BSqM9fo7eNVBPP-wSKfIXTW168fNpMij3V1BUCKhIbQtWfj7QlPzZJXMZ3Lc5l2ypgMYbxVO6vRQ3ibviD4ELuu5gztCJ6x4Yy87hJBFz_nw1Dma3kP2j5OxRIwOI258iM6gC_OIOweACky92YKNu4XjnhVKKxAYod6CNNE8MmXXfM6kYnEiJw_r_OqqCOHxqmt6ggXgHNeRyIPVT-x2b2hPv9oA_MKScjXmozuU4aPeXopRjIZ9LB8yoGdrql8GZGGF5XOjOPal0MyoFeeaa_KZJhXjPMOfnKDcISGXyUJHGnDj7eUF21ZJPC0iVICTcgGU5ZBTQiMj91Bpz-uNrIt4hkOWiqP2lqX1-mYgFjX1RU8z188gtRGyNmd-7ceDYtq36Yuf8vu8CLMeMWISblDzl2m2kLMeKnCsC75_awhykfjz3kJtA1U3ZAYC34OcW_ELlTfF8hZXO_k7T2iGTbPCC5ziv52CT89nOu6fTItduEsIIc8CZkTIOmEqI82UaJX8Lwii7DoER4SFhj7J8DHbRyDuJfog1tTjK8vTWzz59wfaYq8Mc8DHUgPRMT9XJKF4Icy-RNfHrusYX5_kYqu331CCMFhfgdd3iC3MJ5N5EgLObO0wxLWKThUefqPX5ubRvek5tjsyyFPSGiTDHXQxm8rpOrcz-3RXZJxSyeEzfxLvdYZGlVCxK0OI6Fz-q1PEVZfcSRx3t2EbB8hq3Qdyk6kHickXL3OnaH_5W8M9ck3VF97gDbq8fjZMUaDqwvl8Qsse0Hfs8zvJvmf6rxePajym8ynKNPlcZZx7MtIKpGDFQbk5YSMA3y8nQX6NN4seq5fX-kw3XLkntbW3Y_FgFYuTjSgeRZ9QTH8KDrKWJfzX-tgt9j5CVp07o_0RcOH0OCllEsr57hPtPTP4iFdiQt5mMXxHWI2OpPPsJFlt9R7M4qvguWnZf6iLmz7YGpxvM1XJPqpmRGL6v8vl9ZkRs6qrNrKWrsrFKI5ELYENEiuAhlsaAIpQCqvhYk6sN5Q6gt0WwCOZzvaAOtOB1YIjO_EfPrLRSz9fwEoLBIWQgxkqY09kT7xlqxSfcMx9xA6YylrEppJbyZ_QcKqpeOsGaBkeOEifI085gmzoGt7Qb0x7CnhZ8QQn7vgPp_Aml2oXq63CZhyyLV6AwCIrHKY_rM=&xkcb=SoAA6_M3jA8BmlgfKb0GbzkdCdPP&camk=C3EPSzFlQw_yEGK4nS0jOw==&p=13&fvj=0&vjs=3
Global CyberSecurity Analyst - AI Engineer,Boston Consulting Group,"Gurugram, Haryana",https://in.indeed.com/viewjob?jk=890abcdef0123456
Global Data Science Senior Manager – Chapter Lead,Boston Consulting Group,"Gurugram, Haryana",https://in.indeed.com/pagead/clk?mo=r&ad=-6NYlbfkN0Ad1FFWZOsBBwBZDGouyCcICeLSd3pQct3wJ1q5dPO7JNFPcbpYQ1XCAHtAAJhKZCYBPlN17-871mF0ucw3ChA7XYLAByElf-8RGCK0JjxkxJUnsQfYzuoPG-1So9rRCfsF8D1O42VWKFjAXDhQ5sxmS9kFZb-2LDOshjnkQx2EfWRQ2oQYjwFSt_jfJrmtJpVP3cFRyUeR57GnyLBvZIRd0cM9wrrOWBN8I7SUP4rRlQpZBunn494irU190e0ezBkqFz3ylKUiXiYCjVKpQE7u9ft1Fdm4KVNfenJ99TWdxJrO84ShcQOoqe4NMNftPtwitq6dfQSlX9LmpJ5svQ6q3YXIIuKiM8nhjg9BW4aVbSv6iD9erNMFd3MZCm-E42AXx5PNv3tvVvyUCRDYvPbIzqYQCGGqirHJo1LPTwEPr3iylEInkuCH1VU0R_VcIDOHM6IHtWfEz9I0Thu_AAKa0TN9ZQ2_Nj9OpjgOtdCu6LgSnvEcXVhiWDMcg9swByRD0QxquS0K8bEshoyRVMCa4b1yset0-qqV7W2ZHcCVEZZ0xohYS1zy2nUj-K81NuheYP8hsv7Rdist-_aKpRKfz5FwTMJu1N_NtEWbDJ-kPPstw_kqiIzKAxT1sTBy0skylluUj1_vMoeFV1hYb0MwuoKfTCIWJhDMY_85JE1fhrP0ToJK06ez0Znb157CZJvzUF02olBqAfQzI2ju8ZAOWLuGPZpsEUSohBVtkznATj8zpjxIY3Kjqb2-sAIjYcAU9TWD72-t45-pSmPepHu_s4siGlSO-i8SJKNAWuhyr81iB28tx6QaJUSL5tiW3emyeKX1mqH1qKBbYwJIPG695Sky50F2LCY2Kere5CcsgrVa3nRHlnEjoT4cmwgValuOXk6xWCkAdhhY_3NN2zWjNfL0PQNfI953gO-9hQdrPEde-dBSOhMj5IYx3T3J1VNCmdpyKnyHuYIP0R7Q88Zt2rqk-DS3yz7Fkv3mt7BLZC2wju_79ZVNHup4S2oV2Htf3vIxQEfCbiY-uLo6Y6eVg3KYAKXjvOd-E8wyjaCyqXra6CD_qR0j4U6WgBArjY_-SKPWxwS2R8H5tkvnVoNbpnJOfh94mMwfFhlgOCDJrhHLkKjqAWOu4_cZgQr_WjNiR7Y_IVazJv9xi_PfICSJoihH6NM5_boFH1V3I7GPv3su3ncqCkFWQJcTQm6TzhGVbDsleI9viLNlqTb1gkMx6QPChXAXD9cJYeepz7vvpi7ZJWfgm2VZmGZ88r60qYN-wGlE8cPMHg==&xkcb=SoBN6_M3jA78Y5TCU50GbzkdCdPP&camk=C3EPSzFlQw_yEGK4nS0jOw==&p=13&fvj=0&vjs=3
Global IT Data Engineer Senior Specialist,Boston Consulting Group,"Gurugram, Haryana",https://in.indeed.com/pagead/clk?mo=r&ad=-6NYlbfkN0Ad1FFWZOsBBwBZDGouyCcICeLSd3pQct3wJ1q5dPO7JNFPcbpYQ1XCYdTOV-ko2T6KmifjcajPnZF9_Nf3a0Q7sUOgEfz8b4FKzadvVlw1DYNstmjm8BchzuUqvw_dk91UKH9l6ctZlbXVe0u_1ydhW6YKAK9GzoqlA62yQev_8j2frZUcq85hm947Sqp-5pPNl6sf0ipMsxBg2fPaTRBN6Dn4QVEA--BcycLchWMyJoDlrTX2frtota8d2v9EByraJgtCPObshA1VP2UFdqt5lfrP7eUCa9vp62F_u63Yr_GnUfofCtIJInHSk2FXZfkB-4O_dmalI47kGFrF8rzN3Ejnt8yT7u_T_lkRXtr2IW33MjJrTN7TDJfVRwqTY90V4ExQVNH_t93Hi7T3F7gcCAkX2Gx_f7UlSe3eOuKNk5qyVHowughjpFlYnc0NYJdLpl7XlGbO78HDHAGkpg2RmCEwzouQ-imtJ-KdFmbKoOEm0hiwSmoHet6WEnVKurzOrwP2uG3B1KkEnK6Wf7fUHZwuUVJA9rMh8Ov2nIAwTaUkUeeoErwsUhRErioRblxYXSHc1e9OY9AXTC1L7h-N0EQN4Ch1Uva6_8YyckZqrMFz7-8-VAmw7aV7_NSzMEvJcTYBcF_olIguvIBSGAm4Fzgp-N8FeMcfMOGdTEQZRnqm8OF3FBbKhyL4JaVW-e7gVsH27ji9ddqyXnDxE_UgYC6qvqD_-iH7om45mTMt_rHHfCFyA0XBdozCqBkWw-L5cavxplB1RRTQYmuCm2N_tWhKIX2mO3FElfhGF3eD66p9aHSGvgI-u-fOGK3nLsu02eOCJn2p0_6Sr8IDKUIRWN83RO807FZdrpjLRaB0zL-OvTQe-KiluFxBqX8Gw8_a8I__jPTC_SRnyJpor5hgbmZWX3QF5LHbdMxtcYlCQV6D3b9m3BZvh9rUKz4vfAMSZ50DUwS8YHBG1s21WMpj4QDoawSFQaGlKEwf4HVV2HF-0psiS-UkfKT9hfdjwsxbU9DqILCGSyTHAfhZODgiV3cpEnvBujLcEwexpWzaN4leLdIkiPqV60K53ugQAUj7qRgUI4uzOfEHfxDLJAnXRd5MnQ60CgCRQKpvfeuJjcOwaLcqzfZ3BbXUQ4-fP59stP4TyGdsYmGPDy-79fKB6vLZSJojt_YaXZBC3FnfX3RLe9H1Q3LKx6dxauxtcelARIKwm_fYKuJlDiblk7EQzIKXC326ZLlVXl4Gr6xf742FUnG0_q4ckcfI6OUCUIAXE8ufI8Y2ziy2MsIci6iYB6H2KkeLdGpWQqQ1DqPoiovP_cVHk-miv9S35aBNHn4l-7vNj6lHSL8RwWciPustJ-n_BIzjipoXfmGgrAGbpolASpE8we271-g0OjvXA7Iv_RXy3YtJ-tarxuiMvyeC&xkcb=SoCw6_M3jA5DXoTCT50HbzkdCdPP&camk=C3EPSzFlQw-Kxz8aVjN35w==&p=12&fvj=0&vjs=3
Global IT Data Engineer Senior Specialist,Boston Consulting Group,"Gurugram, Haryana",https://in.indeed.com/pagead/clk?mo=r&ad=-6NYlbfkN0Ad1FFWZOsBBwBZDGouyCcICeLSd3pQct3wJ1q5dPO7JNFPcbpYQ1XCYdTOV-ko2T6KmifjcajPnZF9_Nf3a0Q7sUOgEfz8b4FKzadvVlw1DYNstmjm8BchzuUqvw_dk91UKH9l6ctZlbXVe0u_1ydhW6YKAK9GzoqlMhnedTWirnm4sg7Gc1I4GGzRARsjbaif1jufO3m3p96ZgFwm1S-2P8gma5Ka3iVzuUABB4n6RX5sA-VirkRSNMu0o4XkUhHASgCOK6pq4QGzj17byjrAHVDGJAo6yUrLK0-m5ngH7u4BkRAWw7D_iQ2IwKb6n55oRTYsOIREwF9UPpbqSuxHbP2fMm9vFxRrOzGRaWieaKr2RQm-UQWa2u2UNv9mU5b-K_EGguaftbr-BsGc6QtzFkWwwcLvufbk8am9dfN3YC6Nu1zhNKBv-zQEhvbmv-Wvhu4CiNnn-HJ8OdzZC2t4ZjC053E1LOzNOvDYQCJUH4vyu-mDHYZc89uFEV1q886yJ1d4HU1fu_zALin5vZA94yeKKD8Y5gG_QsJFmp1QoTkuviXgo8BCo0ny-TTd6trbnaP4JfAgZYQkZP8ujl8tiErB6pyX3829MfSSbHGRwMViNc0yOaDmDCYPu0sLp6SL8kn9f_GwRpjKVo063KowM55Yc_DKz_EblnGASb2NnssG8bWRYUxoBjts0h9tejGE5AbP5ma-RNNGumOa9-RyQDSHkVlyBG0-lqECf9surKwh1J1xC9x_IxArHJd0FR5CsELs57Qfool43hUBoUWWGVtIAOtIl7leBMsarmvL2CFR_DwQIZX1VnR1_k7X1KRKMlQEMelsJ-1gqpMzpHm9aVq53EU5Sl3mq1jlDStPL78Z2JuKHz-o2Ggyj6OnCPbwnusdfTB6SiXEzfN6NuorOA9LJCZ1Bmk7e_4oO4eMSsV5nBr8IEocS9umTqP1OX6aS_eEkRTOdobUCR6UXgQIW4gOncZvj8apTL5QQc0SmleHx6BGvz5ppPN0Ua1_Q75tbpirKEmbDZwLytsDjrot4bRbig5B5A1wV8JG44bF2j1KQ7BZfAOvVeTgVNwgivpGLIMGt5NraW_e5Biw46ywrpyyVWleF6A1Y2RSUkRxE6jSQmb88uBQTBmFiG_sytZ-VXT7LhAhno7ewpz0kXkm7M0NRnGNqNVs2g94zCiYyFIU2ojGhvrxQ3sl4KGiNT-h8ZvWun5qlnh2e4U0UpLtPE_5e_ykSgLv2HIyKgg2TueXuXwcpy5pJ2HabaUBrNUh-dndhMMnVswd2_ETrke-9nEdYp3WMY8kUSXPFqH_GcoN8luHSc2nbYk9JUJvWXBBvGNanuamkVXWDE5V0VEUE-zdhtu1XLXOdAU_wgI8goASwSMZM3Q5kaXlghn_F1HjhScsZR19C7HTYDVnIFx_&xkcb=SoDt6_M3jA5PJiAepj0EbzkdCdPP&camk=C3EPSzFlQw-Kxz8aVjN35w==&p=6&fvj=0&vjs=3
Global IT Data Engineer Senior Specialist - DaaS Lighthouse,Boston Consulting Group,"Gurugram, Haryana",https://in.indeed.com/pagead/clk?mo=r&ad=-6NYlbfkN0Ad1FFWZOsBBwBZDGouyCcICeLSd3pQct3wJ1q5dPO7JNFPcbpYQ1XCAHtAAJhKZCYisB04w5weh7lCdYRqkTrg0zUft6mwboiiVc_Uc3rWaOKKgbL3wKojuCquXYrDzHvy52fKhHhmWngrKWarTfDqSosMJNZf39lGWdllsXxsOgG7y4Ztb4HDcDCgljz7mPuK4DFqxcpExIIE5tVAYOewYp3ZXdFAoAqR_jSVeV-JBlEa3VQDog6Z_5cpS3vpiSljVUrCFveDMoI2GdnGLOQFxMjA32cll5bUbPmJfEK9ZbgBOVKSpJLQvSzn_lyo5TtwlyrFksNS46niB5cvsspK2jrchMPdKNGuJbsLe3Wcza0PTZZ1hvYJRHTWXfI4lO86B72EL6iG2o_kfnHUnjJhAGvEitCtZKOexdO7M7vQcuSL4GwCebRkmMF4OaKzVZTSVlax7GXhL59b5f102aCNyAOvuduy6UkwGxyKRt0MCjbxZ2aYNUjC9jQmYMEihNWWx4nMrFHuOgOqyuPli-yeY0ewYukxQ01myR3UBvOgQHUcNuWuynFFKjP0bRqxy9A8saeSRIN94jhwP44dj7kWU2_FoQKPA4lK4RdZPOvJdMdUMm9Rnb-i-EQDkgjHczUd0rZGbU9wKvM6JDglhDOBuQ-OH4-aM10qzAD4s6lb3anwfN7C3_LoM4P3C_rvBn2Big9j2NiKhBPmUMRT3PnUpy52Asrr1GDC8pAOLhCyEzKHKNJHcQpHL5uZRdRDhPtsw-Uz8EeCtCOI9LQaB0GgbFk0y_KxdNRoJpAhtX-b1aHQN5hSTJhz7YYlwGIsCdD5Npnwp4XHkmQb5ofwrYCm9bJXGhP-YLpgmWUAOSq31XwSLMbkD_HJa66tGJzcb2x90CapeIt7bWbGMw5t1D8g6BEtj9h2aSY-lxVd2PJcAPWIRK8wU93ERf_dsHTLwtMXfWfSO9mwS_FdVSoxzG1MIKfpmBzkaOPbgMvf3HdEQeuc9B8cCoYO-wLjsjMTMybNVD_v5TsirimL1MsA486vedjRK5RyRZkAulu3pdnTyv8_KPUgiI_oFvnp9VxdMy3UP62RKqYNcws_ybTB9NxrJVIfXRvjgIpFOmHBf4BbDxB7AMRGKCh2B9XGgbZwHx0DJDYUDDQKQ5r5ZMFk-ZBj52QTsvVf3fsrxI8XdsDax_iU48tuNsxNyJjp6sCy0nPHTy2gT3-Jb865KS-ZW6u38gp51wqYBKvdFIlB9bxGCYXANkRp7Fuzu7Z8C-SlLaI=&xkcb=SoDw6_M3jA5PJiAepj0dbzkdCdPP&camk=C3EPSzFlQw_yEGK4nS0jOw==&p=13&fvj=0&vjs=3
Global IT Data Engineer Senior Specialist - DaaS Lighthouse,Boston Consulting Group,"Gurugram, Haryana",https://in.indeed.com/pagead/clk?mo=r&ad=-6NYlbfkN0Ad1FFWZOsBBwBZDGouyCcICeLSd3pQct3wJ1q5dPO7JNFPcbpYQ1XCAHtAAJhKZCYisB04w5weh7lCdYRqkTrg0zUft6mwboiiVc_Uc3rWaOKKgbL3wKojuCquXYrDzHvy52fKhHhmWngrKWarTfDqSosMJNZf39mTThticJXkh4AQ4Mg7DrV_ohRn6AH05etbEhgfWn9IB8h32wgRXjhRgnFACVcuMLkv_uzKtGeAgukcpc4k_AshN7wxtuo0dL29-WS08qzf8WJTJXM3CNf7p48mtP_kMfQYAzg4maLPhUuVpCfJ40ueY-pCdDaUUiHDbuyypmf7mFQjYDPS5bwaNCXL3XwWt01VX999HtSUiao0zOLXiWSj6o00aP8ikHTDxaRSSRGAi-Ohw-ih1QM0PxdtcMzynr8SeDYqe-HJZKQPklBMyf-NjgBEomkzfKJCc7A6IIlDPUtpMQNoB5TVDxAKYhmfHzGcm_WwNxHjWx0D11qzKYt5VkBinhdJGzVIH-i1I1ZcjCCO1zNZComgtMWUA-MXLk9uzVQu6PWjLg0k3wgDTUINjTxxdeBU_KKO8Kd510TN_RfPquzIuBZJGzjOoKB4nqCv-UdX2aIzbJr9iS8JhGmAsy_2oPwz0kP8epuUoUJ_SDCRr0TR5_tvocyzZ9OHgd3pexRwgLAQ8TPShdxt7tNIFJke9yk7ltRy1l4CbHj4tHKVMwWBxsh6lxP2VgqcOcQOJ6n9Mw4jYKZxYtF4aS1pBdm412OxGUMDY8DpJNgjB7f0v_qIapVvgMr8DO_bXBewjkpaw96xGJO-i53QbBudq_fI_GbAufz-X-v6MxzdYtC_9z_5m6m1MF8CU0cmfA47gcAZMW_IaniLUQUp-jNnJMzon660qU7At56PtqGBdJUCL6MHu7C18YBladXCCzh2Isn7GVSYwSKo-orcK6wxk9oDm40pN7T30S7qk_cSU8jLYokVRMJ7HvG2tI04uX8kq1GQ4qU4bV1S195XRza36AnnwRUSPnG68onqbo_YfQb5rLxL64J74jwmLkOAUcR2XLp9gNLz6cmgwyj9lUNzo2q1Oh1bXGxogPCBhD-rubGAdFa8Xkg2osZjCF1tuv88GRz9JpX-3Qd9OmYAUEO3ZvI8LThqZ0YPZWorfNHFCzneiblPtVcU95oZVVuchPuCImL5R1vFd8r7jpw5pBxZhsCVE6iKvblRDoxI_Mf_HO-WD2TF4x_dl5kGKlL2GvOpSKDyiLsS65f2yEJ3Fferl3U4gEoz2eo=&xkcb=SoCP6_M3jA5L-WzCYp0ObzkdCdPP&camk=C3EPSzFlQw_yEGK4nS0jOw==&p=0&fvj=0&vjs=3
Global IT GenAI Solution Architect - Senior Manager,Boston Consulting Group,"Gurugram, Haryana",https://in.indeed.com/pagead/clk?mo=r&ad=-6NYlbfkN0Ad1FFWZOsBBwBZDGouyCcICeLSd3pQct3wJ1q5dPO7JNFPcbpYQ1XCYdTOV-ko2T6BfiyW1wuxkT7CcDT3woeC875Do-VHaiocucFT5vuoY3v7rLsmeMC8GZaf242kDcBHe3iZqzUXnSvidusvg99MMFgsF6_PuZnf0kZrWltylRO7-5f8fgXsC2H6Bj1dvi88GqBB0dGG4jlh-TdLUsR9TWkZED3g1L760Ox5vM7lzsXgJdjNlgQcO_pna3yOyQrYoFbD2Hh9xvbpeZqyR2PFuYc2etIxmezas1IhXhX7cKOwvl6CDxorKK4V7EVzqgf8szK2a-YgfTTe_YfuAvRnDa53nOaUF-pJK3FESkobwGEuf6wrFsVopAFjYr8-RXEG7XwHDwhVV_7RpB6BuhHGlaagIo8NmoYbD4T1AdsOzF9ATZ2E1qZOaGDBMMk94Q_ahP7wKkmSqXN1nXZdB3OphYr2hpMrDCLL5mQCSY0w0Vsr1Pqh6f9BvcEWyFSJFlQHBrHcXLXORF158zT-ofw6GY64jw5IU48k17r5h0pGPloSv5BhFjidtY5hFbVbUe92nuQns6qbt3I6fIbh8nmbu7zLd_VUKIl9ixmXYdFRVtV9WSCzTIof-ydlQ3XDvxVHKV5Bz_tzb2IYi-B12EgsDUgbEiMbUdLlgaVzw9ZrclCogZkLHOoCb3TKm-nTYsNTWOgmshD-zltLYDBDlR7cetGFkZLYIE0eAFSq48FrcB5K7g3AmAmRDs0Cd6IUdfpcjyZNQyZeRAw-TEbSleFu9J10zpoSx63G1E5tWgOTQC1t1WxmMjxexWTxAkgpe928DzzK890HxgQAlhQmSisPGaw7EZFn9UcDEN7VrjKWyzDJ9BHBl7Dr1B71p9ke1bdPqFFtQf5OAvxYlyDXkkc_dmVjHxs8t3l_6cGZqwi-WJEQ5F0qdTV5aAXup9Ad-LS96_PGmnwzsiHhnDZGuubuaN031bhXNU5qkN_hGyCJB_2YnagvEp7FMcqeNJlCa3NrV5Er6XCW3I6O_11xU8Hd4GZsVMVkuhEUFALRd-KesHEDhmMc3zq_JrNUfhr7pr-PDNtfzG1okJb9qUu0BNFWtoo_VKpZwKgGyPBJ4HFdCkrEyTVL0WgTgDHnmpzKDJCgYjudISdTpylcX7HQe2R3_Tz60nU8MXvC1LMK1AWOd_ELkE1Nx2iJQFnhfHfaV3thhU_f5ZKJUdHjougV4Q-1c7LlMWp__xi4XXWG8jIPzOgL0apGCCO9bLsW07xFK8yatF-9zj6Weep-AgPcC5wZ9rokoniSVOssTmqWJnvqALxPN8SnPtoXFMReiA2MgOnZwZVdOot-pN5AESJkJRwP0V8Ke6LOtKl6OnjLT9YasZfUmTweHRbtbvJeUsJCK0_I-eaabOvxIfmj1zXktc4m4XhRfApoeH5lMlhJqjrZ4g==&xkcb=SoCN6_M3jA5I10TF0B0ObzkdCdPP&camk=C3EPSzFlQw-Kxz8aVjN35w==&p=5&fvj=0&vjs=3
Global IT Platform Engineer Manager,Boston Consulting Group,"Gurugram, Haryana",https://in.indeed.com/pagead/clk?mo=r&ad=-6NYlbfkN0Ad1FFWZOsBBwBZDGouyCcICeLSd3pQct3wJ1q5dPO7JNFPcbpYQ1XCAHtAAJhKZCbjVQaoFNleouvYfwsNOxFg5i3qKRWIDZirHmzh38g8eyq95-UljZ8HGqcimsGrJaPJ2pflJakyEQwpUrS3wmQN9wAY1b5ekOzGxTj7FoITv6xZ3N0l9hUR3ThC9vN82uqNhahqXDoBsxh8VIpnpl9Wc5V-5i-_LyXsSb-r14eIoLq09kYFw-BsNza3SK2_TY2qlJllCc3lx1CTDRzQz4eG79JxxQTr6Ks0KLUzVfyOPlsSb7mLKtHVGH8WstBNKn6xk_rffjY8z7XTw7FNdASO3W0T4SjEAp25oFcmBIuPZ1NGPUmpHrxwRmC_KTBijZGeulztAJpG43QFxS-v3_Lp3VaPLc9vJuLPLxFXpLerykBYqcgP3CEzh_T54ooml-yg8Xcld3CzI_AQI6c2OJqnT_ZIaYpEfVUEAYd3ni6VZjkaGYSWdc6XYHRqm1dhPgTW9jIGmgobOZ2Uo8I_Hu2ZvZKt_dwAq1-Uf5aLJWQvgfjCzhusNCo6Q-6A--_QuKEopADj74TxExOZA0cmTefhV2_InTC1A42TjWH0piXrF1F1wdr8Qw5ez3Ne2lmpnA5XBLbPwhooUlgPst5UpUASchvpDOf5kQT6PzorbmEDs3R7npEUe-kYsfEPYElbGAJPhe238-CvzkiGLuMQE2OTaRUI_KcreLAvRXbOtny_wi_3Zxsss3KFPj1jlwzHUYZMzYwbit672NuqOOySaS3DafYVMLOMxzAggBYGBStFZD3FQn1Eqvu_bSlpadJpMVuBZD4rYxzJTMK_QCcAykY6He1h7N47ksovonJZeG5gkkCmqtt4O0KN7hNLhlBlfyr4R4c33OL-OjRbBs7xnBttNHvzeMIFvUx3AQNTym75gydwHep9qmtjWAlYEiql9KW3MQwOr5hdaVDH5zPImJlAgbqVSuq6SkOP1z-IbPraLrd8lZy8E71v2E57Hb1fmDAYHeGoqRnnarVY8NrJZSEmaEIJ5Thdjn4dupI2q2CmnW98jzcRmg-mb5fzTy_eVtRjykQqtoehjfNqkWW1V4qHCg4QIjlW1Y7zBHEOHG_AOPiU5jecFBLzbbhCet9dJoqWPrhuDykhN3KbO9gRt0UCdp9Jmuuip2MZtSnikCe45Vb8h8kNkOs4HTCcJbbMowxn16Z2ypl2jLPjb91uE8isY_e2_DmJwH7S0i_ugUOAOuF2sLiRZaIFObQQqCs9YLw=&xkcb=SoBt6_M3jA5PJiAepj0ebzkdCdPP&camk=C3EPSzFlQw_yEGK4nS0jOw==&p=12&fvj=0&vjs=3
Global IT Platform Engineer Manager,Boston Consulting Group,"Gurugram, Haryana",https://in.indeed.com/pagead/clk?mo=r&ad=-6NYlbfkN0Ad1FFWZOsBBwBZDGouyCcICeLSd3pQct3wJ1q5dPO7JNFPcbpYQ1XCAHtAAJhKZCbjVQaoFNleouvYfwsNOxFg5i3qKRWIDZirHmzh38g8eyq95-UljZ8HGqcimsGrJaPJ2pflJakyEQwpUrS3wmQN9wAY1b5ekOzGxTj7FoITv7Sm1UtLC4wYWnXMbsbYD2bm-yxWHG3Lm1mfIqCFXOar6nw9hqdu8GPDyqvOClAdWmI4uqG7p3APNCQH4sXPPmNIMEP8bMA1sJJd_ZJNK4GXuCSEWXwNh1ZL4Xttz9ElVzthzTsrN0ls6krWpAxiYCfVNhmioBMXG8a7z1nWbUGbGtiYEc0cTwwngLrnMyvlWwV7CNxPDSFY5v1yzHukEDWI2YDDL-31nPU4hR4pJyGrczwhZqGkEirX35A2rxSbscEvhwL4xDu1HP2gMkMryWHwaIOAnwqgl7LkeYJ7OFisdH9NsltjhOBc0kHg_8hLnoe8idcIhfzzeDmMi3lkPv1Lwi_9gVe2gCQwibnY9Pchg-ITOVzgI17XRT4XcaoqFLUaApeZuIKaR2Zy-TlYRkMmtlRIPQf3M5iedhfwTZ3-__St0pHZo34HiZY2MDRetR62uA5UVLWX39i8S69lcAiAK7PxEg26k98Ghv938au414IAHqOcMwuMhVw043q66CsSBzjSmNjq2zon9oT4wxi6QdJ_aJP5sCn4c75oSO4HPSNdGvuEjfcfh2f50BeZMuUOvG0V7cvuf87HKmM1fFg5VIj4gRlNtlvs06-1e8cApStheK8k-3IjieEbfo8u0UN2y6UP6eeM3aZhDo3qkgy_RFlM2iIs9AbVLYRmS7art5hWSiwIs-y93G58arU8w0PNRkjk6BEX_e-49I3O-6OrhKyPBL5CIGjUk-tNVheVH8XNBUKsYU90HB1SrfgNtEiu9v1WA0NTRk1yOJb5WFDTMJNNU7TraXO02cR6M28_Uo6OnZndj1qhlmYgHEpfFCo3Liuo-whamHF8gohIxEVXstfpLt5E8yDGuKuiTwCFcmFNnq9m-FZPwig8YZZcZ7ivaXFwyEaGL_jQqCWAnmfc6UXOdGCtZTyUdEE-XtYjY6B2QlYZL48UErTXoJyiki4RKnOzFHraiiNabnOGKqLCy8EUVinS8iNoXWvrVbFwtyz6tD9DSzeiEKsY0ETlA9F0ZGjEynsSv2lV78Lq-kP73I3paoP1Fdt-3nBZfGk2NT8VnNRWTOfXqIGAS36aGC6d3zjhPHKGKIJe6Wee8IOHYBrIpRg-kQ==&xkcb=SoBm6_M3jA5L-WzCYp0BbzkdCdPP&camk=C3EPSzFlQw_yEGK4nS0jOw==&p=5&fvj=0&vjs=3
Global IT Software Engineer Manager,Boston Consulting Group,"Gurugram, Haryana",https://in.indeed.com/pagead/clk?mo=r&ad=-6NYlbfkN0Ad1FFWZOsBBwBZDGouyCcICeLSd3pQct3wJ1q5dPO7JNFPcbpYQ1XCAHtAAJhKZCYP9x0hcqyhDS5MSNPM5qw4YuX0besl0oIp5XMRtpbRKlx7lkDalTDg1MhQSbOT1Bm3y-Ziodwtg9PDyUNV9F6X84OPkrXEAPW8SqpmMx-y4zG6qURVNZ4Gw4mZkQB1dHskrPfuRpnxH_942uwGx6P4kHsfa4EbeNTeJRHtoQLD2KGSN5vWzOW2QpCJl6oS5SamqJkmfg7Y3lGzpUa73zwzEwSZxHoY2ynpbwINxjTFDH6yNtKgjViclQRU0zGBNrQkfumEirPGw4x-SFU40VbLAPDG6oiEDUfRMxPV6aNCj-qW1DVwRryG0m5nyyiEfR1Zx63F1g0iPpg01MucAVvQVd4mWLHhxugZVULVHojbB9pGpgVShkjIyXrgEI-hdNRRDHA6_bB05W7GPt8egI1gTTnQHu1Xq8HLWbG8SUoYU8a6oN5iDebJgtKUxlfIErj7qJPYIgDh0vwLRS69lpHOVmBRZCtgKdG_WHjWyJDNRYgoJwEiJ46vPSraWr1wGyuzbDmel28cxyhlVRjyM-TxQN-I2nrTnGFnDNhczuI3wGNK4MCHaVpmMafQPkoGDJt5CDBNb5hXcwWeZAhcMC3Cqq7T2TFI88QHjsLdZAyg2GXdPr7Ad4x5ckte0wiUS7aqlf5AHPeSAWA-eyAltMpLWAkxHBc6eix2iQ5cWmFvqIV5nGnffTgwias376QAR8Fs2ceNB7wUOPSl4qibwcUpst60a7LOBISJ0ZwBBdBezRdyFu9y_2nvo2DQ19S19lqb1kPoONQbOE4_W-Lf6UV7jysmiNQmqetuG3K_KLCXmrHzgJPJKCpTBytpKUFxy-9D1k3GW7IzrGtyNnUtygbcSOevkRGxayjsGv-7_cenP5t4yKow5tVn55Ldf92pHhMKlft2SmLQ2JBugGYuE368MiH7DoHDPvARrDAuOgD4LPSuw_MhRyQs4QUZ_q-dPCVzSgQ8LNHyXE_k94-65EyVI5Y53wSl-y9Gtd07QlGWkwkTL1PPpVWngaeVDWSZwDHFX87E1J0doEMLOPWIkxTe1XDiOJWD3pwRWFLmjLXkaLc4C9342yFBBF6g_X2IstUbMk-hWDvXt8DahVpjXFgJ1jUYtPRUJC3FkNQLY5qaU71KQdEyHE2_u9N0XRhBBEeM3X7cG-L1rPHchPh-C5q6JeXoHa7Ep0VcByLkA8p0VA==&xkcb=SoAu6_M3jA5ATfz4kB0FbzkdCdPP&camk=C3EPSzFlQw_yEGK4nS0jOw==&p=14&fvj=0&vjs=3
Global IT Software Engineer Manager,Boston Consulting Group,"Gurugram, Haryana",https://in.indeed.com/pagead/clk?mo=r&ad=-6NYlbfkN0Ad1FFWZOsBBwBZDGouyCcICeLSd3pQct3wJ1q5dPO7JNFPcbpYQ1XCAHtAAJhKZCYP9x0hcqyhDS5MSNPM5qw4YuX0besl0oIp5XMRtpbRKlx7lkDalTDg1MhQSbOT1Bm3y-Ziodwtg9PDyUNV9F6X84OPkrXEAPXOMEd9j1VEDMIQ2Vru1EF84Y65ntAYK4SVtfJ270-xnAPPpZap6KrE8cvZh_iR1ruLNNnJdP9cNjnVqHIriyo0PLNVPjFv3IIq4CpQFlLdjS5kf0tv9KS7Rmom6XPUGWEc1uwxNUNF1qgN0TVrsDa4n1-9M36frTizJ7BAPHhMO3rR9LOn9H1WUlbl0v_onhUDpzwyMUXpy40payVBayxcHs8iza86zZHMJFFJQAPwLVacva9WZnSl0nhRhVck4c5KCN2ByziBfk0ee1YWNAuKS1zig0jMed0FAIZhwheg9Rl4tRXVg8VF__YVEkTYCAN3Fd7occim6QcPmnFSm1-khpmfPzmwHe_En5VIK9iqUFK6da0oywtp-N0H2_QStSy5RNQppKbDf5eJmpq_-4lYxJwc6OaTAr3TCQ9iGZgrdHhEjGj0kT6eZnDeoeexc98bye3yQGaeB4s6-fhlJU-sUu5Fqs8ntqVdTEGWJfKcBKSrckq9vqRLLFB10xtapZ0V8SnO_wHbBwZiDeC7fX28PqSYYAWqBSCg7zZRoLbFisGzIY6gAByKPZ5r_SHQUaQD3X27p_jEXH766GHqEh_3oYtWkQvd4hpoNNoB5EPBqdcqhUkxFGRvOQa5xgme05zg0buwsMc7TR7NBOWTnw_EPvn0jYCMRjmcNN0KwbdfmEbQpfAajNvSyTXoJv5YjW02wwYtjMv9moCx1-2jUA1DV3wc4sU5NtktXSz6_mgufSyj5ocNYefc-iwzJUWsm12us192ZhnhXqMaTpfC_3I_WJb0RT6c0UQaOkeuAZ3D7nGq46UiODt0SwSNyoSNOk-EX_foH4vhqkQRMHL2eu0fKetumrCfYd5fT7D_9yVhr_JvjIakqge4glFtX8K5rwgLDl0miCegzA4cLMNb1ZJN_aKiXJfEMpIeeWuwGHyXYRRRfgxc0I-RYzt_Elf9ulEvI3nDoKlubvlhah4WtI1TyDJrw06HH8f9wYNgu-2OWyBWfIo97BZFz2i_HSe0WhuXd15tap7AzHAjM8UPyMbhe7az0hyv4I3pPYsLSzsEX6OSXMW2oXIsptqoTnpEUCfuI4siesVGCreOHeMquGAN&xkcb=SoCo6_M3jA41yxTCUZ0MbzkdCdPP&camk=C3EPSzFlQw_yEGK4nS0jOw==&p=7&fvj=0&vjs=3
Global IT Software Engineer Manager,Boston Consulting Group,"Gurugram, Haryana",https://in.indeed.com/pagead/clk?mo=r&ad=-6NYlbfkN0Ad1FFWZOsBBwBZDGouyCcICeLSd3pQct3wJ1q5dPO7JNFPcbpYQ1XCAHtAAJhKZCZ4-jt7IlAE0ayERTFXQgQUoBtuXtBklWnPXFtrm3YpoAearptRc8UNcCEAU98h3eKLuFphLWSqvxuOZqlX_fdDEibTC6KcvvZFhLlDsBWNb2f54dz58YBwmVJinIT3zntc2Eh8pCh143hnuCxitsQJTQACF-Igh7eXQYDhCFnQCJYdDn7m_WmlSett2sOdXALQt9UafVlHPLH5gdmEq5YytT5wPiAelHFoRXmJOzx8jyxvX0xO4MaQZ-gtQF46JwLX_CoDFHUGvt_E_-Bl1m1gMjGYxedRUztfGZu1GFne_HGAQ4i2L3geOFykltoADvI9zQ-zaxym9jJn2y7f-H-K8E776tzxOeXsL-3wdf1hBHNHSIctDXJBgGsdy2RKO8eD7nBDTaI2YT4V8p0hiTR28KECHC5KjBIYpJQaiU0SMDwMT4rp9q-JkMiJMTikgWFKwLop6-dbLnlbg3gOfYU52_GxHl3kaEwig1NCZpxmmMkKPinUWXnOu5gGRyRu7oxiNsGErwz270n9V2cPLvg4FRdKkFqyjEvvjyYn-RDyum7uTS1wxN0vlNUEQ0EwogSiLFizxrIfH5gPpWbdquea8IC6CT-k_9arShS537KmmFs-L1bR8_9lPU9G7q2JNXc1JRVg3tF7uK_n2Ebpd5zNgJhK6XimZxACQzUysarz9KV113Ti3kwwQLRh3ZyM3R_B5ozu07YPiUm1cKRdA_PbWMiYYJTxAU76aF5oUm2Yz3GY5RISr-QrqdOyuXpFWbpFMGtswEg8HacgCsI93NfkS2Bn3lIKnfBRb3Gwjb72Lbx1TMzVreQJpUETjvf6pL91V9e4FeeJxfRKPvNJPY6YynJtsU337r29cpAP1oeLbTaEVqocyAMNnnUWMftTiOXJRnAA-fD6btzGS4n7YAm_GQyH88PK5Xs3rP9zp2vuWay0HTqRY7_5c5wtFllVzeXuSU5XV6JAUtb1DJsZu9VUbj_XmNGXDKyhBcGTpddeJRrh3UkUzT7xEGURd538sF3AmdSCApxhnIKqmr9PBf2ALhSRrSk89JwMCn02dvLEnP7npro-f8cvIi8iNQ0an-T2AJGIn7O1qyto9ANpPIylBhm7cxORkWjzQsHGDsqtX7Tmf-Vb-0hwwwE6OJcXIGiAYWzTkP061wu12OOXFjlXvjQZIuArq6qEr0rBfB9T2w==&xkcb=SoCz6_M3jA5ATfz4kB0GbzkdCdPP&camk=C3EPSzFlQw_yEGK4nS0jOw==&p=13&fvj=0&vjs=3
Global IT Software Engineer Manager,Boston Consulting Group,"Gurugram, Haryana",https://in.indeed.com/pagead/clk?mo=r&ad=-6NYlbfkN0Ad1FFWZOsBBwBZDGouyCcICeLSd3pQct3wJ1q5dPO7JNFPcbpYQ1XCAHtAAJhKZCZ4-jt7IlAE0ayERTFXQgQUoBtuXtBklWnPXFtrm3YpoAearptRc8UNcCEAU98h3eKLuFphLWSqvxuOZqlX_fdDEibTC6KcvvZhZUCpOa90sCHQVUkYmhrVqTn5mTuWcfjF1e7VcqBXLS-9S9orn55djS91g1cYT5EoAscu0rdh_QDDZfgPpgOVXAwDld1MwlS_-hnWldkTkvWoS7MioqkvVNTek7RSBRbkToQr_GnFTF84ZT5psFYBW9i-l6kbRWd06I9MNHAkmy51cDFlu0geziiAbe2smu2Vrt7Capb6gtT9fD2Yz-HIwzFQUWwqtVSQPC3tH1tabbAJYGoMfQG_Gbnb0J0BWq63jkPgY1y52-mbZlt41B3ZOa4V7gObgzy_ZBQvauqj6lOmKQL2Jc5-fBfUmf-7Uo4u9-vGpZ8-vmT1rSH8ZVULl7aOa-B76y04JMGhU-rFWrcKi6KmOaaOC2kRMAljj1IqZxAJPYk1BUqKwAJJXR7Pm_dfqhI5TgW7lGlDlul2LC6ARY9tEvVGja4_XvByjkt9NwaOYRrif7FjUZOefc3V7W8r6yxTg-xmKF7QK7_ARv0urN4AiwzI_zTDLOOhc2q8MznTPyn_P4YVEgs2PSNRdDwXEeFwa09_oX_otTF7P94jSLWGCb4fHiprYySkzm-J7YabddSwgVdDomwB-ow0Mu18WmfgXO5Zk5sE8asjDFboHPpbBYPJUUfD-Xyom2wbu4KRDkzMoX5CzxGURy8L-i9miUgO2VBc_S-jy6-kb0M1o8bkF6Ys46hQ_b26FGm-mwMEe743SbU_AvjURzK9U4VIML1hOoU1UUaLMk8szTpmvNkXSrYIhIKbnSMp568KIYXjDLzLjbhQtVqDor_3v2tKW8hVOeZyagT1A0N4mCEbeTcIqGlJJQhW9LohEV1HxbvJo06GqFL-QzI_X71n7EtI7Qmu_M37Ri-anPYJGKHqdBtsa0agslSJ5oqyWxvJpkjO5CeqoXrBla_4A7Pd-13uaw5h5bsdWXR-a902KjgHDkwFNb8ohsEn53JjhMTzO1kbCmV9gRvw8AdEP7vAX3mTuJPRZSmOmi7aYMxXbLk_zICEXEniynVb0LCrXqTifbf_FBIyeOLAWWADJmuYYlyl-VBmBa_Y3_FLv5AkAmW5pjimgafcuZ_nXKbEqMCtUrBmgCkijg==&xkcb=SoD76_M3jA5L-WzCYp0CbzkdCdPP&camk=C3EPSzFlQw_yEGK4nS0jOw==&p=4&fvj=0&vjs=3
Global IT Software Engineer Manager,Boston Consulting Group,"Gurugram, Haryana",https://in.indeed.com/pagead/clk?mo=r&ad=-6NYlbfkN0Ad1FFWZOsBBwBZDGouyCcICeLSd3pQct3wJ1q5dPO7JNFPcbpYQ1XCAHtAAJhKZCZ4-jt7IlAE0ayERTFXQgQUoBtuXtBklWnPXFtrm3YpoAearptRc8UNcCEAU98h3eKLuFphLWSqvxuOZqlX_fdDEibTC6Kcvvbi7XHx19YR92oluzaoh6QxB12TKlii5olx4PtjCyWKZoMT-v8TKnXLyV5HolkiZ6uxsg7nX9D_kWFXfPvHtL8nB2Gzwp4p3IVN-iv3LRIn9LSZdXxmmv9k76Yh72f3ohlkIOU3ipaD8NYfxjZ0l-UkGVJLiDltCnh-3QyKAEIRqZAChXXZRg05YhlnSz5DOf0e4_8CSFhh1vQewPDuJ9PuFOHg-gYOuUQJsEhlg_-BDBAR_sjHAt0zpqoYLki3OZvZVnrxhsPAKafcuUYs0Fv2yEfhWqHQqcw8MAWS1om8OcLkITmiXD6wqdvRPlzl4Mx3RyRxHoW52f1l8DAyN106gW2DBxGfZ-0AgZLSH6XdghPYz1b7Y1Z9DE30jX33uCGwP3q-Jef_hbJtsyp3zIkkLrfaDLjmhwjCimIVI66ZXBVnc8Q7qEGd86498SSE6qUxAQrYL-NtYLWNdAN4RyfZGeDpByM2vzasH6wB2TeZXR9ES-iXprEz1ZnXNKmNGGwdh2oy8BUpAn2y5TXokpjulv5K86936xrVa_F7UZlMKIPE3saPNcCvxvSRSGeWs8DyCX3kmStbMaz-wx-mbgk97XpvbX_15hi6stanxDKG8yExPPuEKWMbSajc128AQVt1VIC9RuMcX5XiaJ3jhN0C78F_gHne2hgetUKGlH-Zptjya1ibue9eW4JNWLr5WPdwU1jkindgiwamgmjYY6OT_MKoMMBsD_pMRL-Ye5U6QSwRkg0I1_lNQS6OwHQm1uQZa79CTuMEPyS_yQSVbzWH4o4AEaPnteG0xVuiu-JksyUMGPNan-vQm9WNcv3MHIG0nkiVKE3wPpqZ6tl2rRBRioYnA58hi9pIDGs7necdHJj83ovI0_6uOl1gj2nGQPWZ4edYyDSW4-t_4T0p5QC1GsFoj3AoE1kuB2ApDuJ7FPT7sWuaxdEI6qOvo5vlluPGbCvOMJVrX6yxUC7viIpOS6TSoYa6rtT8P1VoYpsgm2J8RGCpAWDtAYO7bVPE3MaTziY96W1VEOtZpVBb6WT68nSbnTvcQlAklt3AoFAvhsqlos3SbVULUa81dbLlr16dviSOszEJPg==&xkcb=SoBi6_M3jA8EXpzCVh0FbzkdCdPP&camk=C3EPSzFlQw_yEGK4nS0jOw==&p=14&fvj=0&vjs=3
Global IT Software Engineer Manager,Boston Consulting Group,"Gurugram, Haryana",https://in.indeed.com/pagead/clk?mo=r&ad=-6NYlbfkN0Ad1FFWZOsBBwBZDGouyCcICeLSd3pQct3wJ1q5dPO7JNFPcbpYQ1XCAHtAAJhKZCbZ6-q3Rcv2UfJ3lstHgyTD91r3QJo98yqX02Fhvg63D_2PxuMuUXobjc9kehuz07RteRzdlVUtqyzyucIc2mdr3yLWVL71z4MWuOu7sd5dLuhvNiD20IEqABpNN3MOYTKn6d2bR8RGQoKL8MxmEyu_f1OSsq15xZ6UbkFve0vghNN_smZcb_0MrFSwjTdQKlYDfA_t4u1GUmUwGYRXbZGIQmu9GROMCrdqdIDUEY_7HOd37KFKbRG8pfWTIPniJRkSy1G0_x1sDIiIjGRizfoaEy1i4QBQaMrDyJyU3hy1QD60aQSmQftrMFUTULPSADxRQt2kPAavDEr4cIEMACj3DTN1gwKvlyKFNVXj96AMPirCXghRwXsb8fXxP1NbD7vJuwRsXz5W7rij8JI0u8yMsVWSXqYM2FA4LJMl2lCBA0pFREirk5AKm-JxQnch4ZLhsmEhqRfWMcrhpRgzuA3Sf9TiFguOImkclJ94EemgQSjYkFuXr9NNwgLN9MaQPBDGyJHwe7icgbGpIR2fDtZWAoWSrJ35bxIKn5nB-O-L6yxKIpFKuQ36K1sYbIOYqYV5y2aN9mqGssdJmNUm2T-dwUMRUZBz5Mm6GIzpzR68IEiFjx6ltgidS02Mp_HuRwoiWNQCV7SZr2xPaMZXIvzRRPmabh29fmQYjEUztn7hukN-mXoHgRkHd3xPa2zNoDj7E1RhADdnVOFB7FrpldEvMDvEPb2Nuiz2RogGsHbUKX-GsH5oG5SDadmKK2KGvAIi4P5Y2N0Njtyfhg5W0zALhjdCJA_cUZiIrkZIInLzk343d1UltLZFarg4bO4fGJEx7l_ZG8Cxqz510GQvBlpg52dXazXPwXZMaKuHUt6ukZo-StWrgYGzhJXsaG63DdVyVN4QCmqvs3pllbXLl8qY9k0dbC5yKsOHqUzlZRMGFKLYfAFJgpwD3nmhCbfNV9fyz-iIAwMZSfhYlDC7MBHZLiLZsvvhz_WujRYfRpdtAX5w9lVF2_w_y8KYoZvmmyu0po-G007A83pqXITxybYSiw2_EFV4MV8aRuz_B-qBsbVdfXkFcyECr6HBKrjrRE2f4ZDJK29MFDziibRTUehlAFVeh2w1wIvUtZIwphRhFDpO1365IpbqBzh4jgPrtv3r_oL_KT4M8SWM-mixOYnQOPeMn39DzujwQFljo3me-Q==&xkcb=SoDZ6_M3jA5PJiAepj0fbzkdCdPP&camk=C3EPSzFlQw_yEGK4nS0jOw==&p=11&fvj=0&vjs=3
Global IT Software Engineer Manager,Boston Consulting Group,"Gurugram, Haryana",https://in.indeed.com/pagead/clk?mo=r&ad=-6NYlbfkN0Ad1FFWZOsBBwBZDGouyCcICeLSd3pQct3wJ1q5dPO7JNFPcbpYQ1XCAHtAAJhKZCbZ6-q3Rcv2UfJ3lstHgyTD91r3QJo98yqX02Fhvg63D_2PxuMuUXobjc9kehuz07RteRzdlVUtqyzyucIc2mdr3yLWVL71z4MjQu3WF7J7RTChGf1nVkRtRL9nV1X5d5wRvbY0Sk895pKCbaVe0wELTV-qumbNYfLCiKpycmbVbRiLd3vXqpItarS_RL9s1SMsGMMYoaNgHSA5qCk25e1zKpHAbmReCJJD-6Vl6O7-4zKm_Ys9yIRlnLzg5QQhz-uL2uP94sAl7-WK-eM7mtzM5O_sBT8K2Bki_z3xVEa9JG_I1oBapF9RmBiVh2uN9mDiX-gXS-ULkapxE_rcYcy7HHWej0HmLwPJ0FbJpoos04itLMyVqz_eVBz5x1CRmVKTwdszhwTAxD7Q8tMLx1rQqGFz8leFUaGZbb7YW33RFtRYvwGDFlN-GyeB4TTh_taQd0IbK_Ux6V12z9NgZ6HldP1HG1JX-VzsCps0ujsN5fzQT1a405aLaO5W5ibD-L68lHNsesP1RoPGgE6MhZNf5IzFP8dq8Gwb_ROrBAmOPcU-WaColKJ85c2bFe0idSHCsG__duyWub3O9J0tjqF_EadpLJNFtgk65knbYvdzO6A3YV3NhtW1J_DR8e4hsoVc-Z5N8PIZQbdsiolKGxqrIKxY7UCkb5DWbXQfvceKExaXrvGxo2nnjIdnnUu4I0rpKwViaAxbVgEBipnkVE9HRw6IQKUgUdtKB54PBrDDkg2EQmcFxsuo1n6Ybugf4erhhQeBfh0kiLwdipeTbQzVEaEwnIAv0Hhoz8LOCUCiFi0EOL7kzS4-PTAqkTpRBWcwBn8bwMxfR2ao_uqgilcSuMjPRWBWNTFk9EIObDzaw7_suGnUsK3Xfqh3cr27Ueoim4GdPcz-GKdoo_JnDaAnOhvNcL1cUnmZMxaIix24oEyiLg2lJwgz4vWE3b7xmkomlWm_F2cK15SLG50QABtNqOp4yi8WLH4pXJ0M-c1MdI8pySFfxPIkdg-SNL3-16S-RalTEI6frQGtUvz-1QbaGplUjpii9yzjVUsP7_IgSy1lOsxLwm_bwWXP50IrH6dciC7y0Ru-GJR8lIt9l2pPK9z8sED4NCpC5nlu6uq7Ac9oNxvEk8k42Wilu83u5owlPavC6LegDrlZPGQNOJ_2s6GaDPFONqAabJhQiYt-8A==&xkcb=SoA96_M3jA5ATfz4kB0BbzkdCdPP&camk=C3EPSzFlQw_yEGK4nS0jOw==&p=10&fvj=0&vjs=3
Global IT Software Engineer Senior Specialist,Boston Consulting Group,"Gurugram, Haryana",https://in.indeed.com/pagead/clk?mo=r&ad=-6NYlbfkN0Ad1FFWZOsBBwBZDGouyCcICeLSd3pQct3wJ1q5dPO7JNFPcbpYQ1XCAHtAAJhKZCZ4-jt7IlAE0YhyakRsNsVzBKpdonclGE_uG02gt864AMAsFIBCCuNtUgMICy8Ej_SJsewDtdhgZWL4OeSccYkDm5xILjUNthmJUjPgD5Va5eyJB9K0sE5RjoQcumMd2rdx7Wq5Ajp0l6sKl_7SK6ygnBc1q-JrNVgaD9LWoLGHJuD-wzGz_qOJotYY_fRFwMrQ3WL5TJzFzUVKodKzQObHvmDrWl6w66C3Inf_Li-c9ih4YII4HRELYfQiVmtl-7_vxj_q8BgCa1zQjoBEkgCQosuKjFqNOzgYuFzgqcwmmqkBIGQpacuOPH_Cev-avV3U2pSnmkx1a8T5hP8uyek9cyO_nfFMwQ44hFKYAwORYMovBH_cHRGxcpCdDy-D_PmL2wBOa3paBLXTR45miuCoU4z5yXYDP7BVVAzPY0EfUpnK0eQ9xO2YU9M_xeiSxWdEmotgwthDjsjz84gB28FkJVZf-JfLqdDqwB1ZqaltQEprHyTJSg0W3uKGZoCIkr7AJF5e5GCsrI8LSMmgBwf1G_VmjArQTQOj0YqW8tq-6wqj154rtiu8EgESqVa5d-H--DxgS2qWrz6XO-bHo7zl3waun24f5RMs28yiiC5X79auDiND_d7A7LnqZc8_rqn8Uzs846Aba_WUIzwwHmglFWKOg163OuHqlKP8SDr3fuyNFzNFUFlhsnib_Hnj9lvp0SakGSUTi1WI4dLbzW8z_aZk257dz_jDIj57xN_8VrkbGr5H5jfgh5qSLA-uVvjnnk8Q4sPk32UhGILvcJtCn-qS_7igihOCA4pHpKUhe96_iAXp_8GXUB42cR2lb-K0B-JBOnVUtb0Mmq3vp-Xd0ZIB80uqIM6982WVkcCMh4qFrNfWZpREtpATDUV2FqCHwoZVCg8VwEZZ1dFf-L-TQMHyWtLLAnnssO8O7MBSOT5HheofH7z2CaYqv6CYdGj7Pxd11u4JFPJuMrj6Sh4DMrtZulNhdOCVCSzAMVm3t6ABHon48YpXxv6gxhNpfVbP3xybpitQRl550s95PZU96AcU_b8wN4P5ydjOlsVSpZyBwD5gDX1uj5KtJ3NG_5zkRFiWTSKqURo-DOZJPr4nWgOPvA0scpwvAAC_GRZmHs8g8J2CySix7AQApMHH3Eo2Sh4QZ5oMRPf3CQqIQd4JvhcJhc_Q6piupC6I3sGnv7rstM8SWw7E&xkcb=SoA56_M3jA5I10TF0B0PbzkdCdPP&camk=C3EPSzFlQw_yEGK4nS0jOw==&p=4&fvj=0&vjs=3
Global IT Software Engineer Specialist,Boston Consulting Group,"Gurugram, Haryana",https://in.indeed.com/pagead/clk?mo=r&ad=-6NYlbfkN0Ad1FFWZOsBBwBZDGouyCcICeLSd3pQct3wJ1q5dPO7JNFPcbpYQ1XCYdTOV-ko2T7nezE4HsVeyx6Iw3T6zS29GdzaUuXtF2ttVBX0MGv3MqQnM43dPg4noe7DabtOm5TDWqnqNkohcn7p_vLQduMI4DspDqMkDE6jGynB3b99vw3aw88caHRp7YKZDDZLCVnAUBkwueq8f6KLH1T_mSJzzhsea6Rg1wcMBuLrHanxbjo-c9Z80FiL3wj8E0_AnVch--UYJqkTNtajW1q8jjNvC3q8GMKJgt8RcUCrBfzjUfBJFPNTjU8uj54T4EioxcdeGTGHZhw1htSIqJxnq59EqLZ6FZI-fhzIBhpzxk4SLBnSlBpFKBBx7Dfu-_mHUBZ-ayY4DlxEmM3iZXoUdqOuUgHi9ytzz2fSa1mzeOA-l1xiNoAmvgpdEt0aOMB9wK6XNx8v8jgk-UBoot4BIU0Ys3kGyJJjxSnkgDGrzTGx-JvPqO6HA9JqQbWl79DN8XCg96P3ZkTf7bJWdTFN1_DvdowGzBQe6foOXmGgELBWxcv0BiT7LD1RGHkyu9U6AOK9Nqn46fdLsfYZpXC-VkZCRC3mIb75ffI5n-wuus1jwWOYeMpF3A_Kr5rvKLr49vjpEJ4quTqgpQGjZA-cne5ZMTLmGIaR3lPJ7dgu3QtG_FcZPWxOm0snA-WMwfA_qXYysp8iSGzb5EQaU47l4guInnrFgSDWFpKiSLWxO5JmMFCVYPBpQb050sdCsvjavA3RIob-eOB2fmBT1lYzx6NdCI3T3uxBdf5-QDCTd8gqCtsA9xCVDq368ZNglwlBbFdG0njaBTs8lQ57IVFK8LhhaJ_aofw_nzdRKScXwgRX10kUGJS7tkCopCk727UO5Lg_mfFLpmsxGApqHmW6aLKV_ktwmqTXHZj5WFVTYgTG6yrwd8iIxtXhgn0ZO_IsEdz0s8Hga9XwPr-HbbmH1eJZ3auio7MQXEP7hsUxQ8LO6X0-tDQWS5ADQK8aS9N1gCBzjM-elw4j5ukM3Y0UIhqtJZTboVFO-pFjWad-q2DvL_uMaOoIZt_NU_FvhagY6kxleYavTogYFobCifJIJOUXxPAk2tl0Dlzt-nFF8D0Fhqv5jKuvvgOZGiTTMAj0AtAcgzoGgKYwNxmq951qMVkuYgQObyFRPCrSG5hIO9R4fdIEfSEiNfwjXlBa6jiPZ8B7QvinoHXp1J_0m7pJzLUc0K3fgWEzp-bTxqVX4CvrTXnndr-jkbmNcekCvPrdnHMLu4InQGpGYcOxAVG3jrrJD3NEaTEMuqFGYxTmFg1seqnaXQLEbKuBi4mqt2LLl6uGxCcXLQtIrzOlYjeEnZjUL3_o4BZF-RHFYglvelaSuBvHfntQ-bUz9X9rjF1JdEn4iVxs1N80slKqHvwC5CDC&xkcb=SoA-6_M3jA5DXoTCT50AbzkdCdPP&camk=C3EPSzFlQw-Kxz8aVjN35w==&p=11&fvj=0&vjs=3
Global IT Software Engineer Specialist,Boston Consulting Group,"Gurugram, Haryana",https://in.indeed.com/pagead/clk?mo=r&ad=-6NYlbfkN0Ad1FFWZOsBBwBZDGouyCcICeLSd3pQct3wJ1q5dPO7JNFPcbpYQ1XCYdTOV-ko2T7nezE4HsVeyx6Iw3T6zS29GdzaUuXtF2ttVBX0MGv3MqQnM43dPg4noe7DabtOm5TDWqnqNkohcn7p_vLQduMI4DspDqMkDE7NZiRRxe0pKaFkyu5kMjYAHSikYQ3WrsnYzf4GiRvBjzG8q9KgEmZwDvr6nOmoKwiiQ3Sd9CUR6PGGCLpkaStZB3fWZ8mBRiwRpdSiarzaoVITvgkb9v6HulP_xfa7fPoMTBARmh3Zz3QGW7F9Oan6rQyCIn1zwKNOBkJ51UGn1m8A10GIrAJVTbC3XAOm5AfZVMtaVhdYU5oe6BDuxzZs23E4eRXVh0oD5bppulpnbOalIxgol2lGWR6VIOpUlZsE64hnRV0bWkpXw_dFQmK-x4O-vTuFv8AE_Hj2LUGq4jWztBhv5fpiyWmrR5h8UPP_4ONjY-a59OoLRtaV6UZfUgxGp2OdesMlJJugYQEsmKOlG-Nhb6UYT6hJrjhDEUS-ZRJsIQ4JcdA4wWEqqMIHBE2cCy42Az2qcLCOb7zmqlcDvQDdcoD9UlOICjMhKjqqbhlYY0fjFRtsXvxigtqTEXYhlvWx-5ZcHuJjTSboKeFXiM8zIaG_xLkhg-evcnxBSAwRyRN5CwCVqZD9lWsiCMG04RXymX9_CqJUAJaQFBWcxK13eRhXE1TSFhdXa5qVWHeuMSmfsaawGSmftb0a-mkGhjNoqfipA2_cWssDJQNnfszs_MFvb45ofvoDM0MyIJ1LJZSQQkLT9RBSkHL4VaC4WLaCOr0oUvc9xtl_Qz6vXEQSQrX0Ud-DGek7bWxKte5phC43Lxap0OF3gxAikfurcay6XecHVcjXg_xysXGoEcscMHMKV0bsBa4QlT9d_zDYd1LL1yHsmVHWyulPcPNYdkzQKpbEGieL0szzZ1yWcoISpzCzJXwlIr0VqV6kmoDo5DurLsEtcumBz-3LZ1cTBQSwypnD1fEx-0lhYtDyumR_kNSMoq1P3Cu5sE1krA-W1VBB0wLFt5PCgVa9gZmvOIj3vGNVLGstXwWjSMbhlpZeiB8ojEjtmueYeETL_C7cvRgQnSUc3T6GvPm_5DaJSVTZbzR_FJm7AJXuUxGzyLRtEWC3L8aqcf1I_9hj0qGGgzgCafq4akHT1VO-L_gAIcZc7yiXMu_YUGmTR3K7ye1XPcZmuQN6hPkPyZsT5k8u9Q5gG-YX1E6Zszxq_BD2rBKRAoZzfKDRa4vo1lZB5ft_1vgw3HGKkNdIUBLoFzvI0LF60oKSMg6rKNUg8CDkxYXZLTIis_fisyfgAFpQfv6gpupMzGl7OG5xVPo6MEKgBXt4M-rG6A5XcI1KG8jEutCoil4ggbzZ3Ft1yC2m8QOykFqJ&xkcb=SoDu6_M3jA5ATfz4kB0IbzkdCdPP&camk=C3EPSzFlQw-Kxz8aVjN35w==&p=3&fvj=0&vjs=3
Global People Data and Analytics Director,Boston Consulting Group,"Gurugram, Haryana",https://in.indeed.com/pagead/clk?mo=r&ad=-6NYlbfkN0Ad1FFWZOsBBwBZDGouyCcICeLSd3pQct3wJ1q5dPO7JNFPcbpYQ1XC5RAnUtXyeXFNmk4Z6ZotmkrD_-Op3hWuuCr6KRJ3vRSsJPh1-n_zjcMmYQAOsOBx4mY7vQqJPLTna8kxXTf5R57cZXm5YNH1dHdVkLLkI9kT1YcMDGnBFO1tzQ5hbNoeqfs6YEzIr_CVg21DWIm4VR_yoRkLDZRtxmG3P6FELoeUWdWLJfIvqbAGe7xNW1AK6_5gmFkTOLuMu0DDp04cjhRoRumGkBTF37b0LoUfWoISSj5gujT48Fqqw52Ablm10gKAdE0fVJifawYhk5QJFBRm3sxS8EwzPfWSLnezE5aQo0w6IQQBVw-l7m0xEfPDbED427_YpPdUJmVrQ0gvrd1CxW7iH817lzUSMGI6vgPQ15u5hCzCfhr-Gdqd3yaFM_Js-tbNUw0iIwMrOwA0AnXKpe35U57CN73VJTGbMVdlxtnd_1gptdexhQ4d967mV7BMtvAvQ9X1ajLBNDr7nQUmY7YxxppHDjd4DgZKdStUpUF2aJraUHqy-z9Ff_fCmsuy4e5zK03cYzvojaVQtRDx8vLkyCarQbPhWep0BdVYJ8cbiFzLjuiBw9X-jyWxmIf6Q4DzuQOBg0svxS8hkfOY5PqIQ3v9z0kVt73cz8JaQpP-wo1xIT_W-VLXJ9ulybfVGcAWvgkSpp4LFWt5en-svaaflQeYvsb1B8Cr-zoNJN934NP0dKBk1hY2di8IGQUx9ERyrXETyZosshpmc7Ft8X-bBr4uNa2qULXnppZLgG0LglEEKa3zZNJHuAIQ-ihh7IVIn4aAmnwbbhEWmYoSAyy5pC4vnSBKRHDbzmQFkzyeJYOqdgL1W1-3CKmlQm4WxFs3ywwF9fS7tL5DQTkOt6HpQlilXwd_Y5Xn9NJ1Kq7XCATTSVLpYzVf9zMue8ejCA2pEpyOJa0ibRvqCasbfmuBaUwlMW948j2RHHUKDPuYGrHDC07khErp8oAz-OlwHnHyoXUTnzDzyEqkzFLSfzindTUGgdH7E2nNvdOEI9qEyhx1E4Magzw_RwbomeFVk80EPvLhKUrIVx1HQX7BATid2OhN7RNVpguVU_P1CHkQMp3wNhxdtqHkMHTKuZ_l6YcDALmaNaGc7vI0Tb48_rf5yLg62DPK5EclOJ39pe9RshdmBRZvQZg5nIA4bP_TiJslQ6zfzyHJC4NgtblgDbfsf_sslgnOQN0nKDxXWYwVQRXRI-5ccZOHXuyY56_krE2wGFQE45hLrUDaGvfMfwPe38S7EEypJFnKi8NEvRv0l0Yt1zN-FAZolmw15q7BuPYrd18E4JscpGX8_ijWsDGh7eeKUFfIdpwdUD2WPGBBRu8XBCvKbARC_SjvNVdBRbzQvnCRUAP6f6EeuWJRoMrWlzYG&xkcb=SoD-6_M3jA5PJiAepj0AbzkdCdPP&camk=C3EPSzFlQw8VN_uriDqgwg==&p=2&fvj=0&vjs=3
Global Product Analyst,Boston Consulting Group,"Gurugram, Haryana",https://in.indeed.com/pagead/clk?mo=r&ad=-6NYlbfkN0Ad1FFWZOsBBwBZDGouyCcICeLSd3pQct3wJ1q5dPO7JNFPcbpYQ1XCAHtAAJhKZCbGEF8HrX7BblVvIY5duXZGcY_uzPGlmBITHwdrSc0eASh3uG69444yAVbrii49DHisojQLkXJI9tC7fLC014TT-L6cEFU-7t9RDwD9ez4ORODnYu93QG9WMMuoUGnEo4odSdPfFRN1gAGNENoyHv4cM0wenYICc-wUYwSd3T72C4FUDyDcSA9zxMUq2mztdfqvgvd32XBvDLclWnvjpAgGHwvlSsYnfjFHnioBCNw-FCBxwc-Xcmg7IlC-cQKzEXsX-CvYWbB5HEfTZpeHdcgXXuihBEbgItUx9Q14i007Z6n1sgr4eQfIUyA-9b1bX7n_6noInXUlw72txJx69lk0NphYkJS-oIya-OAlM-0NfLjqFZL4NuuTm2maJdImxqy8OVCOrFUq5IMQB2VysGmqsAJTZGTgv9W3p9CNyMtt3PsF_b8KzlbLdRZtdV8jW5vjigOtZsiM9AOQyfJiRNDL7KbsDEuQmbxgwp9Pb5Bx0mvov7-hHrlNh-YThTYSPVYGePrtlB7xRCzHn0KODhQXBmeluaPbF4MdkNwASxf4KZBY8FSRwBcPzZVBWMxZGlie_nBEReYLh2t_B5bypXDhKeVfzFHRsR2c9tywfQ8CF6-Amk-QR45FWiRSWXIdofQ1KL3-AVX7-trAzzpS2cMkJTtmLUX5h_ghJOb2Pbe-i90Pnj9UMhcykkdHnFDpNZiFAe08Oj55j4Psj7pS20xnxr9zdk3ALdFZwijLDUXXLewgGPTy2UTL00QtEsGtDKuOE-dhpjxz6GxFUXrZ5snxQ5jV8LKagnpOh8VLMGD6k6l9gKQueZJbc-wKvA7Nd_qafNECrSa7G_ufvIs71WUuFYfU8T2gNTy_wkqNhtWWfEt7WFSHNrG80DFkJKQp1EVcZWB0P8lCblIwqDJSiAh_-9CuXXlfw_2JJgV4b37_CoA_yGOV1tDAOaq-VeW_QVzMbBhwfcZd1xR8RRlNop2bOCJSLyrMY_9s_5Z3mwVr_knePCq_3pxHPsHYrycpa1HxJmPEME2X6ye7fz5lLoDz6m0vlMySZKOgIOobyh-nzBDkSbOtbcqhrOTaNT4Ij1XfRNjugySBcHnZ0PkQRLZKOtQMRhbByXAdw-8iG6akF2DL7NvL6Atr7DhYInLbZHBtn4qN3ILxRg==&xkcb=SoDk6_M3jA8Nk2zCTB0BbzkdCdPP&camk=C3EPSzFlQw_yEGK4nS0jOw==&p=10&fvj=0&vjs=3
INTEGRATIONS DEVELOPER AI Tools & Automation,Partha Dental,"Hyderabad, Telangana",https://in.indeed.com/pagead/clk?mo=r&ad=-6NYlbfkN0BpLSzi1_lOZwLuxiilf-1ZClQimgJCnJFbDKMDJbewGe8EpA8Np48BDLq0Gbwwc5MdWChjxM2MuC72s0U_qISiglCgzdROA-TVyPHAUmVHnyiEV-X8JEkJOycaigU5mrS69X15j9KD4qQWPPI_Mko8o390ufx5tjNJam1CaLjedGmSVywHO4Fb8tKCVXwvuc0BuJIt1j3KI0f201RGCHY3xYGOjpVsat4jl5oxZgqSal9J_sHO1zvkNxyo0uFteYVb2JP_9iVUTipDLv5QLj63ESYt-rxtywqHX7P_WOcComUOz22h1q7Vq5tRWvZVE612fXIS6RCbs4a875CIM4ztoSaS3ZbMgVXKLl7p1Q07I1kY2I-nAfETsOhu17ftz7RI_MY6FPIrRiYUmbxFNivw-kQEVCeZUJPwCDl2LICM1vmWSLqL04hvMkG7DxxE5HCvfJAWrgjAT3A9QzHdDIoAJNHhtb-6ofUcESoux-BL-PDx2mPssKwonGG0Y0b_Smn3pjzRykIJvjfiaNHSDe-WeXPTbN7pNph6L59sSMV3q5X5JOtx8GCd38EGThowMTlOVRVLc0rPTUcergX-ZD44IJZ6HwvQX4mMAtQRcW6tUWGBlqXvZ6-5lc5QqqVThZMFjFbsYShvNB3lnwSmlJrtMvSCIgsgZzSC7tc5gTjo_L57CMk_pj0Szpm1hi1nJuP0MHkIu8frVHq5sfKIUveF&xkcb=SoCx6_M3jA8EXpzCVh0MbzkdCdPP&camk=UoKtGZLa3XJf16I9dvtw0A==&p=7&fvj=0&vjs=3
INTEGRATIONS DEVELOPER AI Tools & Automation,Partha Dental,"Hyderabad, Telangana",https://in.indeed.com/pagead/clk?mo=r&ad=-6NYlbfkN0BpLSzi1_lOZwLuxiilf-1ZClQimgJCnJFbDKMDJbewGe8EpA8Np48BDLq0Gbwwc5MdWChjxM2MuC72s0U_qISiglCgzdROA-TVyPHAUmVHnyiEV-X8JEkJOycaigU5mrS69X15j9KD4qQWPPI_Mko8o390ufx5tjNJam1CaLjedHVB1PYhDzOhDjgDTMdWuUSlXqwUKL8vifBE7qNa9k_Agm4k1g9WGx2PSAP8p3TVP9sZPilbniBn0N_UJiwBCejBUX7-eS6OvyCs8eQdFqXcnk4MrpvmLt9HXk-hufREkBc7MPiqZBpiVdv1k--pDC0DE19mGych8DzfoUtbGwgaJdjIdrlQkHawyXtnwKMM4Qj9CaSf583z-bjkS92EoFu3UJxAOL5rUQaC6nbw5w1SBQ_1l6rRaJ7_8qj3YLDR6G1yUHYs5oOIgNz1rDG5A2CTOoXXBdxI8IvDoZjVj3mp5679_Of7jI3c5MXlEJ9RWwV_AIFXZIeHkG37qp992kD43G_OQ-bOvjCHPuBFNkhurkJAYGDzoRXDJlpe9PgQt_pkgfN5XhvzfY5c4K4BaPXoLOz2WPT6BJC0Sxj1mF20TOCTXj34mz11cQGdJtn2sc32DyWeDscNP2atPojUTGfZX61wRg_RbZmN1Pt3DJzTvAMsmz_4iBf0k2qy8DEQGMvzPwY3d587ON2XQi3GDT3LCmMcHA2MM4OI-BC4--yl&xkcb=SoDp6_M3jA8Kn4TCT50DbzkdCdPP&camk=UoKtGZLa3XJf16I9dvtw0A==&p=8&fvj=0&vjs=3
IT Senior Manager - Data Engineer,Boston Consulting Group,"Gurugram, Haryana",https://in.indeed.com/pagead/clk?mo=r&ad=-6NYlbfkN0Ad1FFWZOsBBwBZDGouyCcICeLSd3pQct3wJ1q5dPO7JNFPcbpYQ1XCYdTOV-ko2T6KmifjcajPnekOOgnye3DofCxHGwhtM8s1siMcogsnXNSFbeNB-KDw2kERAZKsppENdPhn52E8v2OaiMfApy4NUAWQR9Ueq1HDsQxbt9xz1Xl71xsdcMKVOO3zHuqpTrjdVuBiaerZT6akmxNjs-vCGuNSuR1tE7qX5-EA_UbAMdqCEpG7-hPxE1J5ASlvr_uT9zT87oQ7o267bNwSCw7bKa5IoreOnomBkHLanoCkXxcuWUN7oTH9QOJXXzdMDtqav2BPUuEKuBc5H12lZQ9LDJp1O7_v3Yg3ryiDWW7f5t8COTb4WOPJs02VWkCT7Zff4D4y8Fo9UqRplVpxforBbskeiN2EF64h_IrVeeYfV4kC3RbVsiFdf_SGchMsyyEbCTCPUZMUDsBnPmqRZkcS0LU0VD88QFczkTlTljrm7xa4L4BRH7xi7z6GEknCa0KCjnrM_a8hPvS6qvqHzx4C-RD1SOlaB5Pqpf0Gjr1l6XQtzzAKK1uYr4X0OGpv-69SpTnvxifd47GbNSwXPv17TWq5dNB4MPkDMUyFLph1IB4QOtWK7r_XMd3PMhPIPW8R446uOj1FXlocadTpCX03AzkAfEmCgvzncK9AocQ1Zg1HmrpwkC4ygpZO2gfeQIIRzKmFPz_1gEteCVn2mPJ2A1sRafz7HnCuzrtw4lH4J74gtr9YHandExUTOjeFFxcBqn-y3tHk95AthVwa9d-sREtQkJ3lqy_3FkG2mRKJC7cOdp0f3QDeWY3Sxs7YaaPW_t6SPNquCHT5qFGskw5cl-9oop2nYoD1OMoRAnfj4eE1Rawjad0V_Tk98utfcNULkiSaQc34OBDCzJH-Nd8QGiWekS4jzraBzWt5PHdxmgH5QODzfb7lEBkSZGmODs6B2vvXdddKbu2NRzmWVG50PxkEaPwVEAYwFNAky372MgTvNY4x4YNnANt05TsufWs58bVHLJQmjBy8LwWP3pamcJiG7AL8aPvbiLerRESDrvfkojMCrMkvGJAfzgBFucXU76PnSmigM_-3JCwOCiHp9FR1C7y-pOWAFyfQRcxhcQMzz_9C3ssshlTGfg8dZR0zdgtZlgzd0mXNETg2jHVepIF1CJX8_yq-G1rZuN82NrKZGZ_oZlR66hYmFO2xs56WqnrOBimc5TSJpZCdknocX62SBhmHYinGE18Fa2tQEon0kU39rLWlf_xHqOMaWP54hd0HCOOUtyFmFbtyDQ-Nc209BN-ZAlHbKJFhsFqDT1YHDrZHz3J8xyrv4833yFXUcHLgKgfJymxdqlmi-tq8hQg3OK5GBuNmc2sUqjFg_a-rgvdYcHZiOW4wcNDmk-OwUGNCg61MEA==&xkcb=SoBz6_M3jA5ATfz4kB0LbzkdCdPP&camk=C3EPSzFlQw-Kxz8aVjN35w==&p=0&fvj=0&vjs=3
IT Senior Manager - Data Engineer,Boston Consulting Group,"Gurugram, Haryana",https://in.indeed.com/pagead/clk?mo=r&ad=-6NYlbfkN0Ad1FFWZOsBBwBZDGouyCcICeLSd3pQct3wJ1q5dPO7JNFPcbpYQ1XCYdTOV-ko2T6KmifjcajPnekOOgnye3DofCxHGwhtM8s1siMcogsnXNSFbeNB-KDw2kERAZKsppENdPhn52E8v2OaiMfApy4NUAWQR9Ueq1HO_dWsavcuprNaPIQYXRc8eDr4qQbPe4C_t0z2JuONAaMELuFJyHpTh8xnMW2ZKqTCy8pV89she8BUAcMzl_2uY0Wk_g7cRsHWEdfJu6GxxHRbUqsnQsPlH4q8gRajRK1M18YM1WrcvVeU_z_w9sa9vZwgwUDHZnyuFrS_gpfrI0TcrBR-ldNM0b9ZXn99YdRsxtcgv0CfnpGYU2Md-_7Ib_cXZbYN4hd_64OOUgQkWtfAzCvb446y69GPwkQ2uTFwNUHfgfi6_pyHr3BcggMaZL2GVvJLg6ORQuV1DrguHb9I31SK0l91l4uQpnDa5REmpZdrj5EbFmxOVG5xN9Nsa1drFqb0FlndPPgd6B2Jsj4fkM1WoHRfAd8yBz84hJ8oiT5l_hX-9_Ba8Khyo1R7J670w1RO2E7XHACvb5vUjTUk8Bpnziq7NKy1jo9J7StFFo25x90o83jgZZGZx7PpXEDY5nK-wED3HPoBxOD6in2fLr92miQ5wBaIoRU5aXc0vvMI_TnhmJD4arqO377IQh6OnjxyihuZ_9qSlLu6yp3Q-ZXPqssbilkMBsCXK72p4K-B-NERpicdYfQXF1gG8g1BSKV62h0jzSgW883LmjSyfK36kFfohzJ3i4XwxpgB7EEw3CXZkUkBoST_3ZVqVPGAqQz4zFa-f9i65LdMYaHo6RvK0UnL6M9ioSdInX7UFN_xro664kU2WFZWF3lqt1oMSMlLE6DqrZTOHwp3TpK14GiuRR5WHMoP_taPC-M0RasIzTO8o2ul1ABZiD94ejQXkX1_XXb949WVjys5S_rFo0isSgPWqx4dG1-kIZE6Yk19abyWy0AkjTg0BNmn9LsZqiKYLEe_y-Tc3JDuT7oDbMv7IrvnVAJLoyrYwCWuF5fWhPQCcuiuLaWCVdc-g_tfqVlzkkuJGiLK7_1xoQuW0ttCmmPY-9YrizQLjhNPAjHKAFFNiiG8KSl1HVe5E92FSm1ubN-RDEfRvq-H0jJThZjEgkohiIfZEpxYvSVABdf1ImoCodkQg1JM6BlhiRIo5FAah0P1HCmYGdBmDDy62_cYs7YBl3BLWgMc55gGRRVnt2zAxRnrUfTqP6uk9Nyal75on8881SOxTXy-KNydzS-7hng3_CQCRBJV3qUOvQJdxFsAWhlFH15Y1QWtwp4IbfcEwM2ErupDMWrEgUGzkHaTf8y_D3oeLQph_AA2XZiUolWAbGwuyB-GN6pI1-F8K3t-WwFN5Y8oM9NCmw==&xkcb=SoDX6_M3jA5PJiAepj0CbzkdCdPP&camk=C3EPSzFlQw-Kxz8aVjN35w==&p=0&fvj=0&vjs=3
IT Senior Manager - Data Engineer,Boston Consulting Group,"Gurugram, Haryana",https://in.indeed.com/pagead/clk?mo=r&ad=-6NYlbfkN0Ad1FFWZOsBBwBZDGouyCcICeLSd3pQct3wJ1q5dPO7JNFPcbpYQ1XCYdTOV-ko2T6KmifjcajPnekOOgnye3DofCxHGwhtM8s1siMcogsnXNSFbeNB-KDw2kERAZKsppENdPhn52E8v2OaiMfApy4NUAWQR9Ueq1HXGJoiXaQm9NKMdKDzXvP1d-UM2AhI3uz7AVuvlM0EVe31rGKDDfB7E7WMMF_uj4bBfZzLSFfrQm8UXGKZZtMbCGFAkI-HJjN58A4WEQ9r1J8Qx5SeZRmkXbSTNtzCwcf7XYmzyA6AFpO_kxqQDgwqwmO93V1I4_wkIPXeRYeYqPESQ_JnERUxJRYyiDop_TDF29iYaY6V-7t35ZKSsin-4LpZbDDTtNnKpiMVDwSYun0LBcT2X_h_gLbif3DZhbm1Gxo90EJg--OeeL7hymwMaujT9yBxDVRct88Dus3AovaQflAUsKOhnY4NJwurB__zlfBcuIHjopkO-HFnd9gOhNYtpiNXITYYFu0RshiHqd664i86yYbqIh6wStGNIkLRuHU317rg4OSLygRsVRf5LV0pXo8tVGZF8HtDwHNw1NQ1pcQ_j1PF_-2IlWKvpsX47yRK4qmp06zmpLJuzwtjNpTw5MlDFmqKbchVimgqR7D-zChO9cBkAc_yciQakpxqLYArywEu8K0tDsvC629MpzeStzxXoivKPOJDRUN8J8wKTpNrZSZypDy6leUTS-KN29PAzF1a6e-E8re-IVyWABWg72kshrXkIxJ7gVasScD6vzhR96Nhlp7-Q34zLo9DkCWYh-Xhf3PHvORslN3HV6w1HoY2qgd6C2d_tX1rGW5o1coCFNWbKmPE1eUUJVhnp8RxkA981mqEciu9bHqz-zO1v_L259WMiWmhCINUd42L1Bh5Q9hCfgKzVEp8Ol8segi0f7yF4Rxd-er6qgi-JJWkH4_c979PMn7OM-jzY6hjNDBDHkS40E34m4-HaPz7uXU4QwgH2lVZ-u5PWZM3MRNxtCBCrjFIAWWasUcVS78BUFMfcpajouOp3QZksXtvJiOdSrqbmDmodhNjQh6lbtAg6-XsLeWcC8zSNWViWl7I4dEFFy1igYw8jMEITYv4MSQS86qVmnlM5b4Qt-c_-Unlce8zvhM784INe5hQIZAOvPA3-GgaScrRjDGD1X_p9pkWTK_aO0gZuIGFgU1cb0eA-RZiyVimrr82yhHhioUpNYlGPL5eKyWEGZu2gUFqxPInyVezVV91SBHf9NsSfFoBfhMCbs7P1o7Bob3Ve6sohGuKgfYmnz8RdziT7lu_XGVP89WhEgAw2tNaC5BC4ZDNoNzQANzUM72YjljMBAvtcZMlOcsQaNsct8pqoFqpdqyeq93yBySD5JPj_YKoVgpYQkitALw=&xkcb=SoCZ6_M3jA5DXoTCT50FbzkdCdPP&camk=C3EPSzFlQw-Kxz8aVjN35w==&p=14&fvj=0&vjs=3
IT engineer Machine Learning,Continental,"Hybrid work in Bengaluru, Karnataka",https://in.indeed.com/rc/clk?jk=239f3ba66354521c&bb=0yFN0yDmIeQes4DuWHG9o1QAeesXdBmIwhmfJUs_9eJYN_bCuDLVeTeUQAZuc417B4fzxZTbb5BUihXiu6RLhw-yR99TmI2o8IYMSkoOec9E5j5kjho8mvwbAd1O2lejLYHrqFVqq6MVOST6Q7okzQ%3D%3D&xkcb=SoAo67M3jA8dUEzCVh0HbzkdCdPP&fccid=6f8339707b2d6538&vjs=3
IT engineer Machine Learning,Continental,"Hybrid work in Bengaluru, Karnataka",https://in.indeed.com/rc/clk?jk=239f3ba66354521c&bb=9POcATjFhUaOuyMOGZkuUGSdpaqO3NDxDrl8tkZxHvo1vsLICjK59Yb3lAf3YyZsQICHWXIVYrEl-kyBg7oH1OWz3_DnIv7I4xJb2oLoeHzfRRaA95D8uKPTGitlyNhyHEG4V889puBf5BWwHYPz3H4Odu4uK3Jw&xkcb=SoCs67M3jA73XJzCVh0CbzkdCdPP&fccid=6f8339707b2d6538&vjs=3
Intelligent Automation Lead Engineer,Kenvue,"Hybrid work in Bengaluru, Karnataka",https://in.indeed.com/pagead/clk?mo=r&ad=-6NYlbfkN0AnH6HNl3qg0QQoMtxRKZBdeOxG4LsryWJUV6u4ORaRKqUckZGVeOJzLn0Eg6o8XYI0hVg-_8OxkT3EKpRiL6GFGHHHhAAHMXhMXjWDXfThm5-6ugMGEAF5sbp3ygrqFZbTTGpUHBCxIr3p52ydaxhLcAwcmYCPO-qjuO_q2qR7mPk-71hynQhngHTqrBu54TA7nK6hDEQsRRpmFcOyiMi3SujTaXNVOmCwP0swL5IqRGLOKav8zVwZRiunn6aGNiT2HRHMagB1blTcDynVDoPU9W_enoYq06WIT-J46nSJ7-373W6Sgpy6ZoFHMwOKHW_SOVVLtJdBi6WzbuNBI53QOLqC51LZW27IUlbQc-CbIv72JfkmPzTG4yBm2Ih7q95-HE50oeVuw6_lXX1rpw5c4wBw5XtB_KPxiME8awl9W_al_8v1vVVPrjl0-vS1qtH4eSYm589TuIBwQ7hGQjOUkJxjnlKAG3wwQUoysuuVBwcK_yReV278z4Kc0tnU3uBEkJCQAmk6ODDtS8w5ebieAnXomGXOJBiWhIm4YteGw6OyCIxs1hjD1K9G3NWmHAsMCztXXBRqqymUIN_Tw60hVmyevp9MyCJq3VXMpeNJ5qgV74BvurVaoFTvRKZCXxoKTH2U2_V_OPyhrRcsnF9zejhJ7UmfrqDD9v2sWLNdsgfor-ItRT767Lq3DVmN2FPOR0PGX7EJ9DY782qvit1xTCH_4Bj3U8vAvTA3nINSfdbIG2pdkhH6o381GXuIXzZ86qIyr0ger4mcbxhUO2J8VdK718rrorTJx_N_hV35_rlNwiYfkEULgmuGJbE7V1M23WXpxcVQOzYeTe9_WDePCCUdNKbX8HmnwFPdHelJuy_Dog2W5vqlZ1lbA2vMBls=&xkcb=SoDc6_M3jA41yxTCUZ0AbzkdCdPP&camk=C3EPSzFlQw-Qts97afg0Vw==&p=11&fvj=0&vjs=3
Intern (Software engineer) - AI + Full stack,Predusk Technology pvt ltd,"Jaipur, Rajasthan",https://in.indeed.com/pagead/clk?mo=r&ad=-6NYlbfkN0B3y0WOBnphw4mS1PJyffQbsfBIMRgqO5cJdzwGZvf2FWTgjSJmMOMbYEiH2ZKvddm0MMirftnY3fjEoGEeIGI0ceiCDu91ZWZsx7VX-fiyS3cHH83xJvzFwnyLx-BKeIUIYlmkXjXwSLDwcKbBIH8YSgBZMkIgsWCnIdBlaD1Wknde3PVXhxht0jkXKaFe8bNkCHEpVj1b3NlhcfK77m_8npHS9m-AI4OlmuaJTCuyKl2OmE0zDA_FSpaP8kcD5Tvbm-QQbPQYVy5ZAcX53dHbRgashTD4A6MLjh-b6lDVNgzUPxEnBTrwsFzZZUwUrGfMFGipl-ei0MuGqIEBOa7yppECx8la3DQnwh3shP4fVyYh5zV2iFQVbJ9AUMWQveEISY8EgKp9-TIY48qhS-0oDE5izWpiYl1EWRSXsuZnRDvTBIGJsBXAXP9R7ouYHjXBOQygKliG0_39b9wpk1xTaknkSB3kpDD6rgBE_-Y3NNyAJEx6cecNF3YZDcHJhnD47h1bG45Ax0ujxE2AKactGfxrDG4jW5txhwk3-ooj9XL-qLn8GaxXsKw8syuM4e829Abp4_0_vIJT128O7HEpyxE4woyLKO15dnxwtZauAgfKLp8T_Qq17rdR6FXzuDWrb0JFvOZD835C6b2bb6Rnj6gKAV_mPudf6y6hzKYvIw9yesenVPKW7bcG_Kfg3K2vhQRI4Zp7yfyr29jOd16coy5bMUGA0_uRe7f2F_GQ2g==&xkcb=SoB_6_M3jAt9p9zCVh0FbzkdCdPP&camk=UoKtGZLa3XIOzL0aq2KEgw==&p=14&fvj=0&vjs=3
Jr Python Developer,Veracity Software,Remote in India,https://in.indeed.com/rc/clk?jk=dcf953fc71897f30&bb=T9GCXEjXAJw0p9hyn7bHE7FG1K9N2T3eyhHzvdMsic6I1JKYFTQLyVG9Jwna_aNT0z3WH-1wTyPhqOlAGqIocDm1-KLB08xJe7ktsaIIFIHBVcWIaW1tdjf2Zt97P6-QyV8DHhJ8Dj5OkWa2tsyIFw%3D%3D&xkcb=SoAV67M3jA8IIbTF0B0MbzkdCdPP&fccid=aca244d0c7282091&vjs=3
Junior Data Engineer,Wadhwani Foundation,"Bengaluru, Karnataka",https://in.indeed.com/rc/clk?jk=e015d80ef8e4f8b8&bb=5LdSzjLh-sEf42RDobrYTNpB3TadDCmED6WAf7gG-QzFAbkFoX6VqRFSUqObALgjM_4WRMN9DVYkr32S9zkndBxgpZitF5mZu1_dx9WYIv9dxTvd5uKBXEJXBfQZSCVePc6pu4ndtyncodM-4XNh9g%3D%3D&xkcb=SoCZ67M3jA8P8iAfKb0FbzkdCdPP&fccid=115ebcbc787bda8f&vjs=3
Junior Data Engineer,Wadhwani Foundation,"Bengaluru, Karnataka",https://in.indeed.com/rc/clk?jk=e015d80ef8e4f8b8&bb=IKUxRjk5lJd2jbBZvj7fbpAf0i0M-4KucxrMLyJOHAV7p5tUlZapBbbR_0A3XkPhj_IsBSjaPTLYUbE5HX_atQZM_E_IbJ14rbvn4BhKWc8eYg2ogbf4NxpERTGYU6WTFqShz1Sbl1KNLfLbbCDFLQ%3D%3D&xkcb=SoDD67M3jA8Nk2zCTB0IbzkdCdPP&fccid=115ebcbc787bda8f&vjs=3
Junior ML Engineer,Adela Software & Services (P) Limited,"Tiruchchirappalli, Tamil Nadu",https://in.indeed.com/pagead/clk?mo=r&ad=-6NYlbfkN0DfsCiTW1a5A25yJSvifo2CnpPFPof-fSFDTma1PoK-ptpobxHpaWVq5OxFEmfJC2aOuufrLkHZjNo9HVS1BxZyXGduYEDie7_AtFoQfCdGeEX44szPQRByyNNkLZuS7IG55_JyLmRoISFCqlFoCYkIg8gZUsWvTtOtIlqLNXRJIAr16aN-BnqA84AgRd1DYL7SbDE7BcXJoM6xT0zt_pHrsN2xDB4LxeGpOc3v7uPID2BzGeusFEO6NqqUiBMvJHTLIqNbcB62NCgKuc6KkEheqHNY6TqjZ154jdjstvJajBJn9NY8rZYrNPpF8uTZcF4H1rOZ6BNA0otn8iwvFVS_HbwURswsOjpxwxXzQBdpyqZthxYLwEZZ6qa1NBXzTJ6ZUaGvzBE42PIiKPKZ3PSpkR7cAP_kMB2wpZGQW8sUjkAQNgh-q7Rku_Pb-E5-b-HowN8KdnXTPFt4hDyKEqWXeJoq_zKIzWg2lVt7g0nkvFG5wZPd6dPlQBlaETXKqBrZgTMm5gkri21xCA4pLlJRlR9CmQgKJVG4porqcJ7UE-rRsjFVVpf6EwkzOIjheAMdNgplpFkC6xv9kSsw5jmCkYwn_qfh6jKagMcCruhSsjJMZw6qBBuO4_614TBD3GcNdIQiMDB6AsNUzjgxQptH30yvDbmyYbo=&xkcb=SoBF6_M3jAt9p9zCVh0DbzkdCdPP&camk=nUmJqO2E8rhfG5xmDoj2jg==&p=8&fvj=0&vjs=3
Junior ML Engineer,Adela Software & Services (P) Limited,"Tiruchchirappalli, Tamil Nadu",https://in.indeed.com/pagead/clk?mo=r&ad=-6NYlbfkN0DfsCiTW1a5A25yJSvifo2CnpPFPof-fSFDTma1PoK-ptpobxHpaWVq5OxFEmfJC2aOuufrLkHZjNo9HVS1BxZyXGduYEDie7_AtFoQfCdGeEX44szPQRByyNNkLZuS7IG55_JyLmRoISFCqlFoCYkIg8gZUsWvTtOtIlqLNXRJIHG-JD5MWqAEm0YUsF4IYaM2z8cJk7xyy1pCuxHeLZHs-XQz0ZPF8kxINsIvpQihdMj1vBlN16QUpTPAvhdnIDrE_O_M8j-ApuxpKTmbG5vX20iTBoY6wvMh8oNgjJ-I1qKvS5a0xLMlj3UxQaSgB5YFlbHPwpUPOdSLm7Ptzgml6DQTemiV24wKnB3knYdKoAJ4U6nywKLRaL8zGBXNXrAiNuny4qTvLoOY3iuP-g4XnGf-deogpoSeQOkgBqa9AZ0qy5C99Nf5qpblfucL6iRlqPvN998feraUKIINramCq35VNWIkvfmIceQqSlmKU-eUVRKtnM4-oC8TtgWON36wY3ik2Y0fr6iQl8gzdgxr1Cxe9WjLWtfMXOOqnRX7QCtaG04HwiAvJO68lDRMPSmfgIbFNjk5n4ZLG8OtHukY9x7EdAoiJzNAZUeDf6HqHpkHMRFkjXYZgAbEOq4AphfrQbNswmNPE9UJrydyHaev&xkcb=SoCC6_M3jAtqKCzDVB0DbzkdCdPP&camk=nUmJqO2E8rhfG5xmDoj2jg==&p=8&fvj=0&vjs=3
Junior ML Engineer,Adela Software & Services (P) Limited,"Tiruchchirappalli, Tamil Nadu",https://in.indeed.com/pagead/clk?mo=r&ad=-6NYlbfkN0DfsCiTW1a5A25yJSvifo2CnpPFPof-fSFDTma1PoK-ptpobxHpaWVq5OxFEmfJC2aOuufrLkHZjNo9HVS1BxZyXGduYEDie7_AtFoQfCdGeEX44szPQRByyNNkLZuS7IG55_JyLmRoISFCqlFoCYkIg8gZUsWvTtOtIlqLNXRJINCdnm_TlIDE0C3t6gXzrCaKH2rXotPEageRMrgSEjdSmI3tUasXNZhNVqiC8UhSi0WsR_CWwT6fEI1DK-gG9CkYVXg7RnC3fx8DtUfgmlcJaXsA-OMRgKJkOUJ43xXxOLSMPotZiRCl30XQGTSYEs3V6LMQS1cio2-avvijntw_tfNsngTVd2i-8KevDm0ygLeL5-2Xs_l1Hu32QMUArtEVf5PysjJjXvChrZ_Lc1OiYCdpSg5F044t9c3FkRF7sSGvDomfaZGksUTZR13_Zh0ynKyx6zftRvFKkHQFxPJziPJ-q5RBJB-izU4t7qDKfGmFR1uSEwR3fLvOPBAt3Olzo5ufO45dyQ93AegYS5icUXVTveOHx7LQekyaiPI24gPFEssCGQ28ZrR-BjLJw2Lo4HMPvcFVS3S3QUETQEvDtSaMFHAiYTt-l7CcqjRc_jlgyPEeXEKZJ-pBz_VOvPACAjZdgXYZgm_ic72M93vuBgIY0QO1DmY=&xkcb=SoA76_M3jA70z6zCVh0MbzkdCdPP&camk=nUmJqO2E8rhfG5xmDoj2jg==&p=7&fvj=0&vjs=3
Junior ML Engineer,Adela Software & Services (P) Limited,"Tiruchchirappalli, Tamil Nadu",https://in.indeed.com/pagead/clk?mo=r&ad=-6NYlbfkN0DfsCiTW1a5A25yJSvifo2CnpPFPof-fSFDTma1PoK-ptpobxHpaWVq5OxFEmfJC2aOuufrLkHZjNo9HVS1BxZyXGduYEDie7_AtFoQfCdGeEX44szPQRByyNNkLZuS7IG55_JyLmRoISFCqlFoCYkIg8gZUsWvTtOtIlqLNXRJINCdnm_TlIDEivBYPYbFw-8X-SdjLWoiSYVr28xrbgWFaVUTXLjfCQNBDFfAy2fn4gLFgJfN7oS7SF0jxuGMF5Tr_5MOQdw9st1jT9jxoUddC_3KO0mj9Dv-Cdvdk0DQCxf9Af9A2IxwRD41KG49RPK0tZ_I1K1vd-DuuNwbbG3rA0tMRF8J90lOIdwI6l98jeBrwuVBVo7KIbAwzzHaifSFgn7FsDvDDqkXvJJPQJg_6A4bO3a2TdVmJ06bSuHsqBRqTQyRWC_Z1LOg30wePi8Bp4e_DCgNxjNrJGuCaTVwzsklCC9icggzUCR3IBWNg3PbHC5XvQ9DEAepg5v49OyxbWAFC4FR5luQWXLSUpws0AyVnYdDz-0dJgCQZae2prQ10zlFpvNQr-0eiU7U6CfQUGgJSwrjAbHCIx3f_J6nS9q4g1nBnyZyKeoVM1vF4_Fxve9VmfQ2rC1MTcWnKiH3sDWHIkHlkidPltwzjxyu&xkcb=SoAD6_M3jA78Y5TCU50MbzkdCdPP&camk=nUmJqO2E8rhfG5xmDoj2jg==&p=7&fvj=0&vjs=3
Junior ML Engineer,Adela Software & Services (P) Limited,"Tiruchchirappalli, Tamil Nadu",https://in.indeed.com/viewjob?jk=789abcdef0123456
Lead AI Engineer,Credit Saison,"Bengaluru, Karnataka",https://in.indeed.com/rc/clk?jk=466fddd84c9b8dd5&bb=ZSXSIMs9D0qnX6GHDqRBPKquSjBn5ifbM2mqE5xapl3Su_qeDlk2hGtnUrqDNV0U2W9kCAoqfG1c1ySznaHXtdfhjuKBpexjdmUc2jLZ6VAtxro_RtNABhiaVtDZ2Mm-42mb3RJHYKX58x5wCss_dQ%3D%3D&xkcb=SoCD67M3jA497MTCT50PbzkdCdPP&fccid=b0fbdd288169cca3&vjs=3
Lead AI Engineer,Credit Saison,"Bengaluru, Karnataka",https://in.indeed.com/rc/clk?jk=466fddd84c9b8dd5&bb=e6eLvopbRNzmW_jbw2AV7V8xfnNQbF-Z0uxpuKnUBM0ObTPyngixIyK9Op745aR5USW1l_qa5R2HNcDcgqDNbDeSvEVOLTqjdQtA1zmVqJyea83xWUprhwUKO6taLLPc0VXryVeCkWooEDUmXsl-8w%3D%3D&xkcb=SoDb67M3jA45CbzCcZ0CbzkdCdPP&fccid=b0fbdd288169cca3&vjs=3
Lead AI Engineer,Credit Saison,"Bengaluru, Karnataka",https://in.indeed.com/viewjob?jk=123456789abcdef0
"Lead AI Engineer, India - BCG X",Boston Consulting Group,"Gurugram, Haryana",https://in.indeed.com/pagead/clk?mo=r&ad=-6NYlbfkN0Ad1FFWZOsBBwBZDGouyCcICeLSd3pQct3wJ1q5dPO7JNFPcbpYQ1XCYdTOV-ko2T5m3PXCDVDvLahu_A8SRgzC2biGd2vwNe6apWl-fycjnaADQd1Gy2rfuxx4M7Sa8ODTiSrkVS-zofGFrwFEL73TvzAKiLlffPB2DDsrcFE-P_sPx_X_3Kf1OcqLvg2oN0Zku8i_K0qKBqn8W7eNBIhVjIG0tqQuemMVHQLkNBu1w-d53DjRkF1_-MRpeJ7N--7cxtbH65Nidf8nox-nmxDu1IYWAkDYrJ0yeVB6Fv4Vkk7NTKwPqLxOY4YvyulrRe1XwrTk2ffZmFsr2L09yeayw76VZ_fkIReCqVmTlDDgTpzRgOTwKlAZCy_158hI0offvqGu0-OLXf_5VPHgx1X3nu0S1X_VC6BWkdkrEmKivNwTT9EyqY-Ly-rLm8s5Asa7pvb7sqMu2w_OW3Y5CWzdgAA-ZXFQQanM1TSE-0tzuXzlorXtcVZ1Flyzd6X5Dugrq06mCSLazDUOMqVQQR5EtsTGzOl3Q28d7rHj6JjXM-iOR732Hon4kwgyTjvebWuARO1q81l4FoX-9wXwn3Pww-JlC3mWpmKgWWOcQeLClg4wRwbx_vrFgDWCSscL2zgtbJO2gyRMi9PH_2di-2mXR56HMe70qLdUwRSBv9IgZCtWcNJYj4dUA-GZO-VoEYLpSNlQtosbdpTdK4u-0t_mtm9VOPmz-yeLxkvJN9nTGKfleeNX9IoKouGLJVX9t7YBh-CjBTINf3HXMn8H88OIBbTBJ8DTSndIeGQijJSpV2TVobuG7qGCg9RV8waVGTAS52eIIp6ZU8-melDV_n9Dn5kWGamAQ34tHzfEkQsbDboaVfREV0OIBNILYteB0LSPi526lGxPwJao2-_bs03HUDU3gRykmBW6Wv3YL-ILTLPg3H7H4ypVvXHvBdy8EDr5XsXdyQzX2uZSmteuI0dQJijq_rwSAc-UZiO1U4sFjGAA-R_qXjoO-NvHiOuA7RmO3e8MXRK4JMCPoUKmXPPP_WjaerL4GQQulcJhwagCJ0tSiVezgUI_1tReRzxvAojt0zlN5b0Cza2UUm4QzsXEJ1tMe4xUKpZlKPlbg0Y7ZT0IFwH9p294x8e2DTx6t4CMcsZSVoYnfB8OmIrvVUsbTWfT26ab_-2G2rn24btghGuAMNR3sy2vGRQoMRj-ROvUlN_W10AWbYtTrJXBsR2D3N3_gLDbhlASZICQ9YHHgd-A1ehPwCVcNdaHBjps-rpuHyHk-VufBn1bxM99v2ncDEyErWl3zaldwr8RFCQHnoaO2xroczs3oqqZppEe_-Rt2S0Y0FRj2pcBYWNm1UTonkaDgJeM45lDQYMPSSFeAT77d66d7S_FXr5BV2M52EnpkTNBQno_2toThXgX9Pl_&xkcb=SoDt6_M3jA5DXoTCT50JbzkdCdPP&camk=C3EPSzFlQw-Kxz8aVjN35w==&p=2&fvj=0&vjs=3
"Lead AI Engineer, India - BCG X",Boston Consulting Group,"Gurugram, Haryana",https://in.indeed.com/pagead/clk?mo=r&ad=-6NYlbfkN0Ad1FFWZOsBBwBZDGouyCcICeLSd3pQct3wJ1q5dPO7JNFPcbpYQ1XCYdTOV-ko2T5m3PXCDVDvLahu_A8SRgzC2biGd2vwNe6apWl-fycjnaADQd1Gy2rfuxx4M7Sa8ODTiSrkVS-zofGFrwFEL73TvzAKiLlffPDfaiW3pCA18iW6pZj4AHJnRXR8Y_UZ6xLH2Vobn9F8hoAR15jUyeHOoSRj1pyB_evt7oEkiC3Ib5dU6BOP1GSnyUC3XQ2oh--HBYqTDDp39FJS4oCd6KER2thW8nmIxbHKNSiKNaJJDl0c4eZFloWwSYj3w6VHeyQydLpaE-H4n-uGsAw-4n3GA4-YpRFmG73MYuSs6Cy_ev0roc4hgodci2f4CGwQJ-cQCeKCWxjDt3Tm-A5VV2a031cWZtJKV_TgspJWIPWFMvB7K4lPPiZr8yEs4qQ4eZbG5JP0SDwsXUZoPW7aYs9YVoQdbQyXJn4kGTBM_igdpnLUgRANFbkAKfOBSDoI6ozEnvqGZk6DuvAUbTxiKi6Xd0YGdaTPZ0ivMggNrGydzSgdE5GDP1uspATsNZRl7j7F8nQUdoLlHgML-C9Nn-y2fmQ6l52TSgc2qnVGrb-Tcuamr7L56WYXBUFzTWgPV527unXgo_Sh2kdIXd0YYP2Gm6g8HIlv8Hc_Lj_cMGEe6B1U-X6KQkSy8Vn4C2b_JvR5E9ZrVL_c1GzfGHgjbmUG7QUPYO5nAghDHTE7br7-ahh0xiL1hxqP-DB3r8RJB-32Phdk3eVWXnz1z9dIhJuprE7MVr6NBo3h91F-mMjGphPWMbDYgpNasvO74t5z0duDfcUZzq8sFNA6fPjpKuHGWXFbhVVSaY7apJcg3I8AOWH8P7OQKR_qQdG2fm52_WDbpaoeZjQOcK3bCmH5b72PV7_lpCdTvKFIGk8z0XYakEPsNPwsYDKIqIGLvf9s7Bk9PH9l4ui5FXVEeXsJGKGJYZdIE1ufjrtn_NaiZAc88v254n3cUe-ERg0FcV_PSPn6klqne68sLBVQu3bYDEY2wUCEwP11GZpvAYrmjNlDRuvYxqXp06EgByudJQqppPTccGHsSU673Cz10wMI5wXZZ2m0Z5KTy5o-tq1IE_pPs02Jh6tqOBLG7ZnsIIrQzPERb-64iXvRaLmDFskNuFZRwmx4MGxrpgrn8wasYB60Of8RFm4Jd5-ALfl6VGenoGIopWDVoaDjdhF-YvmvDG7UAsAFeYd2mbN6wPeMmoARZ6qJ0cGDIp1r_yQfxoJe-ONyzISrKNANuRmPPlpUUI8GA3LJ--MqOwqAAvJddW9lIxgZj4moye3XdKSDCDn8Ha42Jt84aSXXLTgaTnk4iRcls6qDb1JzRgDqj7XR41Xr1JoabDfWPBdgl_52dPpKZWdyTsk6bM_38wxg1mum9HPld3Cf8vhZG3WUhpHB3j9V4A==&xkcb=SoAm6_M3jA41yxTCUZ0LbzkdCdPP&camk=C3EPSzFlQw-Kxz8aVjN35w==&p=0&fvj=0&vjs=3
"Lead AI Engineer, India - BCG X",Boston Consulting Group,"Mumbai, Maharashtra",https://in.indeed.com/pagead/clk?mo=r&ad=-6NYlbfkN0Ad1FFWZOsBBwBZDGouyCcICeLSd3pQct3wJ1q5dPO7JNFPcbpYQ1XCYdTOV-ko2T5m3PXCDVDvLSMxR7dUUxsw0PH90eXCeW9LPt42DUYgctcKv_Ups5Or2Y-Y3VDWp5jOIo2aliXtJY5fLQszsKr9Ci6Mf3sEzdc_Ti_rmoemBbI-v7P0ICRz6QDjBjIZCeguGvVBFO8mPlFDK27Vv0dsWBACoLYMgiE_NAKFQk0PFZ8q8jaZM-j9kTNDdqRkOmcQFr1eLCV7rZwJn54Q6PYqO06weKh2pXJ_0_C3uqEHFDJv19tBahp5phKaT1oJGrcUHbjPHEY-4KbTx66XslPOoko3dkrQmVKi9-ifGO9tNqt-a0GP5dLOCCHomIovM_5CIn4w9ttWRFwYTd3RbN4JtRDpLviTyduHDaLbxpJ9gElqaxbB5TdIY9bYLmja3L5iqclVX9CmMJQyc8Qx5b34UU1v5ClY_A46CsIsxrO0d8dH0BkifZUF1wx4MGlBGnIey7TYbE288kuiNUUWN6lj7PjNWQJLTUmQ2dVsXfiGajw15Q1rmQy_74oPan0GNeWKhqj2Vw5AVqmgbT8UIitTaF_vKu9pMBTD50hOypmXwW1C3ukjhRd8HMIMCSgvS1bM2f3NxEWuxSEY4NG8_pRhNpNPF71jzM9_DbTFK-eqxx0dXljrwDT_cFv6mhr7vJAS_nsyMBQrT_t01zjdPc9Gpjc6MnyfbEZ5c4K0bTNjYNDSMTP_m5keacAKnJon_SjY84HqOid-AzuU1jtL7hYlvm086FuYYp1VFex5JG5plpWC1J9PtLp3d8Gw19HxxXF8gRRLzxApvMam-cqaV8Ta7KpLggSHKGPIdyNe5oU1nrVhbkLs6aMG_fnmxuH39g3ndo82JF01EdM7q2s4_7cF7dehAqgPikCurFbIVvw3YOeJXghr6IpsbQ283Dm3A4usf_baznMH7jQLURdpGo3QxYt2T0na8TiFvIUJkJQ_vRClWsAI5i3HKCEa_a2tYhuDRSe7hK-l_jQdFZmlwPt9EXwDpmojlWwx5qYrNc18QNS9eaWI8wV8WNXuhDOsHMaGXrMhOJWSQxh3_YPq72QQam6pwg3SRvarD5EeltsFsHkQCJcTiEG0duF3iQpGaUtVMabd1qSg-x3DrC8GQ6CGwIJtwWmcRtz265DVWzo5sOE_7f9fZVnvN4aUR0JSSVGl7C5VW8GuVx-BCDJFdgqy3LBv6eJsOFpt2yd4YnciCewnFXroD8Zj_0DJ_MOMaWDOBNBDhyWr5aW9zWTjTmWG28RFWIsmI4AJpgM8cjsbFbZUGkZlbsEz4bY9W308ZHTZk2DqGoRZrgSwePWg0BAQ7JQstmYhBCXLSQLQINdr29YIvZtRh8KtnlY_KS4lRRw=&xkcb=SoD-6_M3jA5DXoTCT50NbzkdCdPP&camk=C3EPSzFlQw-Kxz8aVjN35w==&p=6&fvj=0&vjs=3
"Lead AI Engineer, India - BCG X",Boston Consulting Group,"Mumbai, Maharashtra",https://in.indeed.com/pagead/clk?mo=r&ad=-6NYlbfkN0Ad1FFWZOsBBwBZDGouyCcICeLSd3pQct3wJ1q5dPO7JNFPcbpYQ1XCYdTOV-ko2T5m3PXCDVDvLSMxR7dUUxsw0PH90eXCeW9LPt42DUYgctcKv_Ups5Or2Y-Y3VDWp5jOIo2aliXtJY5fLQszsKr9Ci6Mf3sEzdfk3claITfXmFTXHuBVufBa0fga1luoyWGxCrH8gs5sgfS9LU9SDVUh3_01aO3d30PNlRpWOBXbV1V3F5JHboqsaaoc58ICjE2R85sznTrJlRYhxyatalA3TA7JgOIgJ1LdxVwVVdrID1okZQbuxmDllqhxwSGfdlL6X0DFq6V14GYgteUPoSWbBdqlTQyVPQwt2DtNobWz4nchx3wKrbzRAFdm2b3WQt8rTMife4Nw-VeYCouFxzeiDv4Ki6vq9eT_kCUUtmHjm2Wp9Uo_AoMiYz5FL4RdmTfGAwK7LGwliY3zgZLQoGk8eE5o8X3QJYz_2Q0sqWCzBPys6guVussn8eJzfhIKJl3IwPwO3m9A3ZJJ9lU12UROlFAfhM3V-ViZXSoxLvw_A9bFuTRYXzKw7JYkAsXRT8xjJZDcEGZee0ffgh0DTqo3MltgqPRdI0tUA5_wofrMiJ9IcX4ptW1ZP7nAqJWZQCWboAV9dtLfmvnI4b6iosHGFOTy6T7qbSb6MrHg9WyjNtgXMr1RssqVrqQzF7frie7ZHTu9Np-OnGUU2Jw2C69hQKJVXNoxAZR6QEgVrD0yaB1GU7F5u2h7H-1Ahy1HPpYMSFeBz4002u5eXXr5nxnQ87K7JbrI7kRIOK1HjLpjk4gPnuFiMzIdgRiKdkrL6iFym3VBI-x8bHXR_8P_zsW1qvhlKfuCu1SQmii4lcHnwh79GpcoaTFB2cS21uN1wQvJrW7U3dHCHEvJFUwsiR8kFhz95x5FwUF2Z3zJ4eTw48B1yMxp2Logad4tOKSJOZjt6TEEPjJuiw13drVGPq6CWhF_frE_2CJVGswBRCpZolDHufIz9PLqe165wc1EuVhDvShMYIhYkadBUSuTesgNbePt8pBENXTwEiMLa7NPxuGUBmBCwTMdOfO_obucNr0sbErKvmL7H0b7auzLCQctX-VaBme6JCigVB6S00JAG4lYUqqG1QhsjqC3Mr8RP_6C5ytXfUphwk7JYaEP5i3blTucuY7EyjxDLGn-lg2ZlecwxnybGHbVFxFYsdt1yvn8_9DwMCkQUZIKFqF2uobsgyLNmSUu0Fc8L4U-R3wc6R_EJYrSK2SwaKvi7V6YnwMFB77HrQMl_knbhG6jqz-S9F7Shpy6_0qrO4Lk29LnKZN0UXGo7AKs01swCuHBcDETU98nyUIGI2hu7cd3chKEuQ3Tu1LceAvfZ3pHsPBp3WhOOmnlrb4LbmZ8U_auNZ0ZGG0iW1H25UR03BpaiUSC&xkcb=SoAc6_M3jA41yxTCUZ0NbzkdCdPP&camk=C3EPSzFlQw-Kxz8aVjN35w==&p=6&fvj=0&vjs=3
"Lead AI Engineer, India - BCG X",Boston Consulting Group,"Mumbai, Maharashtra",https://in.indeed.com/viewjob?jk=f1e2d3c4b5a67890
Lead AI Scientist,Candescent (Digital First Holdings LLC),"Bengaluru, Karnataka",https://in.indeed.com/rc/clk?jk=2139d1ce45c923ce&bb=ZSXSIMs9D0qnX6GHDqRBPGpvKazVLNvNAX2PMHmzC7HbyPFw967WOHmjaNNXKPu7Wmu6TQ0lrJVWLOeoXXoSMon9QajUDJRqzx8g1LBvjqXeF9mJH6BHw79xHNe7E-n0XsnROTGbjF3a7Op1VruL7A%3D%3D&xkcb=SoDk67M3jA497MTCT50HbzkdCdPP&fccid=332b2bf7195e18f8&vjs=3
Lead AI Scientist,Candescent (Digital First Holdings LLC),"Bengaluru, Karnataka",https://in.indeed.com/rc/clk?jk=2139d1ce45c923ce&bb=e6eLvopbRNzmW_jbw2AV7VkxOYDz69YfbTsY53MvgavxBOjxptHyi8XXolNiCH54C5gdr4faQ1PZQyg-w_iZweCAYzVcQwigFILr45movkxsWMyzf-GdjRWCweVtf4cps0hVVBnSEy31zGM8tpUURQ%3D%3D&xkcb=SoBv67M3jA45CbzCcZ0DbzkdCdPP&fccid=332b2bf7195e18f8&vjs=3
Lead AI/ML Engineer,Optum,"Hyderabad, Telangana",https://in.indeed.com/pagead/clk?mo=r&ad=-6NYlbfkN0BWpgndjYL01xMr26yTqLCDFb3b3BUdaEwmMV3w6lpNxfdb7iEvGm0gmfmM0o9B9H9azCCnJX2KMMN-8rap1KKiFz8Db0HW0PHWwjDjf-ccHiq9-2AeIyGUQF4uShrPYJ47Yq4DJbHHq1Siv84C3y3AIXYzRtQp8K6eDj0RDx5kmhIdwxqy___DO-CVCo1xwaxBy3WtfkqoxIBbC5BM0LBF5txBJs7qsdXK1TANv20VubLvB3R73vebj6KuvWV6npin5H6MZY9YKZBamgbLbW3D7GXtvB25biej5CTBuUL8FQAyAEtYIknCxR67r3rRXclz8RqY7hvJ4jEtAcmTGYntfBre8EvEodSH2wxjKUOx79cehuq5ViJN_-XT9f3cdiIz0LCckL2F1cyjWBw8ZJwRPeec_fpnFh0DVvlnGcyixrx1k3j3d1G92czDsDPRi3u5-GDONLzvJC_xnHhbf7Tod_ovIwsKXSeBvkLXS_2LZ08uCyFQC4LgL3nJY7N9T7FoJEfl4s-MIMoqsiGR1_39g039hZm_gkuyC5tjqBNA_0KsOh7QzM5KRIkGS72_80dTXe7qdFtauoLucZ-UnnRc57MkfcdALWwLjdTINk7_EL82xHKrp83E4HdZb9OUH8PXyhtbsybmAPLfcfYIQEB620JDOfVSq-NBkbG9GtbQeSMyB-nzFzkHdPOtBrcoSPPq3YuDEZi-2l-3oZ-yDCYD4buvtM35QuQOmJc0ZF74ur9d-DVRjJt92szknTbwZMDSKeaiOrGo5SBBKPQbM0PmzRE6YDbAcorBSMKUFHNgJA==&xkcb=SoBw6_M3jA5DXoTCT50KbzkdCdPP&camk=ethIe0s0hed5mhSVDYdqwA==&p=1&fvj=0&vjs=3
Lead AI/ML Engineer,Optum,"Hyderabad, Telangana",https://in.indeed.com/pagead/clk?mo=r&ad=-6NYlbfkN0BWpgndjYL01xMr26yTqLCDFb3b3BUdaEwmMV3w6lpNxfdb7iEvGm0gmfmM0o9B9H9azCCnJX2KMMN-8rap1KKiFz8Db0HW0PHWwjDjf-ccHiq9-2AeIyGUQF4uShrPYJ47Yq4DJbHHq1Siv84C3y3AIXYzRtQp8K6eDj0RDx5kmhIdwxqy___DO-CVCo1xwaxBy3WtfkqoxIBbC5BM0LBF5txBJs7qsdXK1TANv20VubLvB3R73vebj6KuvWV6npin5H6MZY9YKZBamgbLbW3D7GXtvB25biej5CTBuUL8FQAyAEtYIknCxR67r3rRXclz8RqY7hvJ4jEtAcmTGYntfBre8EvEodSH2wxjKUOx79cehuq5ViJN_-XT9f3cdiL2WfclE7132Kne-r0EJ23KeQmMHorprtvaGBUOjyYRI7hOy7mwrcWyMuVIHf3xovkp_lOFJoSXapT6TZlwfNh0Is0uq0v0zieGZtKeYbbAJvzD7A8M8HoaKAqPo8Xj2gTwzpKQ_NObpLgwGwEfvUJ7jq-7rWiRmG_War-_s_oLmSzppr8RG3OXVA5bh5puk-WB6NttBSWIK0_6wgnuFfKmRBfxom87_zlfQphQV5iFrQqRBcSoxd0iaDgf8FmloR_X0IdZ1r7acVWgc7ra302dPpFTGAFtpTdEcbzCVHtzjpntGCZzEh2LlGNy5F13lD6P75yAxAw5iEg_a0UHLBTojTdwbGu4EMcfuwfzPRAFWjFtjbj-GWNg2wq_vzeWsQZKb5GuKxnK3EsgukZkQofD4N1C8jO8aV5J2FqsctGhjqrtRl_21lMdWeynY32KVYQ=&xkcb=SoCS6_M3jA41yxTCUZ0KbzkdCdPP&camk=ethIe0s0hed5mhSVDYdqwA==&p=1&fvj=0&vjs=3
Lead AI/ML Engineer,Optum,"Noida, Uttar Pradesh",https://in.indeed.com/pagead/clk?mo=r&ad=-6NYlbfkN0BWpgndjYL01xMr26yTqLCDFb3b3BUdaEwmMV3w6lpNxfdb7iEvGm0gmfmM0o9B9H8sAQHaSDZOWmFb8_ZU9OxpwcgRuAaee_qFmJZ-FUA0wH7L3E4r3bJb_YGJIl_BjjfSjr1Gi8lhkVvH7uR2gKMcTj84HlmNuWZ7-E564anVqQjcefdhVeTAm61Si7LZctaVVpdlPb4BEFngBLxU74zgadkKOrYzbE05ffChbwMLmeBjDQe4BYUMlUQf2hS0y1K9_Cjxi60UWhXX1EHgwUz9XIq9Oo3H95LvaMNU2bj4kFer0NinneYpPascN5ZZxq7mjpqfNYXHqhf-WHmlRfZov0_m7JVSKbXphZkiZZtzQg61UsrckNtCE0ZPbAtZFUV26bGUy-nVMQhSiHKRf6DvbTK6Z0vbUrhSO1zDNrXF_ucQylSyup5qCBqdknivAqmueqHhQVMVbeLYpQkuAS-KczYK0-DzeLUWvrxB0O9Ugzg6hl6d0IdYesxtAt8LFDKNDHl6Qz6Q-IC8s4-5ozHZDTLNka8cdHYeqeuvt8aEJg6gPkTX_A3TdR8yB1qGafNBYVR56GR8URuzzp9_SiT5-e_4a89WhsFdO0kycMiFUL8feBF9Ja-kI61kCRK5bkc6c7q7KpCA0cCuz3jJ0qM12nBO4_Foj5BNtAfvZ0oDW2c3otSCzWYp1u9itZD5HnDn482OXbR2UBx3xEaB16tr7U2-L8GqID4XyHsTFmqE05CsZYE5l25g2-3Zd2lZI1QIyJrOMQNtbFjudCJ7FV0cPUMnlSdDQ2R17U2wQTZMiA==&xkcb=SoB36_M3jA78Y5TCU50AbzkdCdPP&camk=ethIe0s0hed5mhSVDYdqwA==&p=11&fvj=0&vjs=3
Lead AI/ML Engineer,Optum,"Noida, Uttar Pradesh",https://in.indeed.com/pagead/clk?mo=r&ad=-6NYlbfkN0BWpgndjYL01xMr26yTqLCDFb3b3BUdaEwmMV3w6lpNxfdb7iEvGm0gmfmM0o9B9H8sAQHaSDZOWmFb8_ZU9OxpwcgRuAaee_qFmJZ-FUA0wH7L3E4r3bJb_YGJIl_BjjfSjr1Gi8lhkVvH7uR2gKMcTj84HlmNuWZ7-E564anVqQjcefdhVeTAm61Si7LZctaVVpdlPb4BEFngBLxU74zgadkKOrYzbE05ffChbwMLmeBjDQe4BYUMlUQf2hS0y1K9_Cjxi60UWhXX1EHgwUz9XIq9Oo3H95LvaMNU2bj4kFer0NinneYpPascN5ZZxq7mjpqfNYXHqhf-WHmlRfZov0_m7JVSKbXphZkiZZtzQg61UsrckNtC_DGYikxtEIKgws7wG70b2mr5bropV2FHuw5w6gEDuJiSurHyxfwhqzr-Ad24seApiIhayTncYITzosI-scNNwsHAnWwdYdegHcbim-yYB4dcnb_IdA6ciMruSWTymlUM53pJa__GnNwTzXN8UU-Tyo7Wfr05AFia-iWh-fNcIy0lTpC0OCeqbZbJ4DSrk7weQQTbAcqaNLv3s5-jTHxA_3QBRoWGF7hb8851uiVU_yK0Tsy9uEEuoimOd8FS1FsW0vyHh2O4Z8j8amf2AhfvbOuisnUd8cUBoK1MjNR7cECScDOXMzEZIDkg8KcIzPevnOKsugRWimeOdUdsXxDnxgxNc2yywRFLXoM7FiSsong_xaxN_Zp_Y9MLLxFZOasA6ZbfXDYxvGCVzlR4ZAYOsOKV18wlwr2Mj4Y27NeIMyBGnsisWZ6UoQWkDGZdH1QX_RhdiQ81gEY=&xkcb=SoCB6_M3jA41yxTCUZ0ObzkdCdPP&camk=ethIe0s0hed5mhSVDYdqwA==&p=5&fvj=0&vjs=3
Lead AI/ML Engineer,Optum,"Noida, Uttar Pradesh",https://in.indeed.com/pagead/clk?mo=r&ad=-6NYlbfkN0BWpgndjYL01xMr26yTqLCDFb3b3BUdaEwmMV3w6lpNxfdb7iEvGm0gmfmM0o9B9H8sAQHaSDZOWmFb8_ZU9OxpwcgRuAaee_qFmJZ-FUA0wH7L3E4r3bJb_YGJIl_BjjfSjr1Gi8lhkVvH7uR2gKMcTj84HlmNuWZ7-E564anVqQjcefdhVeTAm61Si7LZctaVVpdlPb4BEFngBLxU74zgadkKOrYzbE05ffChbwMLmeBjDQe4BYUMlUQf2hS0y1K9_Cjxi60UWhXX1EHgwUz9XIq9Oo3H95LvaMNU2bj4kFer0NinneYpPascN5ZZxq7mjpqfNYXHqhf-WHmlRfZov0_m7JVSKbXphZkiZZtzQg61UsrckNtC_DGYikxtEILTFCrztUTlFX_X_e7Pm-6eA3261SeuYkrIk3674sfhhDVOVOyHTRK6YrG4TfyfelZa5bsKC9etX7w5PMdK8BNtsLuhp4p_57VWZEqwjisyAVQ5PUmVzaLZyM_P8aKthFVoY0pBxJw0GSHXWoSVH_JVEkOE7CN-f-WIcHwA5BhGfDqxQQu3mZ67CGPu0Lbh0I9TfOjPbc1sNueGztAOrXaI4busQ_2Inxwg4RqT8ZhNucy6pf52rK00t1if22j_8iyk-p6pf4H87NtQEEQkGiJ4wVELzTk7S3YSgUwven6TJjGejfqeT6EJNgZKYpy1VgRq2tDxp3hhNyB3Y_A8VmMGTufDnm9S9kUfdBJj5x7x_NoaJ8KiSPVT1GeZMGTrDuJd2IKIVlXon496YTJC4qOYYEN8HFg0T8PTaRUSmpRdrg==&xkcb=SoAX6_M3jA5DXoTCT50CbzkdCdPP&camk=ethIe0s0hed5mhSVDYdqwA==&p=9&fvj=0&vjs=3
"Lead Analyst, Material Master Data",Kenvue,"Hybrid work in Bengaluru, Karnataka",https://in.indeed.com/pagead/clk?mo=r&ad=-6NYlbfkN0AnH6HNl3qg0QQoMtxRKZBdeOxG4LsryWJUV6u4ORaRKqUckZGVeOJzLn0Eg6o8XYI0hVg-_8Oxkebmg4zr35Q_3moeIHXDUsdNDqlLiJuLT1EMfU8Sfu7uYB4xB5QME8EH4e2iemTqkHqwqM288rRNvlBYtYh1xqo4dKSJbJAfejwdC8WTkBFTHi4Tn4LIVgTqVNiTl2oz5juLQPBIw5fKlT9L9FoIAf81GsvRRb8dgRgH-G9mlZqjfusETnK8_cn1pqK6gIocYxVLj8UqrIjW-hV5dJjk4OqyQnSm6UwXTd0r1mY6a9BGt_U7p-bsgOg1sp0BusNCjrgiBpfodXqC8Rk94xh-hQAc_MLLpAx9AD6NRXu2MbMSM5MvCzEsRxWYqCqyfekP0o0u7L7Ro3pZd2puZe1ezJQ-6V_Sw8tg1HowCGv1CNkkcKKKpK_aESR6vcmA9W3ujx5_D5oOXsl-DliUNNLCg93ChzZPLdQdL70Fz5Obu8bTh4BTJZGFEj1tQ40eFnB6m-C4iaG2tYeR9BPZuc-JiFp27JKu58jebqnGAYKpl0ArP4gR7DKayOjRF9bHolOpl6bDLmjZ2Qv293UMKR1IsVPgNj60qToT5xI-T-Hbl9hGJdQvyKvkWNs01JlHlsKJqak7MH3L1Q5Uf_KuyDBf9difL4f2V0De2lm2hpHuXsp8GWbgTYVzaz7MsSsscikSuRPse0ElS3Qc334h7iBPDLIGMhAeo6lKL788i-BClXNxcI9etXflBlbK8ahA05TmWCM3_X9EDL1OrrWE4w0pOGZn4a7tSs7l6cI0nOd599BiM-fNIJ2AQ72yrjb7aM2-bHWJLdi6eTR6a8GbCJsGfqk=&xkcb=SoD36_M3jA8Nk2zCTB0FbzkdCdPP&camk=C3EPSzFlQw-Qts97afg0Vw==&p=14&fvj=0&vjs=3
Lead Business Analyst and Visualization Expert,Kenvue,"Bengaluru, Karnataka",https://in.indeed.com/pagead/clk?mo=r&ad=-6NYlbfkN0AnH6HNl3qg0QQoMtxRKZBdeOxG4LsryWJUV6u4ORaRKqUckZGVeOJzLn0Eg6o8XYJ6BdviKM9C9e7SlQ-mgzsiIybJXGKMvDaR5C64x-riML2f29JsHgdeE5mkXinXDSMfxVsBD2E9NweRvBqJ21og6ggY-dyMeVmcslN_N-D05H4FEhpa8V1Yw9HIbToykhpz6s7pKX9iPFTF8raNCQLW6F60GEyXm38W5YRAtYL89ppBJ7kUTHUGecaOBIisNlL4wBPkM2CtT9f5S3o016uLALyimVtC_Qdfhq-gBwHZmRJt3t2AP4yGS-Pjdcf2WiK1bi_c2WhszI9HBLcgj_9oKELlVUrH2EeS76XUkmfOuPcl3cOPpJujXrEPAshtvRn3gkS9zQrrudo73kdzxAvTzug7s0UtjY8QdOGOGcyl0ETkDDvjYc6qj7M0voY2xWT31OVnFVcD_vXZlNbkQ5mt_VoP7el-IAQ31CnOWCS1S4TVZ4_CB447_cMVytMA_Uv_JnD7-DTcI8fyRpnpiG_FWxvCO9ePrAoLs6RNed1krGnB-omOIveS1pfp1FHHj2BmE1f568m8Ail7LAIKWIktLDnykIJfV1cJUScTu3t-LDCnsnMvdifw2fz5fN7sqN0sF53LMkfj8xQQ9H2NHm8VwNWIZ54ihFeFDzRlS7U6tTdt32M_3iUpZotpN4gqOzn_N6at8h3qnUKg4fjzT1niT9oOxc5tMGTbtqj4kp6WZvb1CjBRSm9opf6PHyH1CVE6CzLDq94TalXLU--y0eIsPlQmcGP0XEjIo1FA2XfxwEXx8MQIqG-ZkEjkQqhPZGxbBvXZbBFtYS7GIBUzHK532c0rEvFJPOI=&xkcb=SoBS6_M3jA5L-WzCYp0abzkdCdPP&camk=C3EPSzFlQw-Qts97afg0Vw==&p=12&fvj=0&vjs=3
Lead Data Scientist,AtkinsRéalis,"Remote in Bengaluru, Karnataka",https://in.indeed.com/pagead/clk?mo=r&ad=-6NYlbfkN0BinXbyPZuTL8Uaf9gTo8hf95uXmUwO-bTspgIeQUffKjaCS09LIU4hDJZQyppjvRwboBtDueNnz3nr3PF8xIZmCNG_nwTk13QrTpHNXk2b3KXp1fRR_RJ6YIr9huXoazDVwgcRJmw5VXSI5QqXEK2g0stgjENciXaCwTZD6iGrpXqZVwxtlb9FufGwPVHQGJIxxz_Sa3dCkbL-XkUKgwOjLYXp9BcLQtwuRWzZPRHFbax1SGWcUp7jwkW1Fh7gA_J8_d4PFltG3YKYqd8-Qu-wtLFv6Qb0xTiYv8w7qINPSutwBS1Oq2TFDgBWBte-1W2LWlQc1RAK0EaLTpxLGg33s9leYS0SOqxM5sRWhzjbvcExhKVBS6qtlEC928PDwm23T9OE_UCvS4ZNiF_IbKn6Xe3VVkhK3S58WK24F5g8W8zVfv6Vax3b-O9g0GAHVdpvimSDsOmhllqeyg5m34Yr_XPh0uz39ppli6W1yqJULUuDcUMWH7usWzKwGAK22VwIOWSFnSP5YHXRB5X-jiTxfcjGsOtLS3LhFgY0-n951uTm5mbRJT5ZOXHN1Z4mvHb0Vom1ubImakGwj-GFqlAs6x0PKCajcs860mIMnSi0t25WilPhfgJKDkQvsF1cM1VAYfXuye6XpGRELavOu-oJdJYzZDCdN3_j4kBC2V8Iew==&xkcb=SoBr6_M3jAtqKCzDVB0MbzkdCdPP&camk=UoKtGZLa3XKWE0QO0r2SWA==&p=7&fvj=0&vjs=3
Lead Data Scientist,Chubb,"Hybrid work in Bengaluru, Karnataka",https://in.indeed.com/rc/clk?jk=50f6dd6f00965f7e&bb=M83dw3BgmJtHU7Dei3WurLiHZcxxH2YdSnAT_Z5TPVqnaSKObfLDX5reYShdBDQMZDOFTmKWLOowLWK3P3RQPeN_HNwQTRAHNyfqX_HmBCF2K6b1-d7I72hqBls7zVXygN11wFuI51j5D6DxR3WL8A%3D%3D&xkcb=SoB067M3jA7_OkTCYp0HbzkdCdPP&fccid=a4b25052cb0c9989&vjs=3
Lead Data Scientist,UPL ltd,"Bengaluru, Karnataka",https://in.indeed.com/rc/clk?jk=ab883c9d5686f225&bb=AFsGf_5JcnsmESCmWcgKhVeiHU24_e9QiizD1AD7y6K8kh3V-18vDlfhuqGRhhLC8UvuSaXHwDmOA8mWRnSzMg0f_MohRJmdeKG1jK4RBx-qAZxmXTcL3bPLIv8hiA607ry6Iq39wmfBSFdPg-NoEA%3D%3D&xkcb=SoDe67M3jA78Y5TCU50ObzkdCdPP&fccid=7f9e38c338b1c823&vjs=3
Lead Data scientist,Weekday,"Mumbai, Maharashtra",https://in.indeed.com/rc/clk?jk=8597cc7282e8f396&bb=M83dw3BgmJtHU7Dei3WurOK48zpkVQuRm1KsJfbkETXODxdek87M1U734ksfzrTIq-b2_mXdQVqW-MTz_EYWsanSiy2c52mDuw6chzDnYBFIjzZBh0t5Xk91VKCQ0TzaGVwr6-d--Ka-0STCchQqJQ%3D%3D&xkcb=SoCn67M3jA7_OkTCYp0ObzkdCdPP&fccid=bddd218f3c4f6f22&vjs=3
Lead Data scientist,Weekday,"Mumbai, Maharashtra",https://in.indeed.com/rc/clk?jk=8597cc7282e8f396&bb=XbERbbPy2qSIfOLjgbo3X7oOI6d_KP5jQ_TCaozAeGGUNhX0N3_Nxc8yO4dEyWnPRHyEjiFaESMwXsSfTTGucWb1BQSXTv4PC54b4tnLKu70FkpY3_Oq9gyVHZ2BBMMBJblZ_-v-TFOnWOg59uCY4A%3D%3D&xkcb=SoAC67M3jAtqKCzDVB0PbzkdCdPP&fccid=bddd218f3c4f6f22&vjs=3
Lead Data scientist,Weekday,"Mumbai, Maharashtra",https://in.indeed.com/viewjob?jk=123456789abcdef0
Lead Engineer (ML + Data Engineering) Gurgaon/ Jaipur,Key Management Group,"Gurugram, Haryana",https://in.indeed.com/rc/clk?jk=4df9e49023445ab3&bb=9POcATjFhUaOuyMOGZkuUL-JX2Bjv2h9ogWe9A2Q9kAh0u1ItbskB_Qb6OAq8hhBtoOPFfbPkx4jNzUivMhYrP8Hpr2UJYhD3Q1iG3RtqJAetMWH0Rha9ahim1iYglyu4Ksp96YmUlSeH3Dfco0BmwyOMbJnZPxYQXWgCjBgqak%3D&xkcb=SoBF67M3jA73XJzCVh0NbzkdCdPP&fccid=c80e38cb199dd3e9&vjs=3
Lead Full Stack Engineer AI SDK,Boston Consulting Group,"Gurugram, Haryana",https://in.indeed.com/pagead/clk?mo=r&ad=-6NYlbfkN0Ad1FFWZOsBBwBZDGouyCcICeLSd3pQct3wJ1q5dPO7JNFPcbpYQ1XCYdTOV-ko2T6O8tkf0MVIl3ibCFhOvPKVOC-7-kKW3rFfB03J5CvLewofHk8H3buYa-UUEBw_DtDb77AwP8S8js6IViIyTiYUlzhNFW5CbaYOQ2DswtQ3DCfdCifSwaeXl7q8WUr17iYHlyjDscmTB3bCdiIf40CKWoR1G8qkDDEXoHmN5f-OYp3XzSq3Jt945GwhWOneFmnZNZKVIV0X0Z_dScgwdpp5QCviK1hWeMAjLzR4AYAU72X3vJGaBDPOlZcAeenBWcwlqaUioHz1TDrp7IJquXk2-CN4tLi1cOX-jbMdDZPxGmqkQjHqkdPVZviRi31mOcZY7LrRo2KUQiYeQajywDVMoDMDVpCrLOtPPhChby350i6Im3vxRe9EKk7XZNqLmcVHJRPGBIneDX5lMevoKdOk0yPzzLTYqJmOFICmVBbHjN4bQLUF0N_LDJkXb6_DbXrZxl53zQGMM5-NaKU9tJRBbZP6c6bFtLCMupfnH_cOJZcCm7MFtZ4eN_GB2_mBIZa4yYE8KQlS0X4VBkvhlmlrfVwmhtekCXB10HL5HJdUunUK7CNSmkWm3D99FqO72usxJLKPq5yQRVBeIw2XM1lF99MIiw1UYiPJaketfuvDKjfDrYU9Ul0WLtS0HCdBhloQM24U7m3C-1PuOd3Nk9-YCw-zikXId3WxBT5Fg6Vf3E4iveRGhtyMvTQzPVaYUAvy8K3tXTsgnDTbikRS-RurGEytXTGpyFWqvXyZykGHnMUzWm9G9lcdwMcofe-sdD6rQ2m5lWbteNfXS1L76deS2r2clNGhXC95ui0V9E36qVjJM3L8rUHsxvv1I05wtc8yVnBc209IydWhkXLeJlYah9FuSDK5adE0DWvzSdGfxFkxfl-7duVrdulZAVl04eIUR226Ly0nsXLNMtlevcpmcV5_wvPi9EusegJ_6hjPny36LN9RIKajKSqsWlz2Ov0CY7f8ZdFus3MxxQymYCWX0kze3j3Ir5QEM4MRSwNVS6Y0jH_NgzF2in0JnntLzXDJ7nvUbb6Dk9FF7wYmbYng-dkMmjctZNyjgUyWlw_MLX9BsKq0o4IK1wzRI7JjrbdiCxJ0ttzlSAO8JXkCMFpmABPYVTjjHcZNp0dl17Kh9AVJg0soragV6eIPKj1GdfDcR_WsuT1s0d3eRX1VQYUfZVLmV-FWjo6Lg7-EXFZA7DxveBDsK-WJGc8rYtU0Z83ERK9enzjxdT9fwONN9a0lRKDUrEs59Vmg412nXMRt2x1aMYtFQ1X8Fj4tIuNkizBJLoimbsmJ9Hb6ufGdAdFZMCg7imHdJrAm9fsmVNQWYMHrb9v-M7ywchUyswmBvL9vB4QR2TSXDg==&xkcb=SoCk6_M3jA5I10TF0B0MbzkdCdPP&camk=C3EPSzFlQw-Kxz8aVjN35w==&p=7&fvj=0&vjs=3
Lead Full Stack Engineer AI SDK,Boston Consulting Group,"Gurugram, Haryana",https://in.indeed.com/pagead/clk?mo=r&ad=-6NYlbfkN0Ad1FFWZOsBBwBZDGouyCcICeLSd3pQct3wJ1q5dPO7JNFPcbpYQ1XCYdTOV-ko2T6O8tkf0MVIl3ibCFhOvPKVOC-7-kKW3rFfB03J5CvLewofHk8H3buYa-UUEBw_DtDb77AwP8S8js6IViIyTiYUlzhNFW5CbaYtqWxp16jB4PdDSG-1KU8l_e7UB20tqmFqRmZUQXIO7ENeIdN6uUzAaYOAC_4Y4pWhtepgjhKiVe9ZN1C4c9jCFUP0_RMbKxRGJDhkbenTiruHZ5ut5UbPSu1d37E3UTVnANvW7SVwYAXnRGrSQcdo689VHdIOEOI__Xz_kmXEEdu_TWuiLNZ5paHqKihmI0Aq1qvmHAxiNktbmNerlMS83jZXvhqfDsHMbAJlqdbAB0ne7Go5DpvD5q4C3lqC2Y50fAzdXI5C3Ws-KqKepRv9wRqKdiIOdiU1MGQsjcAwgS99IZAeLHO339Tf2MiIrzY2QIpN1iPq7K-NYxPIVNFmAjvla43RLMYtZK6UrNBYXOe2GMqPQMKyuONGDkuiyr28lQMrHj6XchYRqAPki0Jm1KcHmfIN9i0ljKVbfavRXmExEUfQhewD_YJDaljahL6wWtu1pctPNwvHNp9JzghUeh0habUI5zSWKuvecUWKOAq2SSwY3CJy36elFquzn08GunuEj7E0lCt0eM927pYX7eB_tDOh25mMOnPgNKeIAgCkImdHwYnEo7s26C-fq81CregDiG99EOn_DD8ZqYuff5tgGapq5HXhqXZGhKLJlyj-AR4HvzuMeDYEax0rP6vM13CBQHxO5LGIpTACja4v2z3erCbCSsYKb-TuavmDa1oSwf-rAnLGOxbJuXfeqr6zxxFmWTVsEzN2jZxH7XY-hwas-BjS_E3iIFbly3EsA_eTKxjanNviQbdw-x53wwd7z-rqKOt2TFgFli6fBj5pTB5qdQi4I2kv2dR-DiooqVOeXV97SnEfL6MvjIUVWrcet4eZNwWC3IclQyooeBlLitL3ra1V-vZE3cP_Su3JSnw9-sByTi9u25zYWoyEKIKWTw2NpoHuiuCTT_T44uA9jQKFWeGQIm0NAHwjdPebpWo_MlarcOv8ZtxzOX4EKKvnbRx5EShc20CdKjmywB4u7fF0alqTdfNIpMPI33SY5a_qdTsRfCfOf9BU2EnCkl1zIVtjPxgpm8gPTJjtb2KjayZ8DLrn5loOXujfLvWzDksOrzA2T9HE9ebDoM1uTtImIBmEPKdxTvAf1xe8MnFQsaYIbzU7n0mB-ntdSYZAcPHR7-5gpcmJ8WNNrOisMYC0Eh2QgKsz9yBoC1sFUmX3w2-_wjWA2EQ8HRoUMw8DeUO9xpyq4KP3rhhkksKOQR3wsBy4Gm1Zhuihrv3DWphgGht-pfiP6sll-xfptl_v7KX3g-Uqkb1f&xkcb=SoB76_M3jA41yxTCUZ0FbzkdCdPP&camk=C3EPSzFlQw-Kxz8aVjN35w==&p=14&fvj=0&vjs=3
Lead Full Stack Engineer AI SDK,Boston Consulting Group,"Gurugram, Haryana",https://in.indeed.com/pagead/clk?mo=r&ad=-6NYlbfkN0Ad1FFWZOsBBwBZDGouyCcICeLSd3pQct3wJ1q5dPO7JNFPcbpYQ1XCYdTOV-ko2T6O8tkf0MVIl3ibCFhOvPKVOC-7-kKW3rFfB03J5CvLewofHk8H3buYa-UUEBw_DtDb77AwP8S8js6IViIyTiYUlzhNFW5Cbaagzfe4OtThDlt1uLLnbTHTb9gvNsqIwF1hH0K7wu4ryUf454zRiGKRnSq_i3G-0qq22tKK5pl6ZqD9QCyrS-5DTQW0Q2X9_mcxQuajHntLAG5N4huU8W_tJ49Oii8qZtd48ZvWvGP25Z_WOGF5eLJd1Of1KmHPH3mk06j44fVrHbgQI_qWU8ccVc2HHNzmT3r360XwT7VL9Fp8yUV4Id3Dxb0aa60HaYejl9mWhRXOvY1nkHrKjvKSEoHSGP7BpNabEIVw6ETrEG5Hh2Azf9U6zAoVtbM77jHJ37L9XGsJPc0wWBaspvX9IbMlsyOykhyjIxxVekEI6XJhJZ9aEp-e4PonmKbPBUut3ML8fspuETafv50UPx8wNY2cFSU7Sc7e5Mnay-kH7T9GTVEQcBVKEzNqX4mml_cjvQj-v5fV---IeQuKFiLjcV5igoYKvPU9xaQYj8YL7-dIJQ4F2c6qHmGbsQtg-Y2WXvmE61V8T-mWUJ1r9n_ZqpoL7WcIMQpUG4pVZsJTgoBHe_sYpU4V3Imx2ESx_pm4A9W4HOvGlouuICze8H0WI0U-uagjLz90elWjs4P0CRI3W7cm9piyS2a3R-x-59yPJidbBQKvTNh96D3-pRD3WwgKrOGoLriH-nJ-B0oBta49pmie3Rh6qSHsp-6MHIoqHTdm0kgZkSHwzieUQrxglOREU027EJjUkkZXmgiOjVS4O4_ijDfGpQtjxrp-3mHtm_-erfYsBAw6TOVsS2zlo0nmCYeXhuhbnVewWsyLG5ceZEY1hfd78viBPTduINVwcVu1FAcbyDOJDkI5dqEO3nrWWd26usszRajXCvIsEtzKpTfNvKAZMP6mJCQihbasx3-EYWV84mqbZIgxr9ld9Xw70sJpwCoNHCOpBj2Dv8Mo1I4a3lrnu1nf_bDHxk6p4nRDXtZJHKnGlCcSorVPKWqnli1heGNylpUcayfIerwWuD7Jf_M07IYWgEgZbfAXvrh5VnGHDPpuAxZVFTuvGaR5Tzc0HDyZdOUWbspgvtZNhhFunOubsbjOMx_hKGbGkzJ5ZekWmmHl82ARKFh5fNqUVzhx_ZWxQ0XpGst956sHoRIBK7SmQc02rkxWsCXn9ZDsv8WRQXdDM-tWyZxsKWVd4uQk1h_5HShfW7qEcnI5DJElgNxNiV_Anhh9B1W8OFfaD5_bv73hBDj3YI3W3b2hVRIcf5wgjQ9aQaoENh_T7mrcf7MbszJC3noPTvL4IB8DDoNG_Q==&xkcb=SoCg6_M3jA5ATfz4kB0CbzkdCdPP&camk=C3EPSzFlQw-Kxz8aVjN35w==&p=9&fvj=0&vjs=3
Lead Full Stack Engineer AI SDK,Boston Consulting Group,"Gurugram, Haryana",https://in.indeed.com/pagead/clk?mo=r&ad=-6NYlbfkN0Ad1FFWZOsBBwBZDGouyCcICeLSd3pQct3wJ1q5dPO7JNFPcbpYQ1XCYdTOV-ko2T6O8tkf0MVIl3ibCFhOvPKVOC-7-kKW3rFfB03J5CvLewofHk8H3buYa-UUEBw_DtDb77AwP8S8js6IViIyTiYUlzhNFW5CbabglWBZsws69GXmCFxdIrvTbZV9cp-i0ERG3yFnVJr6vxUgNnAuhOahPZewRpRgVlGCg2_e5Mrxokb2VHB57ofydXwLB-qNjKTSv_vRqtTzHuCOrtgcJt9F1gm5qdcNH9w5OcWwQ9XZ6wkQKi2YxsXX8y-E220PxR-QoR-O3-3OAhoGw9yZ3hOlB-p-v4xm6LZX-cX2uTG8pAzT6Z5LKA553mopxgu5tRFZ6EC6stthMUdGo_f6dYznbYWf5X3gSq0x7FK4KJ7iZ4zb9dv920G8AMmOj9TjuB2XENaEehcXItGUrHPgUChApEApCvHxK77plZJcn86G8YvZb47M8x66ZWIGwaNJTVGpZz4kJaEC9yhO6GglFceiTawXbmN_fCfzxQTBKMbcpS49vkBWDCeiFEbcXEeKqw0bf7RAd8iTAylXobriWfifB28lShQrjq3lJlJPdQyrZL8z-se1-_hSF01k9FkXmgIy_RgeiRGm_axnOaaABDpuKcyU46x2Pk4xku2bGVWnl2pTEb3VFeRoMJptKsrQpp-7e8iX21XE_CPjB-_qTplmUzno21N8uXiTzxU-KhxNZlQHKUWlG0M10TZ2hUJrPbuLgdLTqv4jD_uDXtIplf-MgtyyOLBYbSzU7_TqzKc0JPKnokU18CYGtM1mD2n-ASPUFkV-_BSC19t32JHci5_tGhkio_GKsQmawK_rneZI77jV28udbZho_un10K6Yb-aBU7DxjxhXWuZ2MY4QBiN2eEbT7RsXRdjHK4eIEWAgAJ0Y6phqtIXT4rLJTgdvUMtwEBDHY75VQUVLDjrHFX9tykoXJnK_o3pB4f0-Xym46EmkeSPMsqmS4JnSP7vk_mTkspYFmUs9BzZYEttBIDoTybSTH2HZ1T9w1P0KfhF-AJKHh5V4T84EV-xTBI9yzsvJHheXZB2T1r8AtQqdr8mt3pbmhLgyHjkVyQZmWebAS7jOJKSazrl0mm-WdaBCkeAQz1YCI4ua9fIhqb9d7Dcyw10z6TPJhu4NIlp6pHw6geWRsl45Up3Mx4OrOhWxvZC2R5GY9CcibC76lT45d3E09dsl4fWSVrQTf03arEg1a5WqBx32Hrh7XD6chI5c_zdrCCN5B0p-eJ3SmoprKkdLWRAlpeVx8OU85COSAEb4X8ZVmBm-1a6-hQeXpTXPp_gETdUMy32wgQDy7R2m6VQxa-KWfUSlv7qbSX17ycocNrGl76yv3xCIf4WNmMzc_A37kmNyO_P2gHoNS2Cod2cW&xkcb=SoCB6_M3jA4yH3AfKb0KbzkdCdPP&camk=C3EPSzFlQw-Kxz8aVjN35w==&p=1&fvj=0&vjs=3
"Lead IT Architect, Data Architect, Platinion",Boston Consulting Group,"Gurugram, Haryana",https://in.indeed.com/pagead/clk?mo=r&ad=-6NYlbfkN0Ad1FFWZOsBBwBZDGouyCcICeLSd3pQct3wJ1q5dPO7JNFPcbpYQ1XCYdTOV-ko2T56QocmuqOZhDw6RzTzeSc8hZR4yXClCJRAVXJTCnEvWeizQxi3LMkSlXLpyUORbqzVqy8M259hsEeHqg3MTzaD0w5_Ackpwz1g2mQwugJ2rnSmbWvc4Lorub4cn1WLG_-sDMHp5Bhn6HXJP9g16nU4G1dXfVZ0sbY-29vTJAfY21EYD9zWwzOk8H7B1LVwGvH9CbgcgWOPu3_5RebKD5dBWjIDY5cUIABKw-hydY1XPLsfuM5ypKafRNn5GIG-M6bC3Pp5iZxhXQSBuMhL-K5QErtRj_YRbjKv70en0KkpL80OfAX_7_d4HbIOzsebcS_ODOyRsBgu6lZC4oDKC27Sg-I-7ZscdHSnQmf3c-MmZVwmFHsCvpu_-nAkRphgA7lml0cSCmvJzh5v7DDAxnWVY8A_2-sVD4DCzgYGtTJHjljcT6aR9iC94FHzTVXGDBCgpLPQS7sy1DlBKISawglBNR_LNocMl4oTqHH-iev5Mp4iCaEleuTGTGj3qch1tLGqX9A0MAaLnwKfwiPzjjUSp4ACJGKjc-AzrKxC3EIvd6sg53ve9UoGGxo2IjIC46gMY7zVtoBKFBWj_zvKewXwPOWH-FG-fzzQ_6SJ6KqyKkkslpdJAqkqxJ_ZWXu4kr-uE6zm5yBOxqixOf7Tmq11xRpJi1q8467JE6M00t1dwL2Nv-HoFC1R-FgN3FrS6-2NmvTiL0Ernma3lgUHqSXp4MP8zgHDOTB_0WRc5ZUSDr2dUXDCZen49omfu5TVE3JEPWYz6IZUi95icbBHx7nMX4_wrekzns6I5QkmnFnAWpZMHu-1sdLC-060C5Is6gkpM_OaZSQHu1GEEB7Bxs6G2Qsr16htUP3-PKOAue8791KjKbjD6D5q-nEQ0tt6OV69oV_EcJ0NXi-tdGSO1dSS76pBmWIKKoV7FbiO0L7BYmgVs-3DWg-wdDisN6SUYcw9fo8jS7Ij-7B6pZghuLUmjv0aH8-bje73ZBA0-YPYBy_lIwCQrZXiObaZkfet9et0BDhPkycQJiCQ8cOH-boZAAt610K1ymrJwwwyvG60w_oTrZ3xd4h6PQ4JSp3RirIOSxcNO01eN1j7CD2EhpVeldN5lf7rkHAyBVSjpKZWVUwPFM0oYiMYtNSBQhEJ13T6fzAnANniKBvSxpGIDjIfAlkJZQLihg9HImfjmME-K-2buYvfC7oTwb99pvFSsiVTtkP2nULyc8gSy12a3KaisM6zO0WotsC7K6jwoD4yJozfdAEc7zBFgB572sWthTm7CC2ZMdOtR-8ZOQEb8j-u9Insxc5-Zb1s-Bf_oV5dpwcTCRwyuIzxERoaqikn77hb5xm2h-P0-kQ-lMt4YSWL&xkcb=SoBP6_M3jA5L-WzCYp0DbzkdCdPP&camk=C3EPSzFlQw-Kxz8aVjN35w==&p=3&fvj=0&vjs=3
Lead Machine Learning Engineer,Athena,"Hyderabad, Telangana",https://in.indeed.com/rc/clk?jk=4b854dae2ca69e79&bb=0yFN0yDmIeQes4DuWHG9ozP4GYr9dUetT7t8_qb8z2xlyC-UPsutsyP8zHDrYWSOxRtrBuS41_Rq-nUpeKXcH3ODnOMRPd_3reVNBgkf7kYWg9EFI7j9fsuVY9o_0MD5utsPQd-SG7VV_oxs_mbHVQ%3D%3D&xkcb=SoDS67M3jA8dUEzCVh0MbzkdCdPP&fccid=d14404881873bb86&vjs=3
Lead Machine Learning Engineer,Athena,"Hyderabad, Telangana",https://in.indeed.com/rc/clk?jk=4b854dae2ca69e79&bb=9POcATjFhUaOuyMOGZkuUP5jglhEdo38QoNaBSzRPh8WBgfU99_3dhCKazRb3mXb5JRMc428prjzqU52qzSLRhi5QupUxVyDfWYxx1n30Z4a3wtczYvadhJ-I2lJ4lLjaSdDgsd4_n619HgVViMSB6-yGAouSyhIlLIl9X6ZIKM%3D&xkcb=SoDY67M3jA73XJzCVh0ObzkdCdPP&fccid=d14404881873bb86&vjs=3
Lead Machine Learning Engineer,Diageo,"Bengaluru, Karnataka",https://in.indeed.com/rc/clk?jk=b49a983677c62cab&bb=0yFN0yDmIeQes4DuWHG9o_Qz5uAzMMm3agIyQDUb02H22zL55PNifxQxdW8628HjbJ7tITOSHeIqlHnmLp-xwybFPIoc_ncewz9BlvynBPCMw3dR28NU35DmO-5Aj6rsXApK_COjD8M%3D&xkcb=SoD767M3jA8dUEzCVh0ObzkdCdPP&fccid=942d238ea16c5cd0&vjs=3
Lead Machine Learning Engineer,Diageo,"Bengaluru, Karnataka",https://in.indeed.com/rc/clk?jk=b49a983677c62cab&bb=9POcATjFhUaOuyMOGZkuUPxYcfLQhy7OeOWa4Y6H4GQNhpZ6TqaB4_82SSXRPdKeChDn3TZt0cHKSqEcrECjcKUZO3z2Zf61bxlwiNPdlrCrqgUYK82c3svf9IZF45kyE6iHOGSCQiEqnW41UuIN5MCHTu-VxRmY&xkcb=SoDL67M3jA73XJzCVh0KbzkdCdPP&fccid=942d238ea16c5cd0&vjs=3
Lead Machine Learning Engineer - Gurugram,ClanX,"Gurugram, Haryana",https://in.indeed.com/rc/clk?jk=59732afb227d9dd5&bb=0yFN0yDmIeQes4DuWHG9o7M59Z5brl25WEAtkFIsnAi99ZmbuQLXIpIWMrJEDZRfPM6YDzn46LE2ugvw2aeRi-qvlRPF6DTmo4zYkDvGQ4NZrYnewyKxpBa3v8CLPcV2zLt4H9IAIlJCnRLVMRtKmg%3D%3D&xkcb=SoBm67M3jA8dUEzCVh0NbzkdCdPP&fccid=f1020d68f89e2355&vjs=3
Lead Machine Learning Engineer - Gurugram,ClanX,"Gurugram, Haryana",https://in.indeed.com/rc/clk?jk=59732afb227d9dd5&bb=9POcATjFhUaOuyMOGZkuUFcP8I5Og8pnph65qjG5hEfF3BTHohv_KY-SG7eEvwSCgMcaCpaRzaFNi2f_7waO8NTxdfpxAIcogr4fxuzSlkBbE-LrEBy2SyVg16q3l11NbqMLupev7wr3-ZDZnjfdA_y2ISMzXZber848OLwmMLI%3D&xkcb=SoBW67M3jA73XJzCVh0JbzkdCdPP&fccid=f1020d68f89e2355&vjs=3
Lead Machine Learning Engineer - Gurugram,ClanX,"Gurugram, Haryana",https://in.indeed.com/rc/clk?jk=59732afb227d9dd5&bb=M83dw3BgmJtHU7Dei3WurA2pPlvh70Hs79afY8E6Oue-af0XZvtE_M2MVWf0ATDAA8_i--6xxcBEu09WWLibTH0_4RKxg6oaH3XcrwzsUY-BWgqAWWr4-yYURlrP3R7P-vKat81DJv0W0uVbpzg_Rw%3D%3D&xkcb=SoCd67M3jA7_OkTCYp0IbzkdCdPP&fccid=f1020d68f89e2355&vjs=3
Lead Machine Learning Engineer - Gurugram,ClanX,"Gurugram, Haryana",https://in.indeed.com/viewjob?jk=f1e2d3c4b5a67890
Lead Software Engineer,Krimatix Private Limited,"Hyderabad, Telangana",https://in.indeed.com/pagead/clk?mo=r&ad=-6NYlbfkN0B8TZEFDRaCPmvRhFCuvRxvSvOnj3sVa4otaNkvkvLpQyNSDsb6UXYxbY_jIdE6pEUT_G_G8OGm7iNeRvs5sVDD27NKtLPW9khyWGYmQ9UtoZCTMReVZhoPecJi_T62OTZxBijzf4NNZucdp1owiyJUGkZL0JJMC5QdhNtr1ENYHQmxTJ-KQoC2GqcxwH71JcwEoz-iIay0ikOgSjkWFOzzltdetDKAneV4fULVBr0NE8OZ8qhoZ75BQvVRakuKYFkcJZtrv3tUbvO4IpF2mJLWAMPvOq7u4YwrV0mvh8m3numn4rbu6ksT9LQfc0baEef5Vdynxs0QRCeCaRasHM7db7QEDYJtnBr_G_FSL_StLDCjZ1mqXsg8ErJKJcMyHP7jr5VKyvpx5yPvIpJHqJwCPxr8y3OGX4IkvAtt5fTuIvFVjfJco5NuT9XJbggvWSnudPjGRlTAm8Wve4z6dYMdtUzTDvdXdPksWIZLZ_oN6WxSn6xzYQfHvqV7qNKC81VJ3j3YylQX31v0pe77p2EZ4Yu2xoAc7nYOay99nLX8QbwqPJGeOeFg9j28RF3LOddCwVPTyxrv0admcmwdKGumSUBbmff680VLpyX8MQA3kQ8HRHvq6Vo1kEOKva_-4Om7zREkVDHDycVFydnPLGMTWBkpo9ODe0ut7Ay9Nc6o_Q==&xkcb=SoDX6_M3jA5DXoTCT50PbzkdCdPP&camk=C3EPSzFlQw8mP0qTtbJp5w==&p=4&fvj=0&vjs=3
"Lead Solution Engineer, DTS Analytics",Kimberly-Clark,"Bengaluru, Karnataka",https://in.indeed.com/pagead/clk?mo=r&ad=-6NYlbfkN0Dig86G4ktrN90rJm4FEtHzKKttloEdrrFpX9HG6zKuQJcrKlbG4JtboexZo-b_V6x4_N5QYE1n2tHFFt9qv-AacCZTjV1E25Iq5jPt0WLBM2kbgffsrXv80o_haCbzga-XqCbVMfixM4OzgMDpnzvEMibR5i63NhqxlB4NrzDuTamzq1Vm9magNPYR4mlHdZ6328_0AC5sw1foSay_aBjIWDl3XMX0zj5rJFpE5lrsMUgy1ti1XuJJuDA0fJirGluK0DBzOIqMySKu9vbuqnzvn4tgU5yo_Fp5HQkswWsufPwrpR1D0SGoJIfqYhMTCsHC2zD3hUwYIWipaiAQaca_54X6pVkTe88luymHUaNUWkyKsBIkf7CiwBTgD5a_ziUip2QJuhmcnSy_WmlFQbu00kprObouJY89sbjIOXMfA2ZSfnNfESIDAhie502V0ckqLGfZbmtrAX_f6XG9s4Sow6PN3fqa-SLJpgBuR724z66UpKMgecCpkkHIV5ipZOeI9Ih48pesszGtknaHUBQNoKZKUZMslQtWk50ASsBVwIyFjmetAQoMLESoFg101-pqSXMydoaIaUJ5WGkL_ukWwmXdJ7vuj8GjLSZ3jhp7ph6co67FHAwi3cgpDMildnn-BJiB7iWfJLec_ZYJun6FwPnUGJO0wWvZl0JZRDTHhTgAmc5KPpKvBMtVwp3ZgoeoV3_ZNBAmhe2jpS2V1zCMjBMAfca3d7NtzfF7LFWxR73Dwmfhy13riaDTCL4QOvqHX7eGL3oW6Nj0_rK_3R2wVpzclMTILk6rHczLh7R8qWQmDRvht4lm-Af2rsI_hWaYon4LQ6gVFdyLYZLhkG6qeMYLLdGRTFBMJ-p3eu9ka0XOFzXnQc3cWTzW_xoAzLjxq1GtS3HAyF0xknKo8LjgPruOODWsO2X0jpKxKENHu8OAtHfzPqnJwKWhxvJVhdPt_afKBM2G8c4YHMQzqG2LAnPgGzi0n3S_5lzVucBbDMdQvuOsTXFF155ZkMw567A87My9xv7eLif6ZS8HVfMWKDU-4u_izGJ4LaK-UuFOz1BfBxL59maYzkTNctm-_7F3ND0ZrrxvQ2OvdCQOLKq5mHPIoLuRPEBlP-nIDMuipn1iHsUQairlRjKvuNhLj5XP9iLFEMZedOSVctDJGGA1Ih2_0Zohq-mnnH0YCH2po-cCRIHrEUnZZXWGK4wx7qbBed5MBqY8J6Del-W6bopHzujqkERnT1sKPYD03fcvMQfl9NuabizdFkucSNsKegp5jljQFJtUllzrey4yWxMS375w8eV1PKekboB7yVbnzesf_neEPbuc3wudpBow4esCAupBeuJ19twGvvb1pLnUABhzdQKwKIJDvknwN8d9_rd2kknpsDAGui5TTpuNz070EF-UB66PAA==&xkcb=SoBP6_M3jA70z6zCVh0AbzkdCdPP&camk=C3EPSzFlQw8AM91mMMnDyw==&p=11&fvj=0&vjs=3
ML Platform Engineer,Optum,"Pune, Maharashtra",https://in.indeed.com/pagead/clk?mo=r&ad=-6NYlbfkN0BWpgndjYL01xMr26yTqLCDFb3b3BUdaEwmMV3w6lpNxfdb7iEvGm0gmfmM0o9B9H8sAQHaSDZOWq11ucAdr2DQJCw51HcadL3LS8DPfxrycfwm47_g57dwlnmeDsyH5xs6k4DY8gKdZdlQxojewl7Yzi7cnhXO6f4W-JBCd6wTne4UsEOpvrUuVueUUkBNBigtp6J4qVYIomX-vvy83QT9F2zGobl-f3BDb-ZNhdIZpBYb2njAZFN-z-Cnj5WlUJBnQRl32OW2F8bzY7CsGxHxNWOBzjBkFZ2lkQx-cfSTw_R0chcHRA1NvaSuC-BtOrRS_-1RzQzNTatJNmYMDcqfmA5gLthuqdSL98Q_VwGkl8-YK4mciNrvCfd3DszLpAj-V5LxiGw7u6rmOUQWY9sFXd6Q1P06jeI7oIRHWDr77RbvLZkzLs8FgY-vJItgyqxEAghR_EKPPqTeI59awMNMC-rxmRf5XmOuWwuWvsgtuD7W9En9GCvlF5KW8hHx3DSA-6uqnON0dvs85B823rLQlFycVH0-meweeNRDFmHxicwoJ2wZeEcUSDOuspA0iCO0vap-xsAzXAtKE_oeC09BtPcjvChh5ag3t6QmNFgnFQqUND6VJ_ggnTeo3jKTDkH8_ox__nk8_AHFYtYj9_l5RHahnxto3arhEC0zGZ4Zp83F-Fkwy3vTKjNLrneQ9c1r04G4DQPE7RrkBGOFd9krqLUF9bvcsAooyJGC_JrwGskZ8kO8Ev3LoDcXN76rFk_A0YarmPfUTxt0fSW4LBM0YKuYJqaQnAk-S2zDkhEUEkHFU6M6HI2oRvHA238Sdvg=&xkcb=SoB16_M3jA70z6zCVh0GbzkdCdPP&camk=ethIe0s0hed5mhSVDYdqwA==&p=13&fvj=0&vjs=3
ML Platform Engineer,Optum,"Pune, Maharashtra",https://in.indeed.com/pagead/clk?mo=r&ad=-6NYlbfkN0BWpgndjYL01xMr26yTqLCDFb3b3BUdaEwmMV3w6lpNxfdb7iEvGm0gmfmM0o9B9H8sAQHaSDZOWq11ucAdr2DQJCw51HcadL3LS8DPfxrycfwm47_g57dwlnmeDsyH5xs6k4DY8gKdZdlQxojewl7Yzi7cnhXO6f4W-JBCd6wTne4UsEOpvrUuVueUUkBNBigtp6J4qVYIomX-vvy83QT9F2zGobl-f3BDb-ZNhdIZpBYb2njAZFN-z-Cnj5WlUJBnQRl32OW2F8bzY7CsGxHxNWOBzjBkFZ2lkQx-cfSTw_R0chcHRA1NvaSuC-BtOrRS_-1RzQzNTatJNmYMDcqfmA5gLthuqdSL98Q_VwGkl8-YK4mciNrvDSyiDLcL1LtW98M4RBxbWwVJBgum9m9ftLc7uxbobUcpj0ciMPb7EP3vAbs3_zXl88kl8FWJ_jiTnmw5vl3dmIZvAxcH5ag2NFhsTFkA8OwBRspmeQng9A0HxIDHIUdqQqBR0S5NqycIp8g5YbzvJYZDntAz_LC1Z5reHsNdT7TfsrUb-yfoZ0qXkzOku27Z7MSzxvvFkXSHrJdCkO8USzwguh1azOZH3104rTStEbG_yUo1pwXz-RJFmiG0D2ObDLbK2XQijTyIzBFztAERi7-XT7Dn-dpa309qhH9CRGSDS8McRyRi1z9_ZeCttrJkaLpjD-BoO0wVZMxPNe5MMr7SXoEZ6PlPLe3qKnrTBCjF4KhAqCgeGqXhSTN6iEW-hNf0DxLSSIAMXaO7pEu34vPZpNTWcxBK4_lLV2XRQLdN4OK5TFNR66ERmsmDlkIIIN9lg9bkr64=&xkcb=SoDY6_M3jAt9p9zCVh0AbzkdCdPP&camk=ethIe0s0hed5mhSVDYdqwA==&p=11&fvj=0&vjs=3
ML Platform Engineer,Optum,"Pune, Maharashtra",https://in.indeed.com/pagead/clk?mo=r&ad=-6NYlbfkN0BWpgndjYL01xMr26yTqLCDFb3b3BUdaEwmMV3w6lpNxfdb7iEvGm0gmfmM0o9B9H8sAQHaSDZOWq11ucAdr2DQJCw51HcadL3LS8DPfxrycfwm47_g57dwlnmeDsyH5xs6k4DY8gKdZdlQxojewl7Yzi7cnhXO6f4W-JBCd6wTne4UsEOpvrUuVueUUkBNBigtp6J4qVYIomX-vvy83QT9F2zGobl-f3BDb-ZNhdIZpBYb2njAZFN-z-Cnj5WlUJBnQRl32OW2F8bzY7CsGxHxNWOBzjBkFZ2lkQx-cfSTw_R0chcHRA1NvaSuC-BtOrRS_-1RzQzNTatJNmYMDcqfmA5gLthuqdSL98Q_VwGkl8-YK4mciNrvlArWjM6yEtsAs9phykW82RixnUsvTjHY0kvKxtcWIw2eIzrPscYpp0NINVZ4FCZgvx-N52hI0N_mVi0aB0O7nr40LcByUg59ZB7alZRNQ00ischF1c04X-ESXc0zjDtv6BAJOKwNZki7ii0X6WLVV3rG5z7m3TAPEVNA18eGveE7six-tQ1nByOPseea3T2RKKwxcREt_ASy_bZTatnJlkrIxTmkD-dWIR4NGnsnYJrexH03sx73RjqQPzAH62X54A23Ixuo5pAOkB11_zjiK-es3pkUBHSjmMx_QYfj7at-Kmvs4dBRrejQUMn9iFRsFKmaeC7OJG8HYudKd2Irhb3CX8OIlpUEi2zSFeBS7zsfO50DFlvoNtcUfPaEVOZe6mFMcUjhvv9iZqyWc7Q7vr0c-86coJ6mzhBdZyY1xhvdI_BJ36LhJu2bGjV_ytB9&xkcb=SoBa6_M3jA5ATfz4kB0JbzkdCdPP&camk=ethIe0s0hed5mhSVDYdqwA==&p=2&fvj=0&vjs=3
ML Platform Engineer,Optum,"Pune, Maharashtra",https://in.indeed.com/pagead/clk?mo=r&ad=-6NYlbfkN0BWpgndjYL01xMr26yTqLCDFb3b3BUdaEwmMV3w6lpNxfdb7iEvGm0gmfmM0o9B9H8sAQHaSDZOWq11ucAdr2DQJCw51HcadL3LS8DPfxrycfwm47_g57dwlnmeDsyH5xs6k4DY8gKdZdlQxojewl7Yzi7cnhXO6f4W-JBCd6wTne4UsEOpvrUuVueUUkBNBigtp6J4qVYIomX-vvy83QT9F2zGobl-f3BDb-ZNhdIZpBYb2njAZFN-z-Cnj5WlUJBnQRl32OW2F8bzY7CsGxHxNWOBzjBkFZ2lkQx-cfSTw_R0chcHRA1NvaSuC-BtOrRS_-1RzQzNTatJNmYMDcqfmA5gLthuqdSL98Q_VwGkl8-YK4mciNrvlArWjM6yEtuT4JEWewKRRZFWX0fbvQyINWFzzsEWM8loooyPbTEyAYzP_n-DxvUWxtSiYCj_cYdV6F-L_xz41xLkE2RpxELNLgMwt4jsd6of50qtqj_aio-lsjgB17xN7pmfY5HZj5SZD-3TrYrHB-ugQXCchHSUgKMRLJxV52pHpqGkPOnP7ZYI8_1Je3qjgTlRZu8yjhfqxjg7rHuPhxnxHjZYWeRaZgOvKFysurj9gSGo-yF0WE3en5M2rRj3IOWsXHTwV8FzdfmqbtSO4cvupoT3U_JZ4t1Xbn6fzQ-QaQwjJV-05iXQnawcvuIN7gj2vZRcdovTZZeqctnNIbPAqzMTKWiZ2is4GYOepHbkfSjGaiiap6biXjEWY2iTnOlLexVHjptGWvaiMBzM64-b4uDieKkXEUo-hoK2QG-tBBqCFOoB7tBaY1yi47L4&xkcb=SoCK6_M3jA5DXoTCT50BbzkdCdPP&camk=ethIe0s0hed5mhSVDYdqwA==&p=10&fvj=0&vjs=3
Machine Learning Engineer,Amgen,"Hyderabad, Telangana",https://in.indeed.com/rc/clk?jk=f19d076e0c925582&bb=-hVIZrT74NvMvaeZ15EGA5REvVKU18iW6z4JzFfIdoPt9YgyDs5PeSOv4FGEGNpYbIyBwRZ7x0fbqtb0lDtpD74gb2vNHjkTaVFC_ng5U9Cv-dhP87-B2JPEqfDPwBQnuyrgcDrPx3dfghY0SKUdSeUJWkWskXz_&xkcb=SoAx67M3jA76IvTCVh0ObzkdCdPP&fccid=ec34037a9c92d805&vjs=3
Machine Learning Engineer,Amgen,"Hyderabad, Telangana",https://in.indeed.com/rc/clk?jk=f19d076e0c925582&bb=0yFN0yDmIeQes4DuWHG9o2sFGzQ4ofnosBc0VxdlmQ5LBOrEvj6wjCS-rujliEDttxdn18AjYEAbxyr7jh0A8VU3DZ6PlsliaNGFUAC2_QH_xNXqqlC04bCMdCkN6H-PUGALVxRenHB7136ukBoiIw%3D%3D&xkcb=SoCm67M3jA8dUEzCVh0AbzkdCdPP&fccid=ec34037a9c92d805&vjs=3
Machine Learning Engineer,Amgen,"Hyderabad, Telangana",https://in.indeed.com/rc/clk?jk=f19d076e0c925582&bb=9POcATjFhUaOuyMOGZkuUKz9K9DZU61ynq6Vn02lNz4geeaCt08F0de3F3e1xcuhuMVsqoeUt8IurSwK5RqGLq3IjsQ5Tr9rWMF5oL5NOCvXVAeny_1AdsdHL_r3Ysbd2iURUfDgwCeXNOm6cazCyb84GpIVZmoA&xkcb=SoDx67M3jA73XJzCVh0MbzkdCdPP&fccid=ec34037a9c92d805&vjs=3
Machine Learning Engineer,BIZ-METRIC PARTNERS,India,https://in.indeed.com/rc/clk?jk=c8adfad80d84e9a3&bb=-hVIZrT74NvMvaeZ15EGAzEJzsitOSNeJUZZUANwb_1cb8J9lXuPHUGT1dExOxWoYhovOeXpCXRKRsOg3u4nRqS94AvIT8VNX_b-pGckHKybkwinTOPnTdWJxWffRFh8bfCkAHD2crvynje19X2vM9JCSf_nCxbK027mQwWwt8I%3D&xkcb=SoAL67M3jA76IvTCVh0IbzkdCdPP&fccid=0ed67941959bd3c6&vjs=3
Machine Learning Engineer,BIZ-METRIC PARTNERS,India,https://in.indeed.com/rc/clk?jk=c8adfad80d84e9a3&bb=0yFN0yDmIeQes4DuWHG9o3uHI0VI11smYZtt0yK_3WEQ3JgXPxRaSwiY58MQaqhk5l27uKfI6L0Ozma_joyaPGJSR5fT1nBNn6S7jioVKVQJBEPi57bV-VEGA2EfyNCeiiKeIHv2FBC59PWiOzSJxw%3D%3D&xkcb=SoB167M3jA8dUEzCVh0JbzkdCdPP&fccid=0ed67941959bd3c6&vjs=3
Machine Learning Engineer,BIZ-METRIC PARTNERS,India,https://in.indeed.com/rc/clk?jk=c8adfad80d84e9a3&bb=jVMqEyuzusFFjkRTHYWrEw-3Vk5ocxEt2phfdHiwse72LqXNSJyQDB4hPh_N1kkjojSmMNUxDJVC6w3ANYJCWh1MWp7ZMoWnExmCL3Xq0iOZX-bYXDbwEtSbXNMOKk0JldR-7-jlyzKfikEH12RXAHDhVvssJz2fbq1GqSn32cE%3D&xkcb=SoBx67M3jAt9p9zCVh0ObzkdCdPP&fccid=0ed67941959bd3c6&vjs=3
Machine Learning Engineer,BIZ-METRIC PARTNERS,India,https://in.indeed.com/viewjob?jk=abcdef0123456789
Machine Learning Engineer,NielsenIQ,"Vadodara, Gujarat",https://in.indeed.com/rc/clk?jk=c3a237c4f5e29522&bb=lctUE6_6i4Vjs1OWuWHOYUQcxO5LWtQnJ5aPedOdZ0-gQYiUlznl1W-UPnH0bkQIBLJs-GH5ZInRObItSIkpkZBJsyhXPre_51-6vmufQe4GpP-5REbsBLPgLTot95Mm7eImyDT3g7j92eRhJ7ICKp8LWZagB0I506zJhrWmlAU%3D&xkcb=SoBo67M3jA70z6zCVh0JbzkdCdPP&fccid=c172deadb7fe7cb3&vjs=3
"Machine Learning Engineer, GenAI Technology",Point72,"Bengaluru, Karnataka",https://in.indeed.com/rc/clk?jk=69143fd06d6d7d69&bb=jVMqEyuzusFFjkRTHYWrEz55tCsHZwOuh2EVzbfeAB9sDMAC-8Mo3I0NVrcCQt4pT69kNvWAlV6JyOh0f2X_w6OHkGi7tSU5W3frHlDrIiFfYQarw5154KvmeHAowP4uEO_Vb5H2uyi4vE-XZBMsjHBFRR7D-f6lDOnvLWTMVUs%3D&xkcb=SoDW67M3jAt9p9zCVh0LbzkdCdPP&fccid=f1d5ebd0db298201&vjs=3
Manager - Data Science & ML Engineering,Zelis,Hybrid work in Telangana,https://in.indeed.com/pagead/clk?mo=r&ad=-6NYlbfkN0CMjQd6K-mJQmnXP0NIaacqgU_ZnGMdJ3ZujbgiYs9cqb3DtnC5QIo5ZlnIk30BCeG1aq5W8vQc9W9LZxYjMd7kp_FicQInC5eCCx5ffHnbLUwAoOEx8-Qzh_5qWAfpIBswUDzUq5gaW0HFKJOPuMSDoIQJGLLpPSMJ8fhI3dhrtx5YEvF25BaX1j4xfy4Ga_-n3nGjsRYjTO6kxzbNx4tdVs-cgY9PMAJI8J6o_VijHBSxWdPA8YRbNsAceXbwQEJrc7-gPNfwzLrx3OgyRKqMBIrreTfHCV-a_1PQASt6eqmARPA7tC3p84urS7Or8gIEU8n6XyLRBy-nkBwxvvNQ313EyNLeHWGXO2dnP7PrqqGJySJswfqtL1yMOmMmxxsvPR37AiV4rMaluUCa3j3oEUUSbqxyG6T3lD2Rn77RV69-vV9DkYBLho7lUEbwdYhG-ttboLeowvOmi4rqaAYe3g4YIXR6RkXtCi58fZpm3Cs6nkUDap_G3DGisgjRYxcRsKm1641gSKopmsWKiCwTSY9ANCAX714zcO00Nkba-PXXgT7wl9ZPBUUfb4TuH60V26KQM1sAGL3qU4tfAgKegxSg6ACv_Wl3YWa52sUkm6c9yOEMSoI7suBL27ptTD4=&xkcb=SoDS6_M3jA70z6zCVh0DbzkdCdPP&camk=ethIe0s0hedhjE26FdisKA==&p=8&fvj=0&vjs=3
Manager - Data Science & ML Engineering,Zelis,Hybrid work in Telangana,https://in.indeed.com/pagead/clk?mo=r&ad=-6NYlbfkN0CMjQd6K-mJQmnXP0NIaacqgU_ZnGMdJ3ZujbgiYs9cqb3DtnC5QIo5ZlnIk30BCeG1aq5W8vQc9W9LZxYjMd7kp_FicQInC5eCCx5ffHnbLUwAoOEx8-Qzh_5qWAfpIBswUDzUq5gaW0HFKJOPuMSDoIQJGLLpPSMiW9jON3d-hYF40cES6XgTmom4mh0ln8M0bd6OF6DNKgmvNcM49y3lbQ8DM-kHD7opOscS3L3_1H1tVPPFTNlgl_-myTRR5mAx-huKkKQdDhSVp0UjYMEXa6Zc0o7iOeE9H_25tGtEwKietcNpfuV1uQlFhd1zVhbKhEe-qlnS9vSu7BVRl8lniXIHFO47cjcp4NljJef2f3soIgF1S2dQli6WiGyWZDJGGs8k9tYxt--Bb7zWyrQJ1eWf61zX5NAuA9R40oeyJad26iyq84OVe_gPsDZWh23FykX3W7xkv0thC2jA7l7XpWiZ8GvNFQz0rs7mKClH1_D9U_aq4TEs-VMqQEKf_KHJ9btArUTiUX4Tvzm2V5N7t4AyyvMtbiMdTh4N9NsAlY828FsX4id-jP4bIT_t106OecJ7j4DV-ma9HnMWV7bX09s8z7D7OCLwhEGhBCcogJRPCrtJ-ZcwKw7kVVQmPBg=&xkcb=SoAW6_M3jA76IvTCVh0HbzkdCdPP&camk=ethIe0s0hedhjE26FdisKA==&p=12&fvj=0&vjs=3
Manager - Data Science & ML Engineering,Zelis,Hybrid work in Telangana,https://in.indeed.com/pagead/clk?mo=r&ad=-6NYlbfkN0CMjQd6K-mJQmnXP0NIaacqgU_ZnGMdJ3ZujbgiYs9cqb3DtnC5QIo5ZlnIk30BCeG1aq5W8vQc9W9LZxYjMd7kp_FicQInC5eCCx5ffHnbLUwAoOEx8-Qzh_5qWAfpIBswUDzUq5gaW0HFKJOPuMSDoIQJGLLpPSNITs5b4nisrMn64Rhf0CI27RJXgsAP-mvqmByL6WQz3BAyyFWdpnOzLj4x8BojeGdlOyIA_u0zHjrAiCUggNBKmEshRh6UtqwURww17F3rYkJ4oPwYvywga_jh9MZbwvnKVeWKdiqzewbVZo7cOIPXqBSWCugBAjluHT-hd1ZaQL9pmQT5sw_j4VH62L26uUwWuLSDcCdl6yrG3bzLxsyO3pxoKeM29JUpzPYQn-Falsx3pMP2WdljHtw_zSiOYTP8IaL6opMYU2xhS1pTbUy2H4snAKoKjrJJsemftvRVk7ziMl3kJHYkG_hpUN5y2iAo1FjqIibrj9ocjg5Tt42lZKniyr5H58NYySusc5rBE1XJll5owWyunno86QD1Dodn4P4Hl52AxpttzeuIKnuHp5QXNKmDYHRtvCyrNFva99nffxhDZjqHXenLtPGG3WECH7BvYpKt-ZE8-iUacdyn&xkcb=SoCr6_M3jAtqKCzDVB0BbzkdCdPP&camk=ethIe0s0hedhjE26FdisKA==&p=10&fvj=0&vjs=3
Manager - Data Science & ML Engineering,Zelis,Hybrid work in Telangana,https://in.indeed.com/pagead/clk?mo=r&ad=-6NYlbfkN0CMjQd6K-mJQmnXP0NIaacqgU_ZnGMdJ3ZujbgiYs9cqb3DtnC5QIo5ZlnIk30BCeG1aq5W8vQc9W9LZxYjMd7kp_FicQInC5eCCx5ffHnbLUwAoOEx8-Qzh_5qWAfpIBswUDzUq5gaW0HFKJOPuMSDoIQJGLLpPSOHAjpFpWcxofu8m5_fkP_9fztYEkcDALyWwy3kH8-o2BWQL6XKzx7Yhq2Khkme2eLQc_yNG4MRb782Scqne9N-YiKU4Bju3mXaCccb8B-ynr_MpEhf9QxCQpAtyIcSvCQGfbzzcXF4XdbPhn1SCIy2svfxdnv1khOmj3jzCdudNyDwjJq2h-lAzYwnCnk1W-fC3bQ820LOh7TBgWqF_G6gmD5gfxbxWToseedB2J85dQA1VPgHezUg-BRzfNrKmzgSR7H5f51_l3nR2YVSdmJsHYrJSjJIpjwshBVfuuKBvlN_721EQjbJHHhKlIWK-H0iq8D_lbOWPS-WG0Q2huxNUKZdDjkiOMMjAVr9sq-28hmIT2fJsRxuzy2Ywq7i6jDTOs1aak1n3f9XrF5IVaFy4f-OU1sTuLBjETJM-p3vEOXLFDjKQK7In_6pbl75y5R8gUYKkmQXA8KdPi032WET&xkcb=SoDq6_M3jA78Y5TCU50DbzkdCdPP&camk=ethIe0s0hedhjE26FdisKA==&p=8&fvj=0&vjs=3
Manager - Data Science & ML Engineering,Zelis,Hybrid work in Telangana,https://in.indeed.com/pagead/clk?mo=r&ad=-6NYlbfkN0CMjQd6K-mJQmnXP0NIaacqgU_ZnGMdJ3ZujbgiYs9cqb3DtnC5QIo5ZlnIk30BCeG1aq5W8vQc9W9LZxYjMd7kp_FicQInC5eCCx5ffHnbLUwAoOEx8-Qzh_5qWAfpIBswUDzUq5gaW0HFKJOPuMSDoIQJGLLpPSOSo2k3aE47sXkPW-EkqimjffLbpk5vEx1LPTL4kOOV3UZLr7Rs2EtljpRWLPI0DS--MbUfA-udKpkf4JJBuJNE5MiX-EQNS-j_HeX6zpjTYFTDU71ltz0gIcV1nlzNwoEAzj_r4oAXBBsfT-F_bhvp_31YQRw7EfMqNjfNXymz0ueIzq9Hcw4VXlPfAwcWUBSi0zl3syZP_vzQVFYSDUsEXeF65HOdAES0OzCCktz_dt72mRPZAXDtAw-cnd76_rZERpa7iy77vQtoZJSl9T0lbuG7BvKYydTt8T_tWNRCE5HW-jVyNvsvj0GsYByki7LevJdJHWWSo_p1rBfokhZN4SZ6b8nseTq9iL6jL76NYfxT4YfwNjpQtiUqRoj2qi3imPmKxJKOuuEjhvkyh3Xn7noIJBCDTD3Z7qJoH_-GNJEe7wQtSlC6CCcpEo-fh_N_ofPppzjnF7biMZcYAlmG&xkcb=SoBn6_M3jA7h1rz4kB0MbzkdCdPP&camk=ethIe0s0hedhjE26FdisKA==&p=7&fvj=0&vjs=3
PYTHON DEVELOPER,dJAX Technologies,"Bengaluru, Karnataka",https://in.indeed.com/rc/clk?jk=fea6264513834932&bb=1gmmV7hyXvG9APhXzQTSfQp2aGoAEMg45RCrtYPs_yFu8UvX31DK_jMcXU0-GSJICTZkQbJfsZeKVS4xYv8JEmYUpA8YcD3Jps2Z3tOMoeLwJh83-n92ETw4IfbiXtR9PxRzwgTFyNZfmweB2ZjKtQ%3D%3D&xkcb=SoCP67M3jA5Gc2TCcZ0FbzkdCdPP&fccid=5abc3e3e8df1cbda&vjs=3
PYTHON DEVELOPER,dJAX Technologies,"Bengaluru, Karnataka",https://in.indeed.com/viewjob?jk=789abcdef0123456
Principal Data Scientist,Continues Intelligence Lab,"Bengaluru, Karnataka",https://in.indeed.com/rc/clk?jk=db261f9c5921f4ff&bb=M83dw3BgmJtHU7Dei3WurPO_jPNF4MiB1RJmK9sm9KWLl7w3jC6gNUwo9-TlsOFJQa_9gYXAYipucz3SNI-MV5S-AK-B0MPL3NFkbq89DvOq2w_EeSTTLIyZf-PjY9P1Q4X7LSCSXW7eK44neUIcvQ%3D%3D&xkcb=SoAp67M3jA7_OkTCYp0JbzkdCdPP&fccid=fb880c6ee0681323&vjs=3
Principal Data Scientist,Meesho,"Bengaluru, Karnataka",https://in.indeed.com/rc/clk?jk=2cf18e8f8e60e528&bb=XbERbbPy2qSIfOLjgbo3XzgQHytkE91RPSPke5zZlr4YAJAsW1-LKICo2GPrEtdMOgIzD_kxhCS2YMOOlXDmJB0kCtPFG4rugDB8ogYZk4B_vsLQ1ncbYeYkBRjFPmIVVIOBPbtgcjTEfPwTZN9Pbw%3D%3D&xkcb=SoDR67M3jAtqKCzDVB0GbzkdCdPP&fccid=a07125726ff9e55d&vjs=3
Principal Data Scientist,Meesho,"Bengaluru, Karnataka",https://in.indeed.com/rc/clk?jk=2cf18e8f8e60e528&bb=k5C0MGW7E2ofX_ABdA8wBgZC20Lk0Gz0poBi0bTBIf-7V7dt9Br2kNDQvGuLNFRguuTOlMNgB54-farpneTiOOl_l3SNtbsZdc_DamRCci4bvk9MhTG-JjBsnIH1W8xtTiPOsDsOhFfzrZrLLve4aQ%3D%3D&xkcb=SoBp67M3jA7h1rz4kB0HbzkdCdPP&fccid=a07125726ff9e55d&vjs=3
Principal Machine Learning Engineer,Mr. Cooper,"Bengaluru, Karnataka",https://in.indeed.com/rc/clk?jk=b113e19feaa033cd&bb=lctUE6_6i4Vjs1OWuWHOYYgT9Rh8wuGlzkfnKIXzzfaL6CfskzCSJQ5OcopTg7ravqlXaYbrMmp4VL5FiC1t_EfsmTyvCHwca2cwyukfgxdx9TXUdNX19iSBQ3NS6Q_lsbiFhRn-RXepDsxSj6PNopZzowY8omWr1qSdj4j8U6c%3D&xkcb=SoBS67M3jA70z6zCVh0PbzkdCdPP&fccid=31983fe75ad38002&vjs=3
Principal Machine Learning Engineer,Mr. Cooper,"Bengaluru, Karnataka",https://in.indeed.com/viewjob?jk=a1b2c3d4e5f67890
Principal Software Engineer,Empower,"Bengaluru, Karnataka",https://in.indeed.com/pagead/clk?mo=r&ad=-6NYlbfkN0CyJmwgmcHBoUwL-M1HuuConG52jHt21OR0WSEVXD54SWSUdQ3Cqs6QtS0hX4i-SzieCeOtHQymFGTAZvCLXjwCzhTQdSs9TY6ENc6aIJBhD82vvWbzEa4QaAnfSvmm-GBHom9moibWr7EpzmzRhHDzUbx9ZDGCxIpTp48MKpTyb886HpoUDzZG2PrNulu5ecy0FhDOaQxBfR8VexpZ0sG034higo9IcuEzKoa4Brqe99A6PELZL0ijlZQh59rRgWzXdefGUOzELZKxb-Vd7m7yVLHHs2_fdDqWZsRr8lGGnL_vpA3Zb0h3JzM4X64AT3RD8svRjfgPxfzsJsM4_nWraRzjq2hVtok6L3T0_ZZoGcQnqs5M9IwT1_Y1QAsTAWzEXkszEhLcD35a0QF0zEc1AhasvZrErY7eQMR6VgNokCWEI_dhZSmmtWphV0Q4_rIZi--_YgBIT7eCsxHaRW3lllioZp4vM0_JVIZi4qbcBaEOqIi7W1LJLuSeVZFEq3N_e_bEGTLu17NE5nYAC3QSXwBkfXVENxbwbQcJQmzb30TgKn9vrTjUqw7x3egQaCw709RxTc_g0d-QrPSx48TwIXpS88jk5B5ewIXp0LQSzbcbX1ihzgX5JPwmNDBVV3YH216d3Q-H596LbuBnwQacyFS-d_ddkM3iym3SZIiBoZNxhUyiV1HpnOZQFoBDfZTPzXA-ojEAHeQND9qchbezzUk1upHbEyinLbtXMhDAGs9TxoJ0yE0eMue7OpHcfhtDD2xsoMRSPg0GAK3staDxmbF2AeMlcuF9z8-i-B9pfg==&xkcb=SoD96_M3jA5ATfz4kB0MbzkdCdPP&camk=UoKtGZLa3XLmuL0l7WR5JA==&p=7&fvj=0&vjs=3
Programmer Analyst - II,Jabil Circuit,"Ranjangaon, Maharashtra",https://in.indeed.com/pagead/clk?mo=r&ad=-6NYlbfkN0CBhcsyc16pBM3UlDlRqSu1LzK0zlw24aQg1eNcHnd0xl0z3E_lCzkklpB5y4kc85L8BVEefrL2m1xL0XaD6GdKUAuxvO59QcsXyqzDRtccfVmFwRpIXqYdkJtRBKN3z6cUz-uc69AuhKlF9HFWK2zBzZQkPiV89qhQvZeiB20xX3GTkglcn27GJaEaygNgqUU_IaMztt8H9QoWFg4UegXAQbDUBCSRxod8tkDOpyaRU6ZLW-FWeIJFnC-FaB2DpBzWG5vACFzIPaBTF8f7CI_mQk5Gy61DEFilFXyA2SF_gg7qWV3BI_PPmS3Zgts13HKCvBlvfOIo6vBKa-DmftkKU42UOhvr3nx2pKzC3M1dd7-KjZZ9boTfpp9OF1C5AP3aoamqygIVM_xT49ldwk4ZVigG33yWYQKCyPDhx7nrnVWBrZ54osPVgyrOt9dKSpMrLLTZ02FAci3jJhrZ2hiLZto1JpKGPvBd4_66LlywxzTp-fHakARfKxfMGchotEVKIGhXJxBhNkDVwb-izpnh14SvDeWONYc1bwP4dMYL0KLbDQuARe6--8IIq2JRf6z1pZWn5CKurn2us0nawKOETNFrNqn5en3nAntnzozruXO1Qmily9bxvf2-d3CMNHOspjA3w4AypmXitR-NpFGdPta_LoOWbOLweelkJoK9Hc2gWSSCSKLPhLkbsX-YhrELxmKNpCUCvnXijflFbioiI03_K1oyksdgIgJ4wdVsegf1U8u_WcNa2NVPvGDPh2SWeZ3e7Q9XoJhPiNzkJyPUOdcK4qISHjwZyr8S2pcT4Rpmn8CNqUByElsALI2CmLuQ9mwRUfmyjKOEAZk6ldyy91v2MjpqzEDXiDC_B5cnLkUhw7DyPzPGdk1IA9dkbJHHnkl82Y9YNDbHfv3lYWWq1sA-S21V9gxsf8jGBIchXzFP8pEVkVsM5C4J5ZzFwVLtI_xgkaCHiIRTFpKchacPcd_KPsi9rEgAa4fNGJAQsYM0VJiSi8JbBAzvqI3E6yt6DImLcvO_V8eMs-EBwK2Q5udLSGb20vEDskwWWivIjXsJcJqA2AGU3LTYXNrwCI2CDiO0Ix0xK9a41F5mht8ScVzfHaj4Bo1PC0_JJmy8zbrBItV0bSSkzsaGyjKJUH2DUspKzhBYv5WaFHTCSS2zFYSzmLMwG7YAEBR9_q6PE5C7SI021V-8-sPhmsOb_56-DekCk9IGc6NpSL-ZzFEYk3IEaE3OcW7pfCvmPzBvgfS2T0dpokdZbn0GTUOIBsK9paF5cWRPmFdI-Gn1eedpVY2IlGkoRfFM68Zz1Q9_udVDTddztYCXB0OqfH3zi_JgP0PvVcnGiwhmFDnYEFYlTqAqIUBxZRtnMOYvfk2-dZyb9AX7cA7Ya8chCgkOrjn3KYQwOD7wfg==&xkcb=SoCQ6_M3jA8Nk2zCTB0NbzkdCdPP&camk=UoKtGZLa3XLVpA47WfwpIA==&p=6&fvj=0&vjs=3
Python + AI/ML Engineer (F2F) interview,Comspark Innov & Infra,"Bengaluru, Karnataka",https://in.indeed.com/rc/clk?jk=8db925e337568e73&bb=lctUE6_6i4Vjs1OWuWHOYSbKHF-_YkA2EwIJOPnKWmC9BuO0rM320Hcvy8OLZumdiINO4z2i7ZTmO7z-9Vx7ErF0P-fXjS86lGZ1BUfiJGxZx9DSvBZcf7zU0ahXsSuVzHfFlKc0amposiWzuPR3_oOlKCvoYQVCrirxfBRTCiQ%3D&xkcb=SoBB67M3jA70z6zCVh0LbzkdCdPP&fccid=546c20da0e9fd15f&cmp=Comspark-Innov-%2526-Infra&ti=Ai%2Fml+Engineer&vjs=3
Python / AI Developer,Arting Digital Private Limited,"Bengaluru, Karnataka",https://in.indeed.com/rc/clk?jk=34adcb0f7fa143ec&bb=T9GCXEjXAJw0p9hyn7bHE8HeFIeKCFOL_P-pfEWyiSI13hxTdPFnikhd-pDWPr-AkieGh8Uge0esiw3UOOingWpKT9trvHD_YVKzu1lU9Q2BMXwOM4VuVD_cFYcu8oo93k2eaEyRjnyefVtwyrfU7g%3D%3D&xkcb=SoA867M3jA8IIbTF0B0ObzkdCdPP&fccid=ff83a77d49f4c310&vjs=3
Python AI/ML Developer,Desirous Global Consulting,"Mohali, Punjab",https://in.indeed.com/rc/clk?jk=0efc544dc202dbaa&bb=9X5hbbuO0PJPei84EIWZAv9BqS0eU4Lwl4nua8CMpP7KKzZLjy1-r3H7JInKPKnFtCPMu1QpE4q2_0SKN7A1HEVyexe3Q8TctRRSVrSN9p7N4oBi21EguOIWqlbFR-VeshJLgte8ANCPjQD-VSc2ag%3D%3D&xkcb=SoBW67M3jA8EXpzCVh0IbzkdCdPP&fccid=c5245f5d1bd1135f&vjs=3
Python Data Engineer,ShyftLabs,"Hybrid work in Noida, Uttar Pradesh",https://in.indeed.com/rc/clk?jk=b1c680b741079237&bb=voLhjhX8i-cbN2hWffYkQz2XpujgV9zl_rzBhab4LtrJ0YT5RNQNHwk4kf25vVEc41FVcnTOLa2EfhyrWAaMDhpg5OLKUTQTk6bm20GH5pzkzOjEYNS2HNDndbwMTvAqRGId1K1fNJS4dtxPaYeNYA%3D%3D&xkcb=SoA067M3jA8Kn4TCT50BbzkdCdPP&fccid=2d1ea5cfea74cda1&vjs=3
Python Developer,7N,"Bengaluru, Karnataka",https://in.indeed.com/rc/clk?jk=5254b9f4d2f566b0&bb=-FPsCK7Euvkt2uCQ6vTYBoLBG8DEkth2WowdxQ3Ko1cLRnTfd-uXHyzKpyoaEN7Wa5_aHVkr-ZQW84vhLVP5Pmb5z7OJWfnYDZ01kngBFGW1c04TkcN72K7fMei7rk_VKzd-lsCD6aqgg0YNDokDug%3D%3D&xkcb=SoC367M3jAt3V4TCU50ObzkdCdPP&fccid=050cf6e1fc6835a8&vjs=3
Python Developer,7N,"Bengaluru, Karnataka",https://in.indeed.com/rc/clk?jk=5254b9f4d2f566b0&bb=T9GCXEjXAJw0p9hyn7bHE2S8so6E_GkRzPEDV-8oO583I8mjpTUJV5yr8wD-iSXtPE2yPkrEUBrzjrZsMRFpY2HRVWp5OnhCuhWtbRdFIFQKy0Stx4vqSOKWPE6BOVy_rBIlMKEE6FNoYOjZOkyOhg%3D%3D&xkcb=SoAG67M3jA8IIbTF0B0IbzkdCdPP&fccid=050cf6e1fc6835a8&vjs=3
Python Developer,Appsmediaz Technologies,"Ghaziabad, Uttar Pradesh",https://in.indeed.com/rc/clk?jk=08ff4bfa08791099&bb=-FPsCK7Euvkt2uCQ6vTYBj9MaMKfnDK6N3yv1XZQsbjYatw3D8ElnY1N0d3zgxNJLhRlspSTSZt2UrxoequPQE0LSiJJMiizDcO9fefx9BY6YxJhc_8rLF8dgpkLoJtQIr2qMMHqQyHX-iL5o7JgRw%3D%3D&xkcb=SoCN67M3jAt3V4TCU50IbzkdCdPP&fccid=079117faf22f05e7&vjs=3
Python Developer,Appsmediaz Technologies,"Ghaziabad, Uttar Pradesh",https://in.indeed.com/rc/clk?jk=08ff4bfa08791099&bb=T9GCXEjXAJw0p9hyn7bHEwowx1sAq10-ZyyXsiRbP_p10ZzilIZoawZVdD74PeYfHpvgOemWj-rXS9djw2pEaLL1Rw3sWWTXU6qjymPW1xnI86Fy_KK4r_GsltNMf9DnymYuuU_uZDNLcXKKki_O9g%3D%3D&xkcb=SoCI67M3jA8IIbTF0B0PbzkdCdPP&fccid=079117faf22f05e7&vjs=3
Python Developer,Carvewing Solutions,"Bengaluru, Karnataka",https://in.indeed.com/rc/clk?jk=da83eaa7b804a773&bb=1gmmV7hyXvG9APhXzQTSfa3ymmYhYmUIcoKpkXqHcvEvPjAj8QJLvR_w5hOxDPzmwSth_9cUAwXdhegWjAZWNfV6I3HqcaiBQAYrocSZnuVJ0VZ6fveg3Q59rjTPF3uP87MFQYfw5BCiZ9RQWC9HLQ%3D%3D&xkcb=SoA767M3jA5Gc2TCcZ0EbzkdCdPP&fccid=8409cef8d733af39&vjs=3
Python Developer,Citta Solutions,Remote,https://in.indeed.com/rc/clk?jk=cdf034b3c404f489&bb=1gmmV7hyXvG9APhXzQTSfZfm1nXmNqI1t8vjztBIS1RKa4vwDyr36zwsm8qS6qkc26K9ZxdN1QyIyTXllg2VlDvlrfSY5azy-IVoTx7QYqGRFF1g1XEgyYk24jz3HT4YREVpGlWTnUBdNwX_z_gS0w%3D%3D&xkcb=SoC167M3jA5Gc2TCcZ0DbzkdCdPP&fccid=b07410713742fee4&vjs=3
Python Developer,Dinero Software,"Mumbai, Maharashtra",https://in.indeed.com/rc/clk?jk=32ce9159ce154040&bb=1gmmV7hyXvG9APhXzQTSfRUbHbiDQE4DgCkd4GqgcgFSOgVoFdQ6uz76r3294oZSHaOSWntnPIkWR5zwYnuALDpocSBk9mQPazvV_zTWPIMdGoYkVd-qdFxk2L6sycbmgbGJqZAHGEpuCPhDiuSdDw%3D%3D&xkcb=SoBP67M3jA5Gc2TCcZ0IbzkdCdPP&fccid=b921c3766a5a307a&vjs=3
Python Developer,Doxper,"Gurugram, Haryana",https://in.indeed.com/rc/clk?jk=22ed954051cdcc5b&bb=T9GCXEjXAJw0p9hyn7bHE_MLcP33tXN9dFkW5VunWxeS9psYdA9T3I9Qmg4s8VPgnlypcJdYCPtb5NxPZoCTROBkhTd3KBjL7rtQo2xtb5Z36G8zFUhKS3tpdyvX2V9SagBkU821uneIoFpm3Kp0ug%3D%3D&xkcb=SoBI67M3jA8IIbTF0B0CbzkdCdPP&fccid=855584bfe2e074b8&vjs=3
Python Developer,Hashstudioz Technologies Pvt. Ltd.,"Unknown, Uttar Pradesh",https://in.indeed.com/rc/clk?jk=3d3c0cae120a515f&bb=-FPsCK7Euvkt2uCQ6vTYBjl5g3szoXblqeqXrCGLhidcpv4q3ZIxLoDrraimzZ5Uj3he_3Ut5gSPTvBF8ykvxCuoDF-2TwshNvDmpG1H8sPDmdWB0sI01xmZbd1eb3_d-WYGOk79nmrT1RTM4Yupyg%3D%3D&xkcb=SoDq67M3jAt3V4TCU50AbzkdCdPP&fccid=c90b199ca4defef0&vjs=3
Python Developer,Hashstudioz Technologies Pvt. Ltd.,"Unknown, Uttar Pradesh",https://in.indeed.com/rc/clk?jk=3d3c0cae120a515f&bb=voLhjhX8i-cbN2hWffYkQwzJkqhu06VUdAzzw9vLz8TFU-IB3QSy5XQ1LN9Oq_lCjU9yXmVscjPY6NnkvSUAaGCLUnD9x_n604QaA32V3TtvH7nfibkxLgN5OKyUznGVPQ1am2RC_XiDZxp5x_tfeQ%3D%3D&xkcb=SoCA67M3jA8Kn4TCT50AbzkdCdPP&fccid=c90b199ca4defef0&vjs=3
Python Developer,Helius Technologies,India,https://in.indeed.com/rc/clk?jk=ebd5952fbee2e868&bb=1gmmV7hyXvG9APhXzQTSfepP8GqqMtMFshyuFTe5lwdpCyReO1YcPJXezJcMQ1N-oduE0sZ1jv7JuqehREmmm7mWPfOV7thjAlQW7hoTegY0QSgNo22f5tgCeeFzZo8V6sXafU7rDIB8vJKRb45BcQ%3D%3D&xkcb=SoAo67M3jA5Gc2TCcZ0AbzkdCdPP&fccid=b3282c125f18e0c0&vjs=3
Python Developer,IMPRONICS DIGITECH PRIVATE LIMITED,"Unknown, Haryana",https://in.indeed.com/rc/clk?jk=7eaf35d626de4f1a&bb=-FPsCK7Euvkt2uCQ6vTYBpQrx3UKgtVz7HxTAtQX_cQhoUsQJTW0MEYmErRlQQ9MN73yTn89mC0T40lQ1Uo4wo6wvPNnprGJ--A20blJF6pDr6XpS3Vbixl6f1F3JPHr6mKkb2C3EPg7KvF8vEcUOw%3D%3D&xkcb=SoCk67M3jAt3V4TCU50KbzkdCdPP&fccid=a53930cac481aee3&vjs=3
Python Developer,Indiassetz Infra Services,"Bengaluru, Karnataka",https://in.indeed.com/rc/clk?jk=8889cfcb4941f7dd&bb=1gmmV7hyXvG9APhXzQTSfYu0Zkem1c8f3fHd92kx4HZ08gYLKTiF9wve8J1WqFMiGHsVECj2IbbA1L_0OUSAWh_qSoJUyW3opiBOSErXGXHmlAQ6me8qgUULaUIwnQa4Nkcop-6La6SBBoVwrbmXGg%3D%3D&xkcb=SoB167M3jA5Gc2TCcZ0ObzkdCdPP&fccid=69aa728724137b7a&vjs=3
Python Developer,LOGICHIVE SOLUTIONS,"Puttur, Karnataka",https://in.indeed.com/rc/clk?jk=465ea93252c4f04e&bb=-FPsCK7Euvkt2uCQ6vTYBuIbxT45Z8hdQgvErpyjFbdWP6uT8ckFlOuPQZp1Fz2io-mIRPkEOZoE3osIxx8V2jFNP2ZhNEM8AlaGg8sktOW3pDzCeGuPcexdYTfsFtrrN6JzZ2fycMQr1r5lniq9gg%3D%3D&xkcb=SoA567M3jAt3V4TCU50JbzkdCdPP&fccid=af45d38d89fc15b6&vjs=3
Python Developer,LOGICHIVE SOLUTIONS,"Puttur, Karnataka",https://in.indeed.com/rc/clk?jk=465ea93252c4f04e&bb=T9GCXEjXAJw0p9hyn7bHEzXtm0-qpY3rIHBO72pke34rcBv_1_WFck-fNuLLlNSlQokwuTF_ChOCeGthKuJDiEXvjlTzMA_TrIin5GXMxqczS0EuBVrUhJ0RONxnd882I5_880ZKM1-b-K3TNG0haQ%3D%3D&xkcb=SoAv67M3jA8IIbTF0B0KbzkdCdPP&fccid=af45d38d89fc15b6&vjs=3
Python Developer,LOGICHIVE SOLUTIONS,"Puttur, Karnataka",https://in.indeed.com/rc/clk?jk=465ea93252c4f04e&bb=voLhjhX8i-cbN2hWffYkQ1Pvh6o-2HK-bHL-VuFLKVtyvQUFaGVgxc9vOrXe2Pi12TWPuC85519kVkYkhhou8RzvjMhI4M-pscftyRCK4iPAO55HtwsvbTObJNZlz6psBqtNEuvRioZwGFiJeACCLA%3D%3D&xkcb=SoC667M3jA8Kn4TCT50GbzkdCdPP&fccid=af45d38d89fc15b6&vjs=3
Python Developer,MNJ Software,Remote,https://in.indeed.com/rc/clk?jk=7a256848ee20db31&bb=T9GCXEjXAJw0p9hyn7bHE_Opdawv_8Nnfz9eEdXfzRihiMw8mriTzVTHzMigMTg1cWMI_GQyYGUC12gFJW7nqG1LDvZCxjqLqGDKYv-jQplxMXzQTvrwxf37l3xiuvH2J7zYc-ASodxGRnCGgTaOdg%3D%3D&xkcb=SoDG67M3jA8IIbTF0B0FbzkdCdPP&fccid=eed7c45ec44b6a0b&vjs=3
Python Developer,NSOFT,"Pune, Maharashtra",https://in.indeed.com/rc/clk?jk=081d917a41f31fb4&bb=1gmmV7hyXvG9APhXzQTSfVimC2VkVvndaEb8BH2j34JM1fg4EViv8bFZRbnyAQejBUiX13WxLiUF2AebCNn76qoscU1eTvDGO8-8KTTXQkek3BUu5K8s9GVQ7ilbqM7QVWWxJFUo-v-UtmvyZr4dpg%3D%3D&xkcb=SoDB67M3jA5Gc2TCcZ0PbzkdCdPP&fccid=c313a209e4d305a7&vjs=3
Python Developer,PraataH Business Services,"Yerawada, Pune, Maharashtra",https://in.indeed.com/rc/clk?jk=51e1841ab52eceab&bb=1gmmV7hyXvG9APhXzQTSfdn0tyqqYlVw_upFh0AucdQ5jhl5jPhaKbcYKRC-fDA94C6clOOGWzgkLYrswyT8r4cvnerj3W4s-IngBzhTo-JQH7krfceQXDn_Kk8CrErEsf5sr09eHWCtIlhXGHWPWQ%3D%3D&xkcb=SoBc67M3jA5Gc2TCcZ0MbzkdCdPP&fccid=57c19e8ee6f6ac57&vjs=3
Python Developer,Pyramid Global Technologies,"Mohali, Punjab",https://in.indeed.com/rc/clk?jk=bdde8ac0d5052831&bb=1gmmV7hyXvG9APhXzQTSfboxfrIzCdulohXFqvewyMPcOmbmhwPjYtaAPU1HHaQqMyo2c87Hj2OMQDPlvAUurd2PcS5ze1TVFIZw4hXRFqC5_NPp3uG49bBUrJN9kE7KXYozrLH3i9AEK14g3-D6cg%3D%3D&xkcb=SoAB67M3jA5Gc2TCcZ0CbzkdCdPP&fccid=00d4d1f9ab402961&vjs=3
Python Developer,RecoSense Infosolutions,"Bengaluru, Karnataka",https://in.indeed.com/rc/clk?jk=1a7d9b1ec4c45c9c&bb=T9GCXEjXAJw0p9hyn7bHE-8EU2AHaR4fe_Q2shcw171mGTDvnj6rAb8nksnKKGHMxz9RUwxLmKb3oKsIRBV4LTtCNbW5VCn-MB7XqsRBrQM8oPOl0Ih0Jd-NFffPeCpHlEI7volj97H3vu9gOObYLQ%3D%3D&xkcb=SoBh67M3jA8IIbTF0B0AbzkdCdPP&fccid=74eafa0c29bc9727&vjs=3
Python Developer,Reward360 Global Services Private Limited,"Bengaluru, Karnataka",https://in.indeed.com/rc/clk?jk=ab65183b87776017&bb=1gmmV7hyXvG9APhXzQTSfbDPVR5qF-SDuXXUewn2li7n8BAMPQZX78a5dEFJDT82NkW6oCom_avhcqoMgan2Z27Ppiov_zpmohWibWkCD-dKQ9dI9Uz0i9viuuNuEUZP4R1qbXCnThskgcDQP4NuRg%3D%3D&xkcb=SoAS67M3jA5Gc2TCcZ0GbzkdCdPP&fccid=a6235191e3da93b8&vjs=3
Python Developer,RuleBird Byte Private Limited,"Vadodara, Gujarat",https://in.indeed.com/pagead/clk?mo=r&ad=-6NYlbfkN0A3SBjzVAf8jTk05d_-nBiV5jJ-565Da34QOazbkr1TI3W4q2j48QKWdz5M-6G39nIaJZlyQF-Ri5_01fQqM-pts8R9XVsycOkq3AtgOdTywxgdEs1V9V-MT0gVpoeyl1dfEct22UF-pR6buDt86oMSEsFt9qlsgnuEr0GDu6Z9zYVB0LEPH2XsefudWmh2M7Mp3VV8SG17Xgfc-79UIz0IupC_vEZUFOjRMNFTAaZVRzzD9YbqQAqbyqk-qX2amiF9BZU8QKDQ82L_xqmQ7ZoC6wdOF_EG6vZGUbTRJw7B2ZBpD5umIX3nH4zVMnpPDsHE0eKTtJqLsLyL6S09cqlyoqhcbwgh03v3qtFTHMwDTIMUQfGhulgINcsyvgVjauDhSwHMw6UYUl6E8TtrTr7L-15VetvtvBrE5UoZySP1y0EDW5yScVxvM0fU2le6k7LsRbNiA5mPRWoeQlB4NtY0ZvESlsVz5gtYjnmjXx_AXtsO2CZQ1Po-v8TPhWbUSlSFfd4EkBaq77vEylonT5M28Kq-tSDAlO1dEGTt1h7v4PewRUg4juMrtJsKkKdRD1BHo0V335catOm-Eu1tCkX9JiNeFPT_nH_1RaSv8Skou2q6WlXwWkyRsQqshl0_qbcozHkrTMTf0Ejo_evXLrniKshrruDvw-iso6TgpLkoNg==&xkcb=SoDe6_M3jAt3V4TCU50NbzkdCdPP&camk=C3EPSzFlQw_vz8GvMLy5Zw==&p=6&fvj=0&vjs=3
Python Developer,RuleBird Byte Private Limited,"Vadodara, Gujarat",https://in.indeed.com/pagead/clk?mo=r&ad=-6NYlbfkN0A3SBjzVAf8jTk05d_-nBiV5jJ-565Da34QOazbkr1TI3W4q2j48QKWdz5M-6G39nIaJZlyQF-Ri5_01fQqM-pts8R9XVsycOkq3AtgOdTywxgdEs1V9V-MT0gVpoeyl1dfEct22UF-pR6buDt86oMSEsFt9qlsgnuEr0GDu6Z9zYVB0LEPH2XsefudWmh2M7Mp3VV8SG17Xmhq-zev6gkdIA7ItGwbCJiT4pxQhM-VEY4M6DvKKm-yER5LMT8TobnkbMOU4dXXPJxQSrvJazt_gUvw42OaFDULwhWCgJtLFZSMugWlaTIp86GB861fJItsVwsSY7RwwwgRtTIQCuwLNY1K8fGTDs6KwGmuZeHyJ8kOC598POgkpHUHJrTTUKH6eLZl7n2YSgR3RcljuWKuipX2SxZwkX2K8zFfX9g1HdQ6BKvl_nWE2saTxsWH-iFPKmf_dn9A5HHcG25KE0-i8sMQ4jKca3BEhdtPCN2fjyisIR0K-T5MPEUMACcUaHh1PGlCX2jzIH_JiHTJzpvid6hlgLS7EJWRdyOfSMJEQpeItyS_A0OaAGwXzkInrn4Ccf36BFw-s3iNTTeX5zus-E7cqMiGpFqoUKSt0rDb_JMytdu24pU2TALrc5ToaRZKxlesynEJKPdvLSkHU39hFTeoGiWJXJ7I4jn1O917Mg==&xkcb=SoAF6_M3jA8EXpzCVh0NbzkdCdPP&camk=C3EPSzFlQw_vz8GvMLy5Zw==&p=6&fvj=0&vjs=3
Python Developer,Stellar Digital,"Gurugram, Haryana",https://in.indeed.com/rc/clk?jk=c983653636dd8120&bb=1gmmV7hyXvG9APhXzQTSffMQL1q9RP6_h2a1cSttCu_yzuYCKLgAT4Yv9PW25oeugOQGEwuHfNyZK87jCTdjarmxLOwgGB622sL2ORq9argv5IpugQizjTCqcV0D2vhBzgoZlv6JsDicPUJL8tHJ9Q%3D%3D&xkcb=SoD767M3jA5Gc2TCcZ0JbzkdCdPP&fccid=b183d88315206c36&vjs=3
Python Developer,Stellar Digital,"Gurugram, Haryana",https://in.indeed.com/rc/clk?jk=c983653636dd8120&bb=9X5hbbuO0PJPei84EIWZAgT7drfyIdh0SBLmzqth8rGGUuwGViT0bafRLBV-FJ7sH0vJRSorGikaRltu_cstsEF8WNi5ifXM6tEYX7TMbiKwFWqTSy73eYdHxdYjNElYZoB6x0nXw7F7oWPwj45OXQ%3D%3D&xkcb=SoBs67M3jA8EXpzCVh0ObzkdCdPP&fccid=b183d88315206c36&vjs=3
Python Developer,Stellar Digital,"Gurugram, Haryana",https://in.indeed.com/rc/clk?jk=c983653636dd8120&bb=S1i0O4WZ15ETs50sMEn39r84fIhzDSrt_kmfqVMdUVMyNqCWk0ZNnqLwPmyzUl21YpK17-NqfCD-l607DGqilRt-SAmr8tE-wy55wPyrPArWQlYAPZZ8GtAiaXGsbdmsd5L5qWG6bxfJ5Ynb_7Xqew%3D%3D&xkcb=SoCD67M3jA5I10TF0B0FbzkdCdPP&fccid=b183d88315206c36&vjs=3
Python Developer,Thoughtwin,"Indore, Madhya Pradesh",https://in.indeed.com/rc/clk?jk=918b15000f3f612d&bb=T9GCXEjXAJw0p9hyn7bHE18BVgbkEP3M17UTKNcJUjDpHvjcXff_JdnG1-Dp-n-48crE-Y5rnCwqJ4ipbn6IIqMrTbadXCSqCiKR4j0PSTPP2CPEvXC-lCcKKb0QCGS63YQZ6Qkp9vqwIoaKXbLdJw%3D%3D&xkcb=SoBb67M3jA8IIbTF0B0GbzkdCdPP&fccid=9e5d42f27a01196f&vjs=3
Python Developer,Tudip Technologies,India,https://in.indeed.com/rc/clk?jk=1cb4acb2ba15032a&bb=9X5hbbuO0PJPei84EIWZAtVq86Hb0ROmZguuwXtiM0Ypn55P4Hl5jQQrHRAI1egTNQO5rpzrlIk7fRxY8VtIQOEgC-vvjXjLnz_6hEQwGDZ5ano9a4yoh_jRVSnf5v6itMrMae3spysdCQARZ8IjZA%3D%3D&xkcb=SoDY67M3jA8EXpzCVh0PbzkdCdPP&fccid=5b033b8b3fe9a63f&vjs=3
Python Developer,Zenga TV,"Gurugram, Haryana",https://in.indeed.com/rc/clk?jk=722143d5e3a5ee0b&bb=T9GCXEjXAJw0p9hyn7bHE11GfViEHTe3PdQlp_Xq9wOytDf3y_2anFyrELQ16ra89kT-EiCw5HZHzr88BvKQiznK_VoDyDAVcG1UdS-rcEkC0vZW5pkGLcSBgFVKgPRPakld2YtUYNatrcqaI-y2_Q%3D%3D&xkcb=SoDv67M3jA8IIbTF0B0HbzkdCdPP&fccid=2ad26ca636f580b8&vjs=3
Python Developer,Zenga TV,"Gurugram, Haryana",https://in.indeed.com/viewjob?jk=123456789abcdef0
Python Developer,iTDAY India,"Bengaluru, Karnataka",https://in.indeed.com/rc/clk?jk=3da0faff473554f7&bb=-FPsCK7Euvkt2uCQ6vTYBkoS5TstHLeRADqGWFB4ebkyqNQNbbWPW1HcXOgnhWC4jtSxLhd76VDizjp4V_61qeiqM8tvyYGJ_-0_7AkUZrGsw7hY4emxS-M1_RNntD6_N0C_Jb97zB2Dfv1Lfp2DxA%3D%3D&xkcb=SoBN67M3jAt3V4TCU50FbzkdCdPP&fccid=13c2a34d9521c703&vjs=3
Python Developer,iTDAY India,"Bengaluru, Karnataka",https://in.indeed.com/rc/clk?jk=3da0faff473554f7&bb=T9GCXEjXAJw0p9hyn7bHE8oxhRJfyzQ_FHk603cZfumFh5PrLwehAFsUC4KfnFdivMYlupvhNhEGtpYvKFpxo5pWC_Zp8tHx4avFwH8ckjXdCjsRFrgTuU2auohJIywOqK0pk4vjnqAZoNuHlyuikw%3D%3D&xkcb=SoCh67M3jA8IIbTF0B0NbzkdCdPP&fccid=13c2a34d9521c703&vjs=3
Python Developer (AI/ML),Inheritx,"Ahmedabad, Gujarat",https://in.indeed.com/rc/clk?jk=c51453baf93e9bfc&bb=-FPsCK7Euvkt2uCQ6vTYBqfE37DgJifm6GTFeCr4i7M7UVZH5Zfp1i62OIheG2kVtrlIbH8bxFCnO_xykhWRncmTHpqKkyjlDP3d2TiA1LvsyyxLFrV3nW9WZewHiVIBRwDdc4JwSsilK1AdQsGR_w%3D%3D&xkcb=SoDQ67M3jAt3V4TCU50GbzkdCdPP&fccid=3a8169249cb1eea6&vjs=3
Python Developer (AI/ML),Inheritx,"Ahmedabad, Gujarat",https://in.indeed.com/rc/clk?jk=c51453baf93e9bfc&bb=voLhjhX8i-cbN2hWffYkQ0-5h9gHGlEJb2UaEccF6476wBa0pDcvEiC5J3OqgvTMHscM2w_DzHZXvTs_1XBSDDNb3u-mJjwN2zs90Cedr3YjH00muA087_epqFkAvpRRo2C3LvmCmSgn1yCdrSvQcQ%3D%3D&xkcb=SoAn67M3jA8Kn4TCT50FbzkdCdPP&fccid=3a8169249cb1eea6&vjs=3
Python Developer (Streamlit),InitiateFirst.,Remote,https://in.indeed.com/rc/clk?jk=3c201390b5835a8c&bb=9X5hbbuO0PJPei84EIWZAromO44MQxNinbwGu8ejPv0MJfob6bP682uU7Ia4UQX2pIwt67vbW8mTizBdTk7fmbQN4MCYc3M91hgL2DI2JtS1ORffzpMHmoTloo3vuUx8cZ-MGXgDbII27WGuOmytNg%3D%3D&xkcb=SoB_67M3jA8EXpzCVh0KbzkdCdPP&fccid=ccf37f6fd761ac39&vjs=3
Python FS Developer,Knack Consulting Services Pvt Ltd,"Hyderabad, Telangana",https://in.indeed.com/rc/clk?jk=0797908393dbc367&bb=-FPsCK7Euvkt2uCQ6vTYBnvWIl9fHVSHvu6JvlvSwdLt7o9orXneMpnVp8o9tQHBwEebhsm0G_ZgTA-sPH6G69alXlF_oHJ7Ecv8MorqPEwVUl-CHp87iuoJHN9CtVCXRbQoDJM8SYekMk6Jo-ceeQ%3D%3D&xkcb=SoBk67M3jAt3V4TCU50HbzkdCdPP&fccid=50b48ba13893b39b&vjs=3
Python FS Developer,Knack Consulting Services Pvt Ltd,"Hyderabad, Telangana",https://in.indeed.com/rc/clk?jk=0797908393dbc367&bb=T9GCXEjXAJw0p9hyn7bHE9qiKAcbuvm-Mpj-UcAYmuKG7blPypjnE9UX9_JE1QvRMsHLIMsK_4pVS-KOOIwM3mga-90bDjH-zGoAHWMwzzCvkbqx1pffTV7G5fauutaIL59jhfWAFUIeY7eMJ5hjtQ%3D%3D&xkcb=SoCb67M3jA8IIbTF0B0LbzkdCdPP&fccid=50b48ba13893b39b&vjs=3
Python FS Developer,Knack Consulting Services Pvt Ltd,"Hyderabad, Telangana",https://in.indeed.com/rc/clk?jk=0797908393dbc367&bb=voLhjhX8i-cbN2hWffYkQ0ptVMAs-KEj3qh97u3G1LFENOo97MhuGJtyCp-SFKab3ppYRvGJQswlUozTl1FcsHJ8700WAfO1S7qfwabVVK0zWOEIfIsg_cca0utEAyZI-Wv_vuGYz2HgFNPmAKW-ew%3D%3D&xkcb=SoAO67M3jA8Kn4TCT50HbzkdCdPP&fccid=50b48ba13893b39b&vjs=3
Python Web Developer,Onprice Infotech,"Bhopal, Madhya Pradesh",https://in.indeed.com/rc/clk?jk=e34ab78f91f28459&bb=1gmmV7hyXvG9APhXzQTSfQK711cz9LWtvv8g0Hxxa1EcWEdFdFzgFh9T_Gy2QzNM7e3RsQobFoPcujxXlCs_Cqvtzrb9Oqx5JlJHPN4FwbCrtF-lZGCs12QeUq5pYbCyiWQOUMUBS7KcBLwd9AbRlA%3D%3D&xkcb=SoDo67M3jA5Gc2TCcZ0NbzkdCdPP&fccid=05dc020b15e8589a&vjs=3
Python developer,BestPeers,"Indore, Madhya Pradesh",https://in.indeed.com/rc/clk?jk=1e760d92d87dfbfb&bb=1gmmV7hyXvG9APhXzQTSfbDPVR5qF-SDqn_5OECPZhrWfmMddZ8fyCzNpxzkd2nwnfEjKgwL-1ZtAjMY7aa04DQ_axJmvcPLJFOWz1yFltqM7SfHbzHgSd38bB9f2JtzNEFW63ON1LoTMioVdxdgwg%3D%3D&xkcb=SoAc67M3jA5Gc2TCcZ0bbzkdCdPP&fccid=8762559812883305&vjs=3
Python/Web Developer,Qantom Software,"Bengaluru, Karnataka",https://in.indeed.com/rc/clk?jk=7bf889500ea60d5a&bb=9X5hbbuO0PJPei84EIWZAtXvABFenDHO-d18tc5iBumfmY28ulG0qOq6dV_kNAxwgtG9HhNib6X3QMVnaDEhf-BE94M_x16ArlyUWuyDWNRJ__xZBSyrxxpmELHZrbo8uFo4mmx4LoSV9yfHK3EI7Q%3D%3D&xkcb=SoDi67M3jA8EXpzCVh0JbzkdCdPP&fccid=dd9e884c1d1aa5a0&vjs=3
SOC Analyst - L2,Zelis,Hybrid work in Telangana,https://in.indeed.com/pagead/clk?mo=r&ad=-6NYlbfkN0CMjQd6K-mJQmnXP0NIaacqgU_ZnGMdJ3ZujbgiYs9cqb3DtnC5QIo5ZlnIk30BCeEcatUTrWuZ3DBofdLQ7um8Eb-jTcLoXlxJB5P_datn3l2getC1Fuh7-ZK463ncJvEjL80OuHWbHtbTEv7bSeS87-BbMHTiesuy1DFcDMffeR562VxphxRZ6DscUhv_An6CjT363PdyWVHGXhF931jRF9Dxj_qnNt3b5DwerpPxVfmYlO1aWaCwsSrlGOHqqQI47AOWvQoQaNH3qVMFyRC1MAwjAN8CxUQz6N8YT2ihmObqffDiq4XvsjpqAlJvjFc75VrZYkUd4Yzt1gXWruyX6JTX4Ymr8s2jj_r3g9TdO6FlxGRv4a7se8j0A2pXao4a87koB-WpTW_VWlu_QC3YJbJ79Ov_X7UNrH-E30NIvIX4oaeIuyFKPby7da8xF754Z10q1JQjvZuA9nDF0qiwxgy7Faew9tW0K0yCfGbfNmUQagersssnHmElkXNpebsB9ti7MFCzdvIvJgji8wnSPQoQApv-VqMXZzghMWbWdB_xNq0OW1R2hj0o3RsvGYz3qUpK6majQaTgScLKCOU6IOsdcVEieE5Q_va2M3161w==&xkcb=SoDe6_M3jA8Nk2zCTB0HbzkdCdPP&camk=ethIe0s0hedhjE26FdisKA==&p=12&fvj=0&vjs=3
SOFTWARE DEVELOPER (python),Convergence Infotech,"Bengaluru, Karnataka",https://in.indeed.com/rc/clk?jk=47296f3254fb7179&bb=1gmmV7hyXvG9APhXzQTSfdn0tyqqYlVweV9eRsPR55j75HSer2gskUme8WO8KQtWWgGiBf_Sy2U6vQlaNtNnEefrq7rL4rhcfmkjSsu4WgXzWl7VUC_NZ9x-0LYjWsZBJ30gvx4Juby1lT72xJ06Fg%3D%3D&xkcb=SoCc67M3jA5Gc2TCcZ0BbzkdCdPP&fccid=7348e3aa8bd605a5&vjs=3
Senior AI Engineer / Senior Data Scientist,SwarmLens Pvt. Ltd.,"Kochi, Kerala",https://in.indeed.com/rc/clk?jk=d846b625bcb63efc&bb=FWCD_gZjr8CaB7WEgOPPmkUMSBBAowLKeRU2Ygj7o7_8kWg19mCn0SyOH7Z2_S_wAKn1-Z7vMz8NtFouZa-rx3_8hctcdWb5tqSiv-TAx0ojVk2AjryHKjIZhxVn7SfC-yoEUBH4Abe_JeWnQ-DY4Bithnu_RM-KChNmnqN387U%3D&xkcb=SoCc67M3jA4yH3AfKb0FbzkdCdPP&fccid=4f4ddee1b34da36a&cmp=Swarmlens&ti=Senior+Data+Scientist&vjs=3
Senior AI Engineer / Senior Data Scientist,SwarmLens Pvt. Ltd.,"Kochi, Kerala",https://in.indeed.com/rc/clk?jk=d846b625bcb63efc&bb=ZSXSIMs9D0qnX6GHDqRBPDNZpCx8rBh_XCAvJbgQPZqyrwY5hlgn0PcrJv97OwEiH0V69O_74M_GJxmgWfK_3rFy-9SDXuJupvRoi2fqk_CzS_PLppCy8LSZbCj19ad862egd3iSnNa-r_BWfQ5jvQ%3D%3D&xkcb=SoBq67M3jA497MTCT50AbzkdCdPP&fccid=4f4ddee1b34da36a&cmp=Swarmlens&ti=Senior+Data+Scientist&vjs=3
Senior AI Engineer / Senior Data Scientist,SwarmLens Pvt. Ltd.,"Kochi, Kerala",https://in.indeed.com/rc/clk?jk=d846b625bcb63efc&bb=e6eLvopbRNzmW_jbw2AV7RYO2GtgQW6SjTrF1UUEmAPkJvoAktgA0KKKbyWPgSky3qU-UXSJ8KuiHc6NMoZKDxXK5EOsSjFAkaPgQicKFEnOULBS9n3HkncdLuL0crWhUQ5MEi69Lwth9hUB-2qO5w%3D%3D&xkcb=SoCG67M3jA45CbzCcZ0MbzkdCdPP&fccid=4f4ddee1b34da36a&cmp=Swarmlens&ti=Senior+Data+Scientist&vjs=3
Senior AI or ML Engineer,Optum,"Hyderabad, Telangana",https://in.indeed.com/pagead/clk?mo=r&ad=-6NYlbfkN0BWpgndjYL01xMr26yTqLCDFb3b3BUdaEwmMV3w6lpNxfdb7iEvGm0gmfmM0o9B9H9nt1LR1u4YCT1HWwi5naoyZ9ZIE6RD2o-wr_4NkPS4NRJvlFkZxb2ZPxsT5yt-CVU-fUI0vrlnLAb2bVHd0c7alK3zo2lDn1AArVEOI8QbXf4leiozKpqLEi4vUIY-HYcKpDZRmllotuh3ECvO_aA9VVWWtFNePq4X-WIuutv6tRLoJke-b04rLQ8tptfIFrDVyF8nW0U7U5n_W5Akf47ScjXYTslwvsgXLi7NQBraxFKGXpL6p0Mlg5lucYp6QITpCo1tm7XWX3EeTDtjlz-lCWsp9F1BcZzgRYEIcUlH99S_s8PftistpnCDpLzzb0-iQfHw7C5kAFM0xO57lAfiqq5zRjoiNOtmTuI_o5JgF92vsupQ6umvWCOjEWMoqQYdkBzvvPCAJTUVfxHfHoEZCHNw-CmbZ_Qm_UYfHkCmnF4nsv9_2hq37B4IVTDwwMkJawyZ4vCobr6TmItFD6LxLGqt33K3DxeZiyqhL4VbAlHncj3tWPbIlmH6n0Y6Jbp0fS36C-wHeIqAV0XHjrE4SDNrZngotRREF9oq_0BUHO64a3MGlJM71GQ2T49qUIqam1_omRjtMnE3CR62ikW3G38EjbT-zMc0wFfFmZ7W1c3mP5yIuGSropEdxLHGWmIXWMU1dz0CYOwnR0eqOsGWxfVHjnh4-4d0zq9yqRVXaHEHsJSh-3z9Q6bDBUrjd0rsCKSUQu3VOq477_oTmuMNXkcJ1i7Pc3uxGj76FqQ7RY2YVxjmKUK1xnfA0Sxvbg0=&xkcb=SoD16_M3jA41yxTCUZ0CbzkdCdPP&camk=ethIe0s0hed5mhSVDYdqwA==&p=9&fvj=0&vjs=3
Senior AI or ML Engineer,Optum,"Hyderabad, Telangana",https://in.indeed.com/pagead/clk?mo=r&ad=-6NYlbfkN0BWpgndjYL01xMr26yTqLCDFb3b3BUdaEwmMV3w6lpNxfdb7iEvGm0gmfmM0o9B9H9nt1LR1u4YCT1HWwi5naoyZ9ZIE6RD2o-wr_4NkPS4NRJvlFkZxb2ZPxsT5yt-CVU-fUI0vrlnLAb2bVHd0c7alK3zo2lDn1AArVEOI8QbXf4leiozKpqLEi4vUIY-HYcKpDZRmllotuh3ECvO_aA9VVWWtFNePq4X-WIuutv6tRLoJke-b04rLQ8tptfIFrDVyF8nW0U7U5n_W5Akf47ScjXYTslwvsgXLi7NQBraxFKGXpL6p0Mlg5lucYp6QITpCo1tm7XWX3EeTDtjlz-lCWsp9F1BcZzgRYEIcUlH99S_s8PftistpnCDpLzzb08GRLjQfbJT-0wNjubZWNmui-FzpxafFIbdClDdwp-dZ2b8NvdWSQl1gWOGXQr6eK3lspSqYXm9zm_m3N7FfCNHA9PVLykrK4eoRMyoyt3XRDga30216zIQUO96UAoga1cswL9HjrHFyr5sYvstEV5KSLIiGedMaNfsqtOqrM6J4U5MDGH719fODTLOJwNa8v6PDk_3xvM8lpkhePyaqqkEf8KcYfCpyrhGS6iwsbLbZ2QzvLZ9ZxTC89kmTMERRGKUpRlGY0ZPgs6dAsrOYjyCIqaAwP8WtT2VZXb8TxmoNv4G2x0qt4-0YLuGthszy-7L293qZJk-aXYLe5WpSwUjC3USQI86tk65FXD2wqOEve9YwsEIdbco8ectKnDC0dVSPI94RBdqi_ieplc2ChMJUBa6mqnuthb3fnBjIVn5VA==&xkcb=SoAU6_M3jA5ATfz4kB0DbzkdCdPP&camk=ethIe0s0hed5mhSVDYdqwA==&p=8&fvj=0&vjs=3
Senior AI or ML Engineer,Optum,"Hyderabad, Telangana",https://in.indeed.com/pagead/clk?mo=r&ad=-6NYlbfkN0BWpgndjYL01xMr26yTqLCDFb3b3BUdaEwmMV3w6lpNxfdb7iEvGm0gmfmM0o9B9H_fQy3IAV1ut-KWvCOqzUIE49DZMJHgWFCT11aLVqflo6QfxogYg-A0foR5gvDl3V7tAMl7dWGAyqshfFfyBXdLOgFzPks5AE7G8h52oN3j_fVHXPY5VuJ4E8Zql3j18MMiLBWgb9N1EfSuQa6exgVgCMGF62Q-D43spo6Bzm45qM3XulfqX1802xYlTWeU3Zlgi9wAZmOpftsp7WWAhoMUPM94jSDK8ItdxktyBFqyDllKmtupU8SLMK4nIWH2aNLpUVrjy8E8p-fBuipdREBpzOaJCI-9PV9t2k3ROev608O6kE8Skg_-Xu10zZAedSx2UO1sAI2LSs4w5ITL7ITYzhzuVoG6l29lAvi6RzhNc3-zS4eaCffz20SgXNLEQFSkEid9Y5mcm_J55mp-RIHAYlS0oAA9LOnaWB0OZUlzI-dPncntM2ADapvJyTAWyXxnBFl59Di2kzJMJ06Jrl4oPey6ojs9eHDaLDWPcFzxAgnPFV4k1kzVlI8KhH5IwcbvWfrXR1m1ZJy_1CgBuq52qpSWxm4052NbJNxjRZhqWLjmVOUtEjB8ZhcyWGw8Dg8oVm6lFA6ZrvAl-65d_1WXzGn8nhnZJMQDO0boBZ8iAsKwpZuQMP-NwBVfe1vziXt_dPsMQCgZEQqFKN88hy8st-_yQflf4WBxugz5XheCRH7s9qacQ_pd5hul6sgr57CKwIop-bBtxyVspHfN40XDH1yWdEe-HIvAfJraG0SQg5ts00UNqSFg24TfvvOzfGI=&xkcb=SoBB6_M3jA41yxTCUZ0DbzkdCdPP&camk=ethIe0s0hed5mhSVDYdqwA==&p=8&fvj=0&vjs=3
Senior AI or ML Engineer,Optum,"Hyderabad, Telangana",https://in.indeed.com/pagead/clk?mo=r&ad=-6NYlbfkN0BWpgndjYL01xMr26yTqLCDFb3b3BUdaEwmMV3w6lpNxfdb7iEvGm0gmfmM0o9B9H_fQy3IAV1ut-KWvCOqzUIE49DZMJHgWFCT11aLVqflo6QfxogYg-A0foR5gvDl3V7tAMl7dWGAyqshfFfyBXdLOgFzPks5AE7G8h52oN3j_fVHXPY5VuJ4E8Zql3j18MMiLBWgb9N1EfSuQa6exgVgCMGF62Q-D43spo6Bzm45qM3XulfqX1802xYlTWeU3Zlgi9wAZmOpftsp7WWAhoMUPM94jSDK8ItdxktyBFqyDllKmtupU8SLMK4nIWH2aNLpUVrjy8E8p-fBuipdREBpzOaJCI-9PV9t2k3ROev608O6kE8Skg_-Xu10zZAedSyPyShpBR5KOgBFG2MU-zZsZifzan5_ujq9YFhHTBlqArIFxBKCrAQ8q2nIRAGls4XVkqdI5IWQor9N6t72494Qo-XdD2K6b4nwMRvu-UfSDm1k3tEw1RqW_zllUuumUoZ2rPPfp-z3MNqUAmr2Zb4qDOS1d47svDc9tGvdoI1gsgzgtS9R6HeSgOuF5y2_CrcjtKd_hoKx9SPSSyzbkqDqNkExFzNVx2Inw8j1jJkDuMZMbrShtcyyuPTFYkBrESzIHpJAp5hnqfBQMvlYTXv_eWmTQg13CGDxO0LE_AAfcm1t1gLo7MS_zTkKH1QduLruN1DWRQOUwtgvz0tQpy6s4xxBHFrJ57QVgF6_l3in-cK3G9_p2j7mYSevgAAGrMs6CFlAWhPP2RinJQ60zu8ot69FDueEyLm-ZJTBajtap-wLInVrj707&xkcb=SoBg6_M3jA5ATfz4kB0PbzkdCdPP&camk=ethIe0s0hed5mhSVDYdqwA==&p=4&fvj=0&vjs=3
Senior AI or ML Engineer,Optum,"Hyderabad, Telangana",https://in.indeed.com/pagead/clk?mo=r&ad=-6NYlbfkN0BWpgndjYL01xMr26yTqLCDFb3b3BUdaEwmMV3w6lpNxfdb7iEvGm0gmfmM0o9B9H_fQy3IAV1ut-KWvCOqzUIE49DZMJHgWFCT11aLVqflo6QfxogYg-A0foR5gvDl3V7tAMl7dWGAyqshfFfyBXdLOgFzPks5AE7G8h52oN3j_fVHXPY5VuJ4E8Zql3j18MMiLBWgb9N1EfSuQa6exgVgCMGF62Q-D43spo6Bzm45qM3XulfqX1802xYlTWeU3Zlgi9wAZmOpftsp7WWAhoMUPM94jSDK8ItdxktyBFqyDllKmtupU8SLMK4nIWH2aNLpUVrjy8E8p-fBuipdREBpzOaJCI-9PV9t2k3ROev608O6kE8Skg_-Xu10zZAedSyTTdgnDv2h9xygD4DnIhzfvEw8yJhdrKglQAKUozW-_clSla3CxCVJD9g80fjjKWiM9RRZw9jEvoLAmz23uD8z-SMe3SX-bN-36BNwE6Dx2_SgQb9WC9t5kPvlf6Sg8d-Nxo0NF4bYr9zGRA0PMcvWnF1_8z0wc_bsemgkWBuf288ym-npOj7UW_3MfdL0NFs5u5qSM8_hGb0YAWH-gEBFuKaesgc34sTJneJSjxFGusE5ypuJDt2LFqicixHjlUp_xFu59tLvZp7_HlGJTNnAA0G6ECbXBqlgWtmHOtqLaNmP5sfiP_3piG1vvpYQe1-SsG769e3Qw1pveqr6IXnUjG_yt-QQ9dbtMCZUDthlelQ4S6fDhKXXoeTdpm7yeDzEjjYGuKQJi68KsOwiFkgrPSFtoyxwcpDuaryBXDz3lWpQB-3ZBrjy&xkcb=SoCe6_M3jA5I10TF0B0KbzkdCdPP&camk=ethIe0s0hed5mhSVDYdqwA==&p=1&fvj=0&vjs=3
Senior AI or ML Engineer,Optum,"Noida, Uttar Pradesh",https://in.indeed.com/pagead/clk?mo=r&ad=-6NYlbfkN0BWpgndjYL01xMr26yTqLCDFb3b3BUdaEwmMV3w6lpNxfdb7iEvGm0gmfmM0o9B9H9-vYCdyBADKZzM_uIvSGWvuB2tOF4dUJ-x2X07SGueU70pJB58RWyp1Xg0D8Y-vD4unOHU4nOYYLEbhrSNgmSbvqUtIElfOqxzV2_XAcbx3aDzwsC1etNbO_rekVymlnfjA8Qfkscmvw37RjxCviK_SdzOXwmbcTQHD8zWaW2S0CtBAsiTH3uIzSYIjfTQvtoELHN07uWAIco6hg8jHAvemFdAGZqc8PtWlGfPNjPDyqcXWdMB_-d_hlpfgeesYbkjdoMP374pfVl5MS3QYmTuF-FSa4QnBf17j4-ejvFidT3nzXOFRhEkuGF4fgiHPcYr_uO6BhMLmNJhA0ywJ0PahAmEA2oHKKGc4GatBJIZq-RsZ30SZzSOVSBXhOERX37gAbEZT1jWs_f65ZFe_uG91k5yuj4BNJ2FERWj0dzIMkcEx-rONftjTt7XBQnQjVH0l61Xz3Yp2Yvdg_GuszJ04Zx8YHnmq4VNiWwqcQFo-xsCxsfjfMQdzBrdarp8-DFpI4PKopAHw3F8YPc-qAJFMA4Ch-0RB4nr3A6hcZKtMZJX8kNh6yce4WxOxOMXra6lVDO_79a748pECxOqvWg5x80Kjb5mTPzBwwM02ia2wc2UH4VkoLWe5nv41KCe6RPq3yztHshlPsw9Mrw_W2hwOFOStyG9-jF9yniAUKJLzgH-hpKewK8tz_-jrjytTy3AcH2_kuUTt7c3aB22NnOBvQWK9Okh0VzQcSKrhjhIKk7XoTHDNhg1Ldh_YUHdmd0=&xkcb=SoC76_M3jA41yxTCUZ0IbzkdCdPP&camk=ethIe0s0hed5mhSVDYdqwA==&p=3&fvj=0&vjs=3
Senior AI or ML Engineer,Optum,"Noida, Uttar Pradesh",https://in.indeed.com/pagead/clk?mo=r&ad=-6NYlbfkN0BWpgndjYL01xMr26yTqLCDFb3b3BUdaEwmMV3w6lpNxfdb7iEvGm0gmfmM0o9B9H9-vYCdyBADKZzM_uIvSGWvuB2tOF4dUJ-x2X07SGueU70pJB58RWyp1Xg0D8Y-vD4unOHU4nOYYLEbhrSNgmSbvqUtIElfOqxzV2_XAcbx3aDzwsC1etNbO_rekVymlnfjA8Qfkscmvw37RjxCviK_SdzOXwmbcTQHD8zWaW2S0CtBAsiTH3uIzSYIjfTQvtoELHN07uWAIco6hg8jHAvemFdAGZqc8PtWlGfPNjPDyqcXWdMB_-d_hlpfgeesYbkjdoMP374pfVl5MS3QYmTuF-FSa4QnBf17j4-ejvFidT3nzXOFRhEkvlLHqK8IdLJl7W44ZcDhmRvcc-sX8HO9sidWJACKO5PDucH7B7wDOS1GTxtLmg0iFopq8S8hom2mRpYROaeyfXxuVJHMcpDtt70AYUOckNrlkyNpfWHbLyREZiFtrNkO-y54fM8e-VAsj5mXXp01oMDEQXxhl4A5TW1PBeQIF_j1xg3ZLwxR9SC4z3gy6zemKm6QoKxja439Cbafrk_JFG3uTKsRUkfUHoV4cCFc-ar0B74X4unNDJduuZOz5eZRhtKMz88smcoiY0Oj49nEcMlOH2pftx83As9Loqvb8kGbBGLM2Y_H62FQuR_9l-zt7XZjqfpcg5C8iEfr4oPT2P2PlNC3ucsdQ3SmcvEC485goOFz5dqHakCqDSJljpfxzrlmHh4tew1Q0dvIYqtSio4y38N0Q4cSVCjUjJbEvyfO8UK3cmGIWg==&xkcb=SoBs6_M3jAt08wz4kB0FbzkdCdPP&camk=ethIe0s0hed5mhSVDYdqwA==&p=14&fvj=0&vjs=3
Senior AI/ML Data Scientist,Somnetics,"Kolkata, West Bengal",https://in.indeed.com/rc/clk?jk=5954376e3ef51439&bb=ZSXSIMs9D0qnX6GHDqRBPJce7tFy73u2AwvLt2uwSi234rn6tAHxpDEW1NAUl1LuNRK8Vddk5o0_GFB2gY1IUXlWfolaI8PWymanPVxsqL3B_xRo79IKn1FY79Tbi5-arMKkcT_wQVe6TNa7tUkaDA%3D%3D&xkcb=SoAN67M3jA497MTCT50IbzkdCdPP&fccid=f069781a61815517&vjs=3
Senior AI/ML Data Scientist,Somnetics,"Kolkata, West Bengal",https://in.indeed.com/rc/clk?jk=5954376e3ef51439&bb=e6eLvopbRNzmW_jbw2AV7b0Epj8LYP7rG7r7vZTy2ObskWotMTao1A874frT2FfH4x7G1WA_J6QjzrJFPNc3zXsDrAiaMETTGL7YMQGiRYrOsh3zVJMOzLMpyK_OSgtHQxmUrEb-IYHESxLXuK5sVQ%3D%3D&xkcb=SoCV67M3jA45CbzCcZ0IbzkdCdPP&fccid=f069781a61815517&vjs=3
Senior AI/ML Data Scientist,Somnetics,"Kolkata, West Bengal",https://in.indeed.com/viewjob?jk=a1b2c3d4e5f67890
Senior AI/ML Engineer,Optum,"Bengaluru, Karnataka",https://in.indeed.com/pagead/clk?mo=r&ad=-6NYlbfkN0BWpgndjYL01xMr26yTqLCDFb3b3BUdaEwmMV3w6lpNxfdb7iEvGm0gmfmM0o9B9H9azCCnJX2KMEAeH9pP5GskqUS1l9eA3KoGhVGFFbfD-P9jTK8Wn-eH9JpMfA_iSdF4eo8RyLp0Go4G65HtrPYLrr2ulnfC_DHkuAGaeZ_UVLsMCzIkz4lysl47m2N_uWxkX1228FifYPOSgLmzpURfoJSPRkF8arXR1jN6sCT-5yVDgowylkv7h2ufXSJlqASP7-Ts5yBhYE1Mq8yNRzfn_AngP51nMEGLItQY2UxHlA9LAMgscSaA_nPBF2NO2eKJklUFq4gqg8rOHvikw9aqumG331fxkKD35VPjpaLQ7RtJ8xRCPPaBHvGMA1KQt2oy-SpiWFmAVUr6DQT_FJp2lzGKEypAVRKDqbAG0HFN4kbho5i7pPYFFg5EcwxoSpBEugpoIUMo1vMqfB85ZpEECBgvYhxJTmftXzlU05eADWDzR-1g83sr50a9WiwXKG9WDPzKQHjPhaBLK4ivMtZT2P_qDq7mKFNIFf6TAfJsISFHC3RvBgpJ7soEojrpYuTOUaU01hB_gzUylIC1xbzQ6w1y6oGPdsEnc7RtmjccNniC6ppcyeN-amQQuooiu0xxiG28pZT0rYzH6w-OxsHrp8YjkpN-cSZlv8jOQG-ocD_KaOk-IbM7AzKelI7WGeoNzbEIaFMDHbAsxksKpu6C-N0p00XnyIi2qx4o8gAF8eWNq63kzxRDYZSGV24MhzkFb2iJrPd2VEKJzzyCwlRmKpCMo4-VlPy5NRrFB1G6UA==&xkcb=SoBj6_M3jA5DXoTCT50ObzkdCdPP&camk=ethIe0s0hed5mhSVDYdqwA==&p=5&fvj=0&vjs=3
Senior AI/ML Engineer,Optum,"Bengaluru, Karnataka",https://in.indeed.com/pagead/clk?mo=r&ad=-6NYlbfkN0BWpgndjYL01xMr26yTqLCDFb3b3BUdaEwmMV3w6lpNxfdb7iEvGm0gmfmM0o9B9H9azCCnJX2KMEAeH9pP5GskqUS1l9eA3KoGhVGFFbfD-P9jTK8Wn-eH9JpMfA_iSdF4eo8RyLp0Go4G65HtrPYLrr2ulnfC_DHkuAGaeZ_UVLsMCzIkz4lysl47m2N_uWxkX1228FifYPOSgLmzpURfoJSPRkF8arXR1jN6sCT-5yVDgowylkv7h2ufXSJlqASP7-Ts5yBhYE1Mq8yNRzfn_AngP51nMEGLItQY2UxHlA9LAMgscSaA_nPBF2NO2eKJklUFq4gqg8rOHvikw9aqumG331fxkKD35VPjpaLQ7RtJ8xRCPPaBHvGMA1KQt2qEq5KGCjKfi_dkl8CRfYQCeS8dqUPcvG37OS87mhnsLkxnKW4H56xUuw-SSuCZ0uHnGGjMzVP8Ku7s6AxBJscA0pqiHRJTPtBgEkn974FRtXIW8HQs-HiWMu4crgJagUL9EFN6W22uFKIvgRdb7S-c9fNfZb6xlg0FrVSz-wn6HeHNoh5MIxGVS3PmrYzwNKS5quw9wz2dbk02540IjsOIL25LKnCMBsagYVo-vwezHYNSpXY-McJHnxYM3Id-psDmx0DJ8_ZXgJNTPcDohfZw7U8imzzljXlxWdkWxzsJ_wfr5uwV4MCBprMLFUpqb9L8VWBjMdQqxptMMGk4NK7o5nbohfHTbfI3tS1XYLt69BWwDf3jAqwJ0rT_3TScYo3QLmzi2A3KRu1vAsbyi8zmqTnZo8Hx8yBCp9xqEQVwXr24ChftToz4KHMcjCaflgY=&xkcb=SoAP6_M3jA41yxTCUZ0JbzkdCdPP&camk=ethIe0s0hed5mhSVDYdqwA==&p=2&fvj=0&vjs=3
Senior AI/ML Engineer,VT Netzwelt,"Mohali, Punjab",https://in.indeed.com/rc/clk?jk=aecf334b8764ff01&bb=ZSXSIMs9D0qnX6GHDqRBPAZhPEP8d4mWs5tl-6jDvfRWIt4DoKNi6zesfSk-O6OTt3teFCHroxTWudaOKjMYvLmLgpCPKFNFXctA2tSQGM7Nok_WB03jyG_V8IvJ2MVx9PY7-O-AHSjFRDiJNZAF2w%3D%3D&xkcb=SoDN67M3jA497MTCT50FbzkdCdPP&fccid=5ed441a565eeff1d&vjs=3
Senior Analyst - BCG Vantage,Boston Consulting Group,"Gurugram, Haryana",https://in.indeed.com/pagead/clk?mo=r&ad=-6NYlbfkN0Ad1FFWZOsBBwBZDGouyCcICeLSd3pQct3wJ1q5dPO7JNFPcbpYQ1XCAHtAAJhKZCbjDpTKd-j5g-wPpAJGP47O8kr-4ftZSbaDVYJb_sJxNb6W96eI5Ewog2iIzhtSkdWsXr1heL1vvT-x80UbsORjcSQayDypoHU9Fr8Ikk5R-tUwndqVsqtbgO20OEBn7KOaFzOYUkIzSxm_roZ_NW95Og39iwd2xYHPIXgWciPOYi4zxPyMheOTN0e8kwclNrth98gXYRUkEB9uYDLnabB0c4IbNryC-7kelTOHq7rhdK4PvFn4EnKh7kAdokC-Ft9AtvcRIY4Kpu5cVC85T-kr2nDszVtRZq0cT_7rEpP3rYxsz6cnuKrnFY83o3peRzcSC5hWiOGbB5Yqno3wA0Lv-N-ROZ6WhPheA3Z87Fb_R49hlcSLPDWr_EjCqjSVn_ozi0jvqqkNcKhsSAqGzx_B8o4evvaPicipXvZxe57CiYhlMTbjo2gah2c9sBvRTXptVa1uOybeqxINygLasCFsN6aJuc8AMXL1n5cBGme8Qr25Jz4RjpHa14CZDI0L-bQb9_xy9c7g53AiltPR_oG8Sb57c72KZYyrY07JbKCVrBTyPKyFoskw_363-GasMYIE3CgprMbydXbgTw66_JQAeN01_FbIz7g4y8tqe4N6W60xAxcPoXv-I9xIIZzYmSyUq3K5G7fnw7_2152GRuo-pf8ZtvxKIuAYKRmCu-hJPE4vC1AkvMD87urqfCyyXvbpqYTzepwBpUbnUNJ9x9zTJM8DmwquD_LR-q770bSVh9nDlHFj58xtACHkSwkJkVNNI_GwEV-Isdo5Z64Ohjl4sxrJDJJLhEDRdqbBDF1On7cpzed02LI8ILH6S7lnaZRDOjlNJ01bJtuX7-ipnUTr7hBOlAp0Gt4mGVqT4Ow6ggPA_vvxz2-Fy4QEzR1jqI2V_YbX-Hsp5g47TH92gGXRdDYu33uYvYLHw2Me_sdsCjR5cgDceEZlFbMPnmVE2kbly_buWLQs0GaM_ChGo-4vDB-G6jMfLXWKnBQBQx_BI62ptfA-5l2pHPBL9rD6LuhMM1wJDX9HCu4MRJUmOm-W7CyFbYGbO3huPZ_6nWBDLPLQc2kAdj483oJ8VIvfbhVJd3lamBuyM_bo069JrsT7Ct72AlZZeL6nqzWzP1CXHsdweiQ90mxBNhmUL1ntDRzqH5Gu4l6DSFBx5pSRnbcn6oW_7058Dfg=&xkcb=SoDS6_M3jA5L-WzCYp0AbzkdCdPP&camk=C3EPSzFlQw_yEGK4nS0jOw==&p=6&fvj=0&vjs=3
Senior Data Analyst,Brandtech+,"Remote in Mumbai, Maharashtra",https://in.indeed.com/rc/clk?jk=7d982e71dfc9857e&bb=5LdSzjLh-sEf42RDobrYTN0EubCbFEgELyhwmkIZrrhVYdexEtsCm3cFdlV6zUzadFXEypHDmP-JlOcZNT2Vag2xYD-Gjm6CLg66pf5i8dxaKy9-Dz1e98R41QbwCjbabcGcEFesWqEmf5b4w8QXmw%3D%3D&xkcb=SoCw67M3jA8P8iAfKb0HbzkdCdPP&fccid=57cf0496793c877d&vjs=3
Senior Data Analyst,Brandtech+,"Remote in Mumbai, Maharashtra",https://in.indeed.com/rc/clk?jk=7d982e71dfc9857e&bb=IKUxRjk5lJd2jbBZvj7fbg6V7xNHRLoFr5BH2Wx6KCvfT6gXAGvU-vDz5La8DaGoDT56xBxelk4uRBHuOg9EohdqYClnQpDWtPZrhKdkGHiT4LfFzXybXBSyJAMoqko_gZvVxixTtiTL8q_fnUqFcg%3D%3D&xkcb=SoBe67M3jA8Nk2zCTB0LbzkdCdPP&fccid=57cf0496793c877d&vjs=3
Senior Data Analyst,GroundTruth,Remote in India,https://in.indeed.com/rc/clk?jk=691867744cdf848d&bb=5LdSzjLh-sEf42RDobrYTKEe51RqYaJwrOzDpaZwF2OH-td6UqUkOAbVqr0s86yNXPP43sXUYcvOv2T39C7FvqZmQZTI8OUMPM1Xn4mx00wAvJOgoWhqrN7IpEXFK1uykhyphPU1GGxp3JsF6gTuzA%3D%3D&xkcb=SoCj67M3jA8P8iAfKb0DbzkdCdPP&fccid=fa3eccfa2cdbe89e&vjs=3
Senior Data Analyst,GroundTruth,Remote in India,https://in.indeed.com/viewjob?jk=123456789abcdef0
Senior Data Engineer,Bell Integration,"Hyderabad, Telangana",https://in.indeed.com/pagead/clk?mo=r&ad=-6NYlbfkN0AuGb9Dem4ShGVwtCRHJKcvGuP-i9NvXVzJOHlKTXBAPouiHQ5QiSZ7_zkg3mFULnd39dDGK0bwfkoV4-uc6Tc1yJmLAGfc0KhSZe7UQI5wqoySeNHDucRv87H3qMTktqh6Sk2l2olYWveqzBqamxc4K_5vvq_UjMCSaCet3H8lwSb04O6NivapT70D8G6hoJJGwg72iWB7KMV_tStE5iZ25P2zBMH2WGj63kTnzsN4v5nDxEnAXd3HxLXUE1_bflvpTxZzb2pMC5ZM1i8wcw2--XrZvijdY4OIimVc_pzb7i6J-ETnxvXlagOaU16129UZ_cvyqOuGJCauD4bpcBP-1WACJrLszcqdKGUqE7hPFkYYIJVV3jxVZmu72xW_chymOVJzDIa9VGKizvzBq4w9oL-h2IH13RB1-xylxhxPyLrasM7jo40E0zgklYS_MlfRkOYnPnPweAXjB-xs-G9-H6sI8OruoR0nD76rHqy-uGDex0gZZGFEF6Z3zwcOTQRRhe89xKEM1eKWXGyVKLe1xXNosA3DSp5jZenQhjJHMdAbjn51mIJLZ8Q7aVJqx_iWXTYrBuTE70sHbgA8W-Iq_QpMA0MrB6zyYXsughiIfOfp6nMvRyMvoS_J8xemfcBKzKMBdp8q3p1eu37g1TW0k20bgCz_Deo-7HzGaPXf-0blGqXjKTGvY94vlXCtpk_IurmTRbbfv0d6bweudfYVKGOSqpli5qGCJbDPXsFVLXQL1Wmnicegrk2dxdWvlYU2bXo5h2XNcHVDLG7Kzvru_7Ig-w3Z2bpX7hnEQ7j0PDn-k-pmo0HtdZdLgrX8EfJcLoVsR7YO6hLy_CTwA58CT9glIZXN2DbKlRoXVbjeoItogWWdgtJFbFMQbM7tA1KBPyjjSdh7jg==&xkcb=SoDx6_M3jAt9p9zCVh0CbzkdCdPP&camk=UoKtGZLa3XIpCAUMDxbk2A==&p=9&fvj=0&vjs=3
Senior Data Engineer,Bell Integration,"Hyderabad, Telangana",https://in.indeed.com/pagead/clk?mo=r&ad=-6NYlbfkN0AuGb9Dem4ShGVwtCRHJKcvGuP-i9NvXVzJOHlKTXBAPouiHQ5QiSZ7_zkg3mFULnd39dDGK0bwfkoV4-uc6Tc1yJmLAGfc0KhSZe7UQI5wqoySeNHDucRv87H3qMTktqh6Sk2l2olYWveqzBqamxc4K_5vvq_UjMCSaCet3H8lwSb04O6NivapT70D8G6hoJJGwg72iWB7KMeGf3dAZKYw0Wkw-KOcQ7W6fNSicovDPFBaKKgX27HHF_kr5fX2l9q8KAGoH2omYhxLm_9gBrEewGUr3vFuHMVdiw3IgVtiuVEtdLhRhYR0DJqcqHlQMxMinpYUDlI7ccvsPjYD9aBeAK8LmZi8Fr4RtEiUJn0E1TbmRgQLUs9VWrW7oWQ9P-UkRNm6eRJB79fYd2Yf_shvUl6He5ZWv91daIhdtfNGEvoM_lVaa5JNFqo2AGhEp2RV6kbgCY92Rv8LQxqQxgg8Dd80FYscirVE7rmxIYwYZbEaSD6iDvUrD2EegVMWiOdkBcWGfXAFcXoOsqGUKejduxrow-AlI4rxX6CP8Gcj8dwudyINKC1NpTCw9JWuIES5TKigS8j5s_SzyynUmj3x2ecRq2RFsJFjs0puRfNToyIJhFBSd6dq9FZqGAnuNOzoaO_PJZ25v5FIK8uo_G_nwQiwzd3VyvE6HcRxQit4_U8mR58mRwcN34N4s4Qc8_Z48U8i4qH4rj5OvMph4oP1FnZiymLD0fz-wnnLl1HgIh0eBp3LiNu6r_Dl9PwptUuzVMfRFmnKO44t5rGdO-UQMO_Qml1_q6K7VlzQ-j4OMRuGr9NpiEZ-Ve6q9c8ltsDMm_voedDVt3ZoU_MNN3fu_shTZ8Y9URZgqvQD1NPwpdQ1p1zxMeEV&xkcb=SoBK6_M3jA5DXoTCT50MbzkdCdPP&camk=UoKtGZLa3XIpCAUMDxbk2A==&p=7&fvj=0&vjs=3
Senior Data Engineer,Bell Integration,"Hyderabad, Telangana",https://in.indeed.com/pagead/clk?mo=r&ad=-6NYlbfkN0AuGb9Dem4ShGVwtCRHJKcvGuP-i9NvXVzJOHlKTXBAPouiHQ5QiSZ7_zkg3mFULnd39dDGK0bwfkoV4-uc6Tc1yJmLAGfc0KhSZe7UQI5wqoySeNHDucRv87H3qMTktqh6Sk2l2olYWveqzBqamxc4K_5vvq_UjMCSaCet3H8lwSb04O6NivapT70D8G6hoJJGwg72iWB7KMeGf3dAZKYwIUqrtfYTIOtt3JwEtKM5aRz-FY6u8QC4WqxSSqsqF1hWXw3fkTvvO0JY7VfnZNrSrVNXnYK3zvvjPxocOi05fJabTrra9eTTbGLFHT_MrF2gbWnpiAmxFRula2kDiF9GGJVbQM_YGmrWlbdjSzUgelZVp1Dn_VF5phNTIN7Blr1LIx9QFEBy3I1OLPcC-_Y2Fe-qMGm2W1eCr8qEH4r8B4qfFuYncSUJSjt9v1BfadH3xPSmJPxRYTepifoS26XtFkscxIrFWlLUEvL_SfIRDhC8Zsn5JfPVhfWnAPLcCZC57uxD6aJTqWb45uNXYJQCxrb7ZqINrBxVqu0stb9PLYS6jCXzaFERXkaLpSSmtWxsLt2opxBVz8LiWNVVhVA71hX3jCsYT4QczdXNYQTesqZqPuOhDxEYIRm3hk-FB4Nqth35k2UcH8-zORU4mEsgZecJfipmavlKLeLEaVou3d9DrbC2fxXH-K1JzV4Hyua7SHeBqrNcVYiguNMRM0H1Vgq6Hu31JHiwvQ_--JhpyVXpcAGGpN8KXb75H3pGeSfPDfxIr9TcnE5IaqKH-wQ1OoebzS5B672NS1ooc7QFCyvo_whXapDUgRy7FfKq3RgaKNpFQk8ejccfJXg21BEcvBxKS1VRUz_nE3mRe1ko7tZB9LP2KZhIH1TbVzv9l5KJgOpXqSY1YA==&xkcb=SoDo6_M3jA70z6zCVh0FbzkdCdPP&camk=UoKtGZLa3XIpCAUMDxbk2A==&p=14&fvj=0&vjs=3
Senior Data Engineer,Bell Integration,"Hyderabad, Telangana",https://in.indeed.com/pagead/clk?mo=r&ad=-6NYlbfkN0AuGb9Dem4ShGVwtCRHJKcvGuP-i9NvXVzJOHlKTXBAPouiHQ5QiSZ7_zkg3mFULnd39dDGK0bwfkoV4-uc6Tc1yJmLAGfc0KhSZe7UQI5wqoySeNHDucRv87H3qMTktqh6Sk2l2olYWveqzBqamxc4K_5vvq_UjMCSaCet3H8lwSb04O6NivapT70D8G6hoJJGwg72iWB7KMeGf3dAZKYwy5uXDU9qYWcg50ouggfrtB4aA7X5vbW0cZA6DJxdsTQ2ZbLoOaciazg146eS6HUHlV3JZcvUXER7JFwwhRJbPV-LegWaAc5vcHqOvm6Ro4HOa_hmmjwrQCLs-PfIEV7g-_xW6674o4s38I_CaOLxdBoQI5vSfGNTYGO8RKJXY_n8LXwT7uc4AVG_g1Ql5dXBx4gvFzq2zhQ9FYwP1tpc61pOxrZXWwkciltCW-81pUlveHn3ZYTK68RsjK8-3EjqFlhyHSOi0Ok7GksLz4se56KxC5MQKfs-S-WVDvMFqNF3RjSDBleIPlmoARjwQAYKWoicl4hg2IUPGqlzBrSkKHXci64vuYVUkzT2C9Ver8zObdSgm-Tv98xykPyMpkLTGFxzBKf0DzboI6_6r2LRhp6kpDFXNmPTs8zdLI_5xE1ILmS07GbhEDVVuoUg1SfhWyZvi_JDJED3etRcqMpnkKb_VlrEvlf14k3m7hWplF_8L1FA2mYGZcPQ8kC08pgW63vYnlS4Go7-SYhJjRvVKTphL6grI9MS6vaAz2Xw5HFnj0DvIQC2thVXQ4gCBrcy5v1r86cAQm77rGl8rKxK07i7Ku7rRNz_oHFwzMM8IV4vKuqojIXbcIseNi0AaipaT8WuvBTnWTowvkLfTkw4Wj-8SC7Fx3Vq&xkcb=SoDU6_M3jA5ATfz4kB0ObzkdCdPP&camk=UoKtGZLa3XIpCAUMDxbk2A==&p=5&fvj=0&vjs=3
Senior Data Engineer - AI/ML,GSSTech Group,"Bengaluru, Karnataka",https://in.indeed.com/rc/clk?jk=0ae4a3d589064c20&bb=ZSXSIMs9D0qnX6GHDqRBPDGtLCdVdjMX1m_ai89zyqzzrXGKuhaTlbrwXy0MuXwWI38k1ruJB6e7XDnVfXWt-kq2n_PqgU0MnRS598Q7vO9fD_rrWt7APjlVTE-44EBReSXbhsan0PpSsvUKBorUbw%3D%3D&xkcb=SoBQ67M3jA497MTCT50GbzkdCdPP&fccid=ba91459a9528dd0c&vjs=3
Senior Data Engineer - AI/ML,GSSTech Group,"Bengaluru, Karnataka",https://in.indeed.com/rc/clk?jk=0ae4a3d589064c20&bb=e6eLvopbRNzmW_jbw2AV7ZhB-yvJPu9JnGYmHkerIkYbiWm-rqqIqMLar9i92CB_AnWe_bw4IoZgXbkJPVAekZRDX0Cyu9meWpVSRq6yiVzxScUs00F5uJmn3KoeNy3l-0VjT3UhlmVkDlxcL630jQ%3D%3D&xkcb=SoBG67M3jA45CbzCcZ0BbzkdCdPP&fccid=ba91459a9528dd0c&vjs=3
Senior Data Engineer I - Marketplace,Booking Holdings,"Bengaluru, Karnataka",https://in.indeed.com/pagead/clk?mo=r&ad=-6NYlbfkN0Asx0rKiHSXymkO8slWtT2xWkY1-oduHI0IsT-7aqdY0OCwOFuYw35h6PYkRa7j_YPAXVrS1bdMI5WRzIvbELDHW326Z96mO2uTZtWeDPL-XQl0rZXWek9cQWimKZHx-l9Wom7lE1rBZTVHNycyv0y-64pqlZEuoyFCPj2iwIvWXsb-ohkmvwmVGquMYabsdHV4KAEDtKatMh1vA6n4kjGJDOW47xCK0_2B8xRawCgpI3lB7j42io27CfBDkZoQhBO6YLbBlDQx_Gr_Cr11Hu787RAzXq60-JH9ECM5_yaSJccRd82PUjYH9_H5wm3N28NHdFTWE2JE1qIkyIKtKgdhtmqEy2gAjwxwyGWZzmTel1gY2HV15egXG8soSCO22iCweBzqMX2nRGyx17ioi3TkRTzV9o4NBXlKKZVmJ_TLUbxs8e8j8jxFl6_-3K6U3rZTb8vQAMInlhvGO_TxYLreL5CVFHjFh9UdYS8kDJRLvyYmInHk-XmzPkfO5JxdD21YxAV-eGvLZRLkfWS5xUj2aWeKEhGPx3hXUaMK7Sop_NuOmRohsRormJa31LkZYzxGMayzfvo1Q0vVYOdncRN3VX01WxZVUmkVTytpRde7b-1RhEih_ITVfplQ017MIigAzE80OYludx0FJIl_OUw3U73vxxikCpUy1bex_ynMWAPrLGzGR46YgAEGk8Suw6pyPB9fBrZa4EiwWshKxFw9LUdEWlGbluHdJy12RWr5Pmb-mBGbaFi-NzfA6dD9t2fuEd0Yb0w6iadkH8LU506w-y7Cmnc1DvObmO61rsa3LmgqUptpTXQ4alaD0plNV1ctAbIWv40G0lYnop2UbdLthRAvQLrUjvJXYAjrLQSo-zHI-MrREHmjjJThrA1-gUzGj77NyZJinFBWzXTaNDp9&xkcb=SoDf6_M3jAtqKCzDVB0NbzkdCdPP&camk=C3EPSzFlQw_ZGffWIKGdrQ==&p=6&fvj=0&vjs=3
Senior Data Engineer I - Marketplace,Booking Holdings,"Bengaluru, Karnataka",https://in.indeed.com/pagead/clk?mo=r&ad=-6NYlbfkN0Asx0rKiHSXymkO8slWtT2xWkY1-oduHI0IsT-7aqdY0OCwOFuYw35h6PYkRa7j_YPAXVrS1bdMI5WRzIvbELDHW326Z96mO2uTZtWeDPL-XQl0rZXWek9cQWimKZHx-l9Wom7lE1rBZTVHNycyv0y-64pqlZEuoyFCPj2iwIvWXsb-ohkmvwmVGquMYabsdHV4KAEDtKatMsaGe2CaqEuRUFiYVSQKEYraiIEZi1Kr0Vsu11EvVAKU3vlDEM6oM0nwoA254AQaXgWgm9dUB_rrXr8JzQnbEM947mJEyA35xNSzOclPuJ6N9EQW2cCrXs6nbOkOYrFZSmpus5kS-0n2K6QKrDEsc0uc_pQTuwxG4e8vkRjwBUFnFRT-sRtuZgl_kq5hr0rPSPUeDzRVVM_5IWXqiw4b6vzspDW5xRaXBP8zkUDmoLXg1teOkJ_gysZIuXyNMpTj5oFQFW8R40S6LdpGV5U0y-g2LJI0EL0VozLtJwPueBWsseC0l4btWQyYY1BMjOfha8pyAYB4MRuWm3jXPfZ4qKoth0Eu-o-eWIxwLBJWh-DYottoXYDd_ORt9r1J4TJT9PPTSRoPkEa6R9LTFvbM-eWtmIQLGaTtuePINAsa8btkVOCb34Babxcsz6sqKxpL-GcJ5r6NZG-2dpVmvh-jYuo0B1Gwa8A5Qi25NjMTgNDDmK_VKyOjfGLfTY9aUs2zH3WoQz986NLHwd3xy7Hk2I6ClO2Mi4GZFeeNFc8TFQnZRU-_5Erjshavb6XTsnCSxB97flfwOj5P_2ZYJRlWwmNNlPiSzqYdIarq_cPpR2iQ6o-1qSFieJG7y4-cm4lpcWhBuXd9R5oFqhW_O7K-trtbzZTiA8ofv3OZ6OL7fwRVu0fx9fQWheRkVfnNhQdQcLEW4fa9IFdk&xkcb=SoC36_M3jA78Y5TCU50NbzkdCdPP&camk=C3EPSzFlQw_ZGffWIKGdrQ==&p=6&fvj=0&vjs=3
"Senior Data Engineer, Mandarin",A5 Labs,Remote,https://in.indeed.com/rc/clk?jk=de5f50906d221476&bb=ZSXSIMs9D0qnX6GHDqRBPCKi5TsK4UpfjyyGhUDTBUgI5s6xB2bcwvQVW8aCST3ePRmvqY99GQFffpe0UIk9-1I_6qz85iP83geake_ob6MBh3zkIVfDB9DKjtBWf_yeGriA3SgCvl3Eb-cpUhuWUg%3D%3D&xkcb=SoDe67M3jA497MTCT50BbzkdCdPP&fccid=9dda6030fc8fb226&vjs=3
Senior Data Engineering Analyst,Optum,"Noida, Uttar Pradesh",https://in.indeed.com/pagead/clk?mo=r&ad=-6NYlbfkN0BWpgndjYL01xMr26yTqLCDFb3b3BUdaEwmMV3w6lpNxfdb7iEvGm0gmfmM0o9B9H-1wG7EMNbbFUp3Hvdid_5AGX8XplSrnVCMqF97VS9mNOHEdxsN_XJzmk9tsx8VFgJ3nB8lxLzyEhfDcY7iNYHI2F-8eZ8i-PxfSIZr1pO33OMezlrNKQ_301NE0v-4QB7BxdABKMODVfPP9bxKShn1sWb-u3sjiGkIlEFJ_KIx3k_K_7ien8GVt4F2M3K7LMKqQh4whjFCjYymtBnKeJqD7ulA9J2sTxiWs9qv5ghHoCPq4AfLKvsTNIp0GAeyHxOXLAone9nK8H83E2uNrm11X0ox2_d9822JVMBFupAUsACgzx1wHqdDlUiEIVmigV0vjIh2ckX_iWwVDFNOPZoWYDzpwSuxv0rtAWz8bmH8JIRLbvMi4tzpp850GXTsinP5p3X8XVfLEGBmGqkl8PGGyYHTIp79jw0Bh9X4VA7uowZqqRJp3MhHXK4wAaOv8UdqG4yE3LbQXsq51x4_gupinIBQdCQhPDSnq7pLl9hjTFhin1b7sa6UTf6QzepT_9_ijhFtbS3QLsTjIdWUwMnV4Gvscf3wHuysA2hPoGDk0_F2vOk62Kkl-nK3L4pILx9H0LzN_0rUKdNuVNyXcJGx_Z41ToKqkb-lj_U9dRvaPBiqlahQQdTGl7poUFfmxCuHYRS6MyNF94R32bzey7hJccNrUDmRWt2TzPwaTc9eg39huHIWejsitThm8EMZhcqmc9ebfdTRNsN362eenpZ9wxoXDPieFCSIrWMAZ_Wrww==&xkcb=SoBV6_M3jAt6V5gepj0FbzkdCdPP&camk=ethIe0s0hed5mhSVDYdqwA==&p=14&fvj=0&vjs=3
Senior Data Engineering Consultant,Optum,"Bengaluru, Karnataka",https://in.indeed.com/pagead/clk?mo=r&ad=-6NYlbfkN0BWpgndjYL01xMr26yTqLCDFb3b3BUdaEwmMV3w6lpNxfdb7iEvGm0gmfmM0o9B9H9azCCnJX2KMJgFpcmxlXFNSgXPnfqgMYpfT6EJSlpQ_DCYGUmpujzAnZLf_8AQ2OIEsEH8SFtkB5Hg_jgI6eDiM9JhkFu9wCWyYrRReXnDjbuOj7gP75sMd7D9rjlWrDn2gJIUT_6QaMAYZ7svRFD0uEKQ_iesfb70uokbnLz8AqdCkwqi6mFQQZ3dWMRz7Vei-SoyxXOHXwHWSrY3RGXtSsaszI91hoalo0kw4yNDfvxke37tZhmOjAoD8cnUKkgBhfu9FrCFMnRzdcshJUcFfNT0iCeRceq4bBWYic4Od2aRjYKrokSXFyHUDS7es1VTB8QLGFJDUYLxYm9aPa08KcAjx9gvAz3_2dGwNEAy68k3yASFphNHHVOmYm53Xp0dNea2j4Ib-NTC_59gCgMFOnRHt4qWScBqzauCou91DhJVrVyNcrBGIteCrvHo6VfCH9IIYlIqHlBd1ZZdJl1szRECf_hET-NZJTMhcGiPFuWteikFTsh_GcoTe3tBqa9Qu-5pp6aY5tWsyvDXjNBX_Taj0k9Zhum-4ZrAfyr48M66rULIuEKgzS5m33TN-snbCtEd8XF-oV9mUqd6Xcexe3Z25FAoLhI3sHlaGlP0IUR9D0TnlsWteFOXzRGK5P6vbtv3OQ0eb0YtSC7wEV-h2oOKVP_n4BgDh2eTAVef8SkYiN6vune5nYhCozb04lRECWfuNjetMmevdrdeIxBdMFElyMe9TZ0NO9T3SpVc7Px_rP4_xtWNofLbt8WDBr8=&xkcb=SoAc6_M3jA4yH3AfKb0JbzkdCdPP&camk=ethIe0s0hed5mhSVDYdqwA==&p=2&fvj=0&vjs=3
Senior Data Scientist,AryaXAI,"Remote in Bengaluru, Karnataka",https://in.indeed.com/rc/clk?jk=1243d51fee141596&bb=M83dw3BgmJtHU7Dei3WurCRTJ7N9kKYpQDs_YZ8vh39o3nNHerfGz-ITf_lxgm9BSvXZWAsyceGomk7qa-a3rsYNcYDFsNJgaKZtdcfKHN7c2RR0Wd0_sl71udK9FuCeQWJFe_uPSFNIl_TyaY5o3Q%3D%3D&xkcb=SoAA67M3jA7_OkTCYp0LbzkdCdPP&fccid=14b7c7f9700383de&vjs=3
Senior Data Scientist,Bidgely Inc.,"Bengaluru, Karnataka",https://in.indeed.com/rc/clk?jk=1411792207fff911&bb=k5C0MGW7E2ofX_ABdA8wBhS3_Uyv90KlfnisADmx_60r9ZTEYa_66J4QakYaRwDlg7qpZhb_eQQlIP8V61-UXqa-KbREYxPt2QwoBmdNBxT0nrWbsf8Huj_P7j9jlbIZygLiKSSgj3u103R2oWusaA%3D%3D&xkcb=SoDd67M3jA7h1rz4kB0GbzkdCdPP&fccid=658aca4dcaf7eee9&vjs=3
Senior Data Scientist,CRUTZ LEELA ENTERPRISES,"Pune, Maharashtra",https://in.indeed.com/rc/clk?jk=a0f5a8af028f37c9&bb=e6eLvopbRNzmW_jbw2AV7YugYYZsCgLFfBtoKyZsvOcgWIQnNix-4Pqj_oJJWLNw311appZzj3kOySLVgiaqWu3CG_FWO1MRjwnZqIMr7-TL-e8OAjSEI99qxi3L8ZcMkaeRcWijSHl-7i3sPXqaBw%3D%3D&xkcb=SoB867M3jA45CbzCcZ0HbzkdCdPP&fccid=fefb6638290c76b4&cmp=CRUTZ-LEELA-ENTERPRISES&ti=Senior+Data+Scientist&vjs=3
Senior Data Scientist,Locus IT Services,"Bengaluru, Karnataka",https://in.indeed.com/rc/clk?jk=57e488428ef83b1e&bb=ZSXSIMs9D0qnX6GHDqRBPBMMFdJKhR8Mi5SxF7fRnywMjWQlZuZTwNyprPPIUg9Vqq9h5M1ntGpfcE4-HQq51S9AKs1gZZuEgEU9NK6H1Zy_JE-xql4CHUckWjWfa3sKkeirlw6nwTRlqv3SxGql1w%3D%3D&xkcb=SoCQ67M3jA497MTCT50LbzkdCdPP&fccid=4036c4572ade0148&vjs=3
Senior Data Scientist,Nference,"Bengaluru, Karnataka",https://in.indeed.com/rc/clk?jk=e692450a7f85df77&bb=ZSXSIMs9D0qnX6GHDqRBPAaLNdH-o9x3J91lAm06EKQJOOei2s6Ix8OQxiuY7cYM9Z2MUfF4UscNWLmWRGPWX9fXZ0-01Tm-4D6LCo64N8gBeejRpnMCBKUhN8bWv3l9jN6L3N7JHiy7JSdDF2l0OA%3D%3D&xkcb=SoD367M3jA497MTCT50DbzkdCdPP&fccid=f3aee6761ce9b6ff&vjs=3
Senior Data Scientist,Nference,"Bengaluru, Karnataka",https://in.indeed.com/rc/clk?jk=e692450a7f85df77&bb=e6eLvopbRNzmW_jbw2AV7SYp_X51AnNcqKI4uc9BEHD4UHZmSaMLn3t4lwzradhRvK1Yp6CyvciWslJ6viWeWc2GnOYwD_PiGHSfXkAn7XRXCe_jGtJ3ZAmNWsrpUCwmkQKwQceEEANilYmK5vGMBg%3D%3D&xkcb=SoCv67M3jA45CbzCcZ0ObzkdCdPP&fccid=f3aee6761ce9b6ff&vjs=3
Senior Data Scientist,PeopleLogic,"Bengaluru, Karnataka",https://in.indeed.com/rc/clk?jk=1505bc5258fd78ec&bb=AFsGf_5JcnsmESCmWcgKhR1YvGIIMK4XUUplmRb9WDMPxCoVlmr46xrgpFyRcVJtrKWjyW4RYLICEtEiCmmyuAC1Y6YFExB6l8L6yFMpNSEWEY5U7Xj-SJdMtooW_ABP3IuicTdNWTJWs9QwGKKa9g%3D%3D&xkcb=SoAk67M3jA78Y5TCU50FbzkdCdPP&fccid=ccc0f3723e7c12bd&vjs=3
Senior Data Scientist,ShyftLabs,"Noida, Uttar Pradesh",https://in.indeed.com/rc/clk?jk=d0cc168b9b6db2fb&bb=ZSXSIMs9D0qnX6GHDqRBPAaLNdH-o9x3P2dv-GEb6hYtl8KEgd3dvn7SATJPB4E-tN1wN3mEyp3wQTGzrca1ztO7RFmysB2a_du54vrADnlR4a-EdqwSlHqq-nbEZne27qKq9T01Ly-Mjqjfu4ChmQ%3D%3D&xkcb=SoAe67M3jA497MTCT50MbzkdCdPP&fccid=2d1ea5cfea74cda1&vjs=3
Senior Data Scientist,ShyftLabs,"Noida, Uttar Pradesh",https://in.indeed.com/rc/clk?jk=d0cc168b9b6db2fb&bb=e6eLvopbRNzmW_jbw2AV7SYp_X51AnNcRYd3e_RbzRN7luQeztFUEqY0FWChNrk7PNnUfp8Ri7TFpHdqZ7bgIaovM5FPRHSoK4VIIw5DyYEYe0ztEr2YWd01WtHcD9zFPS3uD4vF9CZYys3REVSZrQ%3D%3D&xkcb=SoAb67M3jA45CbzCcZ0PbzkdCdPP&fccid=2d1ea5cfea74cda1&vjs=3
Senior Data Scientist,Srijan Technologies PVT LTD,"Gurugram, Haryana",https://in.indeed.com/rc/clk?jk=050b160da309e63d&bb=e6eLvopbRNzmW_jbw2AV7ab3N1PB8NBOFta8J1R-o9ItZjJ7WjcEf1dUu8JBEQ3Pdea9AM0daXRXB6kO9ELIt_48_QOGODJLUPzGbBLeUGjhMx45qdlaiSLLAQ3SceYK2SxB5-tEzMHbImruvCwyCA%3D%3D&xkcb=SoDy67M3jA45CbzCcZ0AbzkdCdPP&fccid=ce26d549c132788a&vjs=3
Senior Data Scientist,Switchfly,"Remote in Noida, Uttar Pradesh",https://in.indeed.com/rc/clk?jk=d7212d78474e7590&bb=XbERbbPy2qSIfOLjgbo3X7AE1UCwgDqzwSJF5UutaLWwGw6Ae6p4H5QlpN1JmhnuxWb7FswvhS1HCmggviMK2-44yIgEiHCH2HB56GeptkQykkSMhQF3Wjb2bYfX3rwAATLy45a87K53rORVZxrefw%3D%3D&xkcb=SoBM67M3jAtqKCzDVB0FbzkdCdPP&fccid=9a989ebfc097894a&vjs=3
Senior Data Scientist,vConstruct,"Pune, Maharashtra",https://in.indeed.com/rc/clk?jk=5ce12b41e9389014&bb=ZSXSIMs9D0qnX6GHDqRBPNFewBm2wESDYBSEwlMP7T6lVP4aC2Kw-qO2zrEYiHOtbNx7pXMPBzZnhZRAJeP5BM1GqY-duzz-ivD_roJHSCAX8YBAic59INyZJtaL3geJgVhmNgi7IAIqlD91ESJCAQ%3D%3D&xkcb=SoAk67M3jA497MTCT50KbzkdCdPP&fccid=7d7d6e1692e157dc&vjs=3
Senior Data Scientist,vConstruct,"Pune, Maharashtra",https://in.indeed.com/rc/clk?jk=5ce12b41e9389014&bb=e6eLvopbRNzmW_jbw2AV7YugYYZsCgLFLOLhU0CS1pZ14ueCQ-YEVARW_Vs8JGET44MM3SlOYcyuFgPiwFdt-jJZW-6tZ8K82LNwjfACoEElI2bPvh_54UNVstk8WvzJ_Z73g5-3SXyyRIpE_9FQCQ%3D%3D&xkcb=SoAI67M3jA45CbzCcZ0LbzkdCdPP&fccid=7d7d6e1692e157dc&vjs=3
Senior Data Scientist (Bangalore - Hybrid),Scry Analytics,"Bengaluru, Karnataka",https://in.indeed.com/rc/clk?jk=42321f0043552004&bb=ZSXSIMs9D0qnX6GHDqRBPCtJaTwLDRYonCx8ZPQ4iBfvTNAbBnWY65Bd0L92VrIlaCEHXGRkliSByYsES7Y82rU2QePYr6dGnad8U0AFR7SosDH25_8J5iP7juT2HSCZi_SOus_RoGnTMJ6r-XEEHw%3D%3D&xkcb=SoC567M3jA497MTCT50JbzkdCdPP&fccid=0f3c7d388790d789&vjs=3
Senior Data Scientist (Bangalore - Hybrid),Scry Analytics,"Bengaluru, Karnataka",https://in.indeed.com/rc/clk?jk=42321f0043552004&bb=e6eLvopbRNzmW_jbw2AV7WHDR3cpATwbMaxQWXS_7hedn_jz9PudskeYSzrnpihjGGJz1Yp-h2YGXEmQ-Khhuz3VI9CGopqoY44OiggOXzkTBS2AcAJW8AczmhsUl6jdrlDS7TLJQFf_vrZH280kHg%3D%3D&xkcb=SoAy67M3jA45CbzCcZ0NbzkdCdPP&fccid=0f3c7d388790d789&vjs=3
Senior Data Scientist (Gen AI),Bluevine - India,"Hybrid work in Bengaluru, Karnataka",https://in.indeed.com/rc/clk?jk=22147f3ad780f029&bb=M83dw3BgmJtHU7Dei3WurCRTJ7N9kKYpMssxZTrkMVCsbfXJjkK4U__5u9COZ9zY_TVltnq6hI3oQ6D71F9Op1OUNmBXtOpmj_nmXhNdzWumNVybeyrXRlxRglSjwnzSe6CsdkP-ZfPsA_Vze0XODw%3D%3D&xkcb=SoAT67M3jA7_OkTCYp0PbzkdCdPP&fccid=3c2181d40a370308&vjs=3
Senior Data Scientist - Demand Forecasting,o9 Solutions,"Remote in Bengaluru, Karnataka",https://in.indeed.com/rc/clk?jk=e3c6a49fa57ad300&bb=XbERbbPy2qSIfOLjgbo3X1WIsQ4vCfi4OMoyg51NHIBkq57QRju0AeLfI7g3tAM32MVFRwY5uLEo-0b7NB_JGaxHanOaXZZc67ovDc0rxHXhnaPN2cdrFQfiH-Ea_tkSav7ZeFOJh97mNJobJ61TtQ%3D%3D&xkcb=SoBl67M3jAtqKCzDVB0HbzkdCdPP&fccid=6a3ad03aa444a953&vjs=3
Senior Digital Innovation Engineer - Data Science,Buckman,"Chennai, Tamil Nadu",https://in.indeed.com/rc/clk?jk=a1d84e8e1841e292&bb=ZSXSIMs9D0qnX6GHDqRBPN72Fi4-vgxIn6afRqvJTCiAGSWFof9m2Rux_s0OKBMybiDQph53o_aSmk5bupFuIuI8FP6T5piJV6drQuUFI5GKy_Qw0GpEAd0jw9XZU9G21J76WO_62SxYQ5KL6IKcgQ%3D%3D&xkcb=SoBD67M3jA497MTCT50CbzkdCdPP&fccid=cc8e6e4f1597a7a8&vjs=3
Senior Digital Innovation Engineer - Data Science,Buckman,"Chennai, Tamil Nadu",https://in.indeed.com/rc/clk?jk=a1d84e8e1841e292&bb=e6eLvopbRNzmW_jbw2AV7RLc4SqEBS1byY1Ev-jeOtVqEvZQwA4td-hrLUITVCwGt7ZLbnL3JrkyNAmeb2taGQzJxXyvVVqa6ibOXzNp_19PZ1qKw1J4K6cCYgZAlBy_x1RZhREsoWMQ4UWrlY-vJg%3D%3D&xkcb=SoBV67M3jA45CbzCcZ0FbzkdCdPP&fccid=cc8e6e4f1597a7a8&vjs=3
Senior Engineer Software-2,Empower,"Bengaluru, Karnataka",https://in.indeed.com/pagead/clk?mo=r&ad=-6NYlbfkN0CyJmwgmcHBoUwL-M1HuuConG52jHt21OR0WSEVXD54SWSUdQ3Cqs6QALrHEpC3SBG1y6Fo-PF5atPMzcKQpmuRRY-p4qPpS4_gb6_D-QEnobyRXiZ6o3DO5lfwFyJqYcITOxHRpZ2GL6cQ05dhgM42h11Ev_NY_MfuLoqFiQMVfThKNtfqEz1H8N1UTKmzMLjx9T3g88o5qJbOE0_G4ZMr3dU9YjMXIjHiQ5xbNWCT-yb7WVdBDL87sfd4wjW2xE6gKC1HQhhvPcsQVRh4ylGspj9fdPJ8qJQwOVv_vw0mXjiMpLdFubK0jGAxVv_qdh1TLndsJL_KJKhD75b3bMjKyTOr2zl17NZF8bQjsKHuWM5kWRe1iBPw3R5YqviSoJznndjC6_J3CT-2D-WwhBudb1Osq47IhB28ewDJnPjtA4ysV3wGE9rlSyokKPJcpFFpVnYznIZJ7sSwS_6sse7dj-mjJ4ig8QI6cvu_jSl4db7Fs6phEQTduAABat4B5VianU7DKn8eDKHjPXMURKI24YaQug356xImcZiEwJcr66DVgwCPXhqj3jqGFnxwS6E23L0ncNbDa-r8RlhAlA9JByX-rj25ohb7Xx_4IRwlqyL8tDNDJKXlo1lMuTdg8VKO8lEo_ulFdCcU_yGalR5TNRAv-whp01qrI6Nyum45CK60pFAxVPwFEwW58XHDRHx56conZf0XzOoTzgFssPcUCj6Llhkxa08H9Q02hO9OXZrXT63-GNREIR8uJLx6kj0yhN1jTI6A3K8zH_DRMtAKvFSpBAYoC7KDzmfe5n6Mz9Bq54EXYDXA&xkcb=SoBN6_M3jA5I10TF0B0DbzkdCdPP&camk=UoKtGZLa3XIxOc0Ffa_ziQ==&p=8&fvj=0&vjs=3
Senior Full Stack Developer Digital Product Development,Kenvue,"Hybrid work in Bengaluru, Karnataka",https://in.indeed.com/pagead/clk?mo=r&ad=-6NYlbfkN0AnH6HNl3qg0QQoMtxRKZBdeOxG4LsryWJUV6u4ORaRKqUckZGVeOJzLn0Eg6o8XYLamYRWnQNUXSnGuYe65I4lzO5FVhinuDSMqlFGx9Rtb8voEJPu70ePqtxN9cu2pbg1oXJn1Dv_aXSZQwYryEA3uZlxmFV0QxLOzCa_rS3n08l7miPQ3YL2xNV5hcsIbqFqYiE35xH8X7Ho6ggWxFCtiJxAvw_OzcCG1k6WQv5-5JtioWCpr5cFcYd84v0-IIvsavEC0e12lqU7kYIUB42XNHUqNQSQLQ8RdtIBC824zxgUzeXfxIxuM6SM4KPxnJvRBKzvDHteeokwAJ9jJCaSet3U3H9EousSMumuOR9Wn6t3qz6gPvJKp7aTBD13jErrL2CqpTulD3m-XfCL5CBpBcN-WANmUAJymMK4QVN_l83R8zj87XSUGJYOZCsENFCQJzeWE6bBiOtuXN0KQC3Zp15_YHnIBvhcoAo3AKbVKXPlseY_fRX1r0lSGOX6nfVwjKQNbKTGA65Q6KKek6rGDmuQFurivtTGcc-O8icAjd7Mj7LFk_k_vplxbl9p2dWutsBm8wP8fQPlywm6i1tmKPLhEcevmqpxq-t5MUBxw7x9-wm0hvtOOT6EQFm4jF__pQs3QmPJlF9wAbX9p7WDK_M2ZHrHT9y4uJ4Je6CxstTLuh6afJ2EuJx5-x3LdrYCqMSP4it7vMnvhKkVkFog1SfVc2g7UrOs-cBoKq84BroQmMmTPwlO8mnpp6oMMR1LDnpn03IWKuxc1zt7A7OmNWGlAb6VabNz6WtnjIVnR1sDUt6cfCAYzDZy-s3RLNvvy34Ry3jKv5DBOywxDtiZc3zPoIYixQ3_jAh1zi2y5gXXtKv8vrTa&xkcb=SoAP6_M3jA4yH3AfKb0NbzkdCdPP&camk=C3EPSzFlQw-Qts97afg0Vw==&p=6&fvj=0&vjs=3
Senior Full Stack Developer Digital Product Development,Kenvue,"Hybrid work in Bengaluru, Karnataka",https://in.indeed.com/pagead/clk?mo=r&ad=-6NYlbfkN0AnH6HNl3qg0QQoMtxRKZBdeOxG4LsryWJUV6u4ORaRKqUckZGVeOJzLn0Eg6o8XYLamYRWnQNUXSnGuYe65I4lzO5FVhinuDSMqlFGx9Rtb8voEJPu70ePqtxN9cu2pbg1oXJn1Dv_aXSZQwYryEA3uZlxmFV0QxLOzCa_rS3n08l7miPQ3YL2xNV5hcsIbqFqYiE35xH8X87GnjeTFXnxZHP3UIk8YOV2dImfGKOZ5bhnlex9THbEfI69b-YavHvEgLSIBixE5KHiUBiXiDjYHl9CzLERUHYee0RdW26oFtN6UwLJmEk1r25IJ7Vx90JY4KzwKZpUAXGJKMDzLYlYinKIzHYX2mqm6QGNl24QjB6cZXmNhP_KZmcVO6fsh47VaRwzfeo6yUV4f0nH_M1WaqR98uHRMXXFZHWG_xhH1MNZnlR498XgE_zhHu8zu7eDDZ1u-1MlpbqbfhCLJCYYtqcKhft_47-_juuOA1GnTs6VOC-pJPwkiiA3zBTrMzp6-H_sungJuvUzQqE1yxMNZy07SNthjgcpVK2em3BJCCjCiT6f-q1HDK9gDN5t7wD_dL2V8kOyFe3zLxiVsqIycZNgeHivDaRFHINLerNweEavCpHcrfIher0k2UmW9twboQS-7q2u_xaEjZzk9rPrJdZ-buD8QYs29IKY1YUfeRK58S0UDqzSWy4WXCIsdEWhCvkcHywC-5JiDw05UP5z_dSTQfrYLt6CyUaUGMkDYHLglIYWnJtSSqbNvu50faYhiIos9zQch99WlLa1IrRerbr0N6SZvr9wD-b0Tf5LJoLnKy25PFzAUUZrgn033K258tELD66zLnNsqTjOQG9cIkARzJgQyU-v87M9dx8vdA==&xkcb=SoBe6_M3jA5I10TF0B0HbzkdCdPP&camk=C3EPSzFlQw-Qts97afg0Vw==&p=12&fvj=0&vjs=3
"Senior Full Stack Engineer - JAVA, React, AI",Optum,"Bengaluru, Karnataka",https://in.indeed.com/pagead/clk?mo=r&ad=-6NYlbfkN0BWpgndjYL01xMr26yTqLCDFb3b3BUdaEwmMV3w6lpNxfdb7iEvGm0gmfmM0o9B9H9azCCnJX2KMEu1IDIg5i_EGF09IgosygV21K7cshhoQaU0mHmsRN8titVgOjBpCv20iH6fZKfj6L8juPBeKZu91AeupPd53eowrMZ2pTC1zgg3NxiKImagsUq5YXT8JpdTlxXDc1fNNreZa7OOEBG0Gws2FOryVsmh2HYbjav6ahn6uCpHKmTL1xPkyuvWCl0OLL5aYJv7ukA_HcxBJyRrxzgiySXVobSmYFRZwemL4JUH16WqfhNL7kXafn56ZN8qTFWG98FMZ6taBdk1gdRjb7phTgH-x5Aupu7UNe_gE-Fi4A-xg07NdkP9UolI0RoYiAZHaJlPVD70IVwbJwgkSUvXyU0cWylGcvOov03d70wATdXxJboJvjdXvqX52NMfG8UkMppvVUtLymIX41Zg6Fqp3qC9Hx8gdn15tXBrgksW04lEAwi-q1kNa2zX3sBc4gUN4mhXUEepMI5MAvRNgFRV1VF-XHrVHKht7L6b96NMacl0fuFqKnBQ3Q8IoPu6C6KuTrRUOrgs62E-G5wGN72QwkQ9T9EjVanchZQ-OOwvFo0A3-yCQ1LPgLMn-i_ulySF6hcnj1vASJzuJhuLqPQF270TpoqpV6lD4lKrJokguwsRiuRCDl81gdqtFZYPOhUiP2IualHljvednZI5AZyQYwGN2lZvMSywjbh_kQ8RDVjCJns_TVHcLe4oFCFeh5Zzpjfpja4Y30fpetJsEjN6l8WBySPoov5Mf6DpdBv3c0n1qig94_6fS_tszSg=&xkcb=SoC76_M3jA4yH3AfKb0MbzkdCdPP&camk=ethIe0s0hed5mhSVDYdqwA==&p=7&fvj=0&vjs=3
"Senior Full Stack Engineer - Java, Python, React",Optum,"Bengaluru, Karnataka",https://in.indeed.com/pagead/clk?mo=r&ad=-6NYlbfkN0BWpgndjYL01xMr26yTqLCDFb3b3BUdaEwmMV3w6lpNxfdb7iEvGm0gmfmM0o9B9H-2gDqUDz3f1qPiJKsLutGFoUjFYmgKVkxY0JUAwM8JhO8bAtKE9uduA4_qZpToJ8Qz437Oj7YEjz75RHdq__YsXJUbEqCfM3LApXs5l1JteiZ-fEi6L4z3gyZWfxUO-mva3oa00_7rNSskU_OJqcPhcy49fZDEJFfcFnZo_jJK22husCWm3F32CqI-ticd6wkMBxU8IyqOVkPxEKACuTyfW__4v8STcrADh01cr-EreNDCgX3AcH5uHzINW54vhClnLNXAGQ9By3tU09cqxKZXTKLcS5m348tMncwnjCmn3DZEuW4W2O0Rtj38HZuKRmuXOzhiCSeX9nxEyAljhIYBCZa9AzeoKcbXoZCoj98FSWp-kNpZNJ5Pj0AyqY8HUTTF2Ol5wOSMlMASfBAgZb-L9HeRAUkWrFcbBskaO6ghWlen8nG5ZfiyzrQ7-huHGcfvtKvJm9HGK6ZHnh5rjDmzPqlk-d-FRe5PBNtyuAjV5lIZFW3t25JwdiZm_ikkWm7c2yg8HfEEV6ECNmJZdx7NgP3iWU6-s6lusIpXmQU7D17vm12udDjDopzEnenPOZxGYoy2VDkINKaDxRyZh_mKJMGZe2j_mqXDWb-5fkTcg_sHuZzMtD07T6ceYYFUzxeU3yRdaCm7v6-kyeXtUlTr5PtF3KZHX9c680XQhD5LOxyVldW3-g9Zswjfp09KLcvSbBWHLCvF9HrSAPWq4TZw80yIGq5mssxSqzPWPOet3eqkpit51EAw&xkcb=SoDQ6_M3jA5I10TF0B0AbzkdCdPP&camk=ethIe0s0hed5mhSVDYdqwA==&p=11&fvj=0&vjs=3
"Senior Full Stack Engineer - python/go, terraform, public cloud",Optum,"Hyderabad, Telangana",https://in.indeed.com/pagead/clk?mo=r&ad=-6NYlbfkN0BWpgndjYL01xMr26yTqLCDFb3b3BUdaEwmMV3w6lpNxfdb7iEvGm0gmfmM0o9B9H_f79WC9FQaqhbsz8_eZFMBnbkvWS4uof7neQ9Los6XR5v4RsBBSZL1W38caOyXjuRYkHiZSa-9-WTUdbFYJfNX620kmw3m-L66xjjg8JPs2Za2Y4q04QdbPi2wvI93B2kmGtWxHG0AWJkj4SAExEAUcJIpq67XBfQT7dPfewE5WuVRUlhNFL7MKxQ4XwRv1OVqD5ldEFUkaZjtELFnDI4JXjJhWRBIQXj21OFa2jIgpMnWYQYfHVwjtOq9K3yrqDpePcMt1EqYL6eGU0kG30OUJMettPWTTclv-liCEIEl58dJOrCIaTaCeNiRU2z6NHQM-L5TuQpdQXTvvEPXL14ZO847e3kvUASdoFyjazRsXc_CbXisXOHdr27OfE9zDG9Mo6P4Mr4DVlgTmwggegUi6UTIe7Qdru5MnubbkW5ICZBCpcmlMinFQ0sF4TT0pBNqQIX8_l__pOybEsPjHtjWgoF9dueA8ywfX99ZuWH245TZgl2V8U4hLaXsUjs0KRkpZeHBDbke7eALzJZIbU5CNGBaWiGXES_-SMa9ULm3J4t9AHE6yJs78S4YhQ_U_GW0oyQLqIjDEnDpjm9PWE0tbhjkThpIAHHR9YGiVgBUQKpEhayC-dycJaX6Gz57IK2DlWnZgkmSNCsJNczYkKxzPqFgmC1XQBpS_an3csrJnOgBPpta-6CV-vtvTZ0N37eLup6Or4K1kQ8rUrFgxl0MX2QUfzTje1R6i6WrkDzxsRSOV6GZNKya&xkcb=SoBk6_M3jA5I10TF0B0BbzkdCdPP&camk=ethIe0s0hed5mhSVDYdqwA==&p=10&fvj=0&vjs=3
"Senior IT Architect, Data Architect, Platinion",Boston Consulting Group,"Gurugram, Haryana",https://in.indeed.com/pagead/clk?mo=r&ad=-6NYlbfkN0Ad1FFWZOsBBwBZDGouyCcICeLSd3pQct3wJ1q5dPO7JNFPcbpYQ1XCYdTOV-ko2T56QocmuqOZhHkai0tRReTLsSjTdrXWOppBsqROpRagcl6X-Y_JEDH2GPXrHG2kehAundBRJwRLQI749ilIjIsDiH1jKqdzdAo8WiZUfGGDYbE3XADajMDbG0PGNxWF7CH0onL27nhlCqNH_K_3z9y2qQJruehHSLtwOEzTIld4kGqFwmebKEKBTTG0t9yPO2msHzwxc404DqDVGFv30zBc94IBlvl3qCAjZszhRdCS4UTFCh6e_Qo-LK999rsgTJNlEGrJyBZlmIfqGAzUEsUygwrOSdnGu012RZCMcGiEpztanOlemQLaMiQ254V7k3ns7TeDUyC-JfljECr1f4NWnohbmnTnn7YZ9DpWMdxQDmdknTkP2OmOG_4bt5FxmQIirPpo9u8B4X9kVAvLE63QljatvnfwZo0MZ2ysvJlCS-AX3CyBItRQkGH5kXGOswabNt6TOJ3SaYaQoAJekfdKxqoGqfXOXcfMqFhFu4XJN1jXHYJmDnvhfHLK8CbxizLL4UD-wxJ2yYReHBDNwUV4eWnUpubdtYRVfUEmZWU1o48KzSlfCsX16ZJbXhpog2KDq1pAmNs0-Q-coeiaAROz0kcfKG0OB_AvG16bpSTJ5G7_-_sBE6EGmsEc1RnCSwDK_PidEzdArwmhiDJjHaiZE9wFLwfxCPDlRFEjpFzaygjXrCF3yeH9Gf2GEOTfEsj9XJv0quy04lJmkXUllhMVFHx4ok_7cuAaoPxNRIEkXF283Cdc8TXwSJ0_8BMIFh6l6COJRULyQlDAOaJccmMOUeql3_GiuHYL_GGQYcPAAqzvIDNAuF9FjyuvKDOT29eYUIAekO86gDUNnro3_InEBT_QYcYAfLI3JAQVIzJxtXPOpSS89ps_n2moyN-jHWnbxxusGMOoN5tyJwjILWet2lrY6B7kPOLhePl1U-59daK0Jhp8mTXfZohnjJg-eqapGoYFw3IN8mDTP0x5-hymkUkmHIsdcChBHnt8ifj8edfw-mpxBKFLRRtKAsMj7Z6-5ruDABB2fk61At8oKUPwpUa0n5hkZztZlDm9Lac8MbUmXrZLSjjgRz15QNk13AN1mJstyYNgRnMbYiua1UmvyV_XScAZPEYOUtP6qpnOTRhGytn42VSdF3TvuGR8oKiv3ygZKzzAvJctquC1a2uvPt9NRHB4fuK7TE0JuvvB_37sUT29rrm8faZ79JEsnxJIM362oxG-u2mn6ye7YGt2Rt2oMgbzYP52cQq_yEafLHIHaxVHN1x9S3gQMrUYd12L156ZGRjTHmJrp2LcQVQEuAqkkWVr1rdyLIo4LX-i8_9LzT6t36vY0UlT6afTN61RNun410BSzJXKpOgtPx5r&xkcb=SoB16_M3jA5L-WzCYp0FbzkdCdPP&camk=C3EPSzFlQw-Kxz8aVjN35w==&p=9&fvj=0&vjs=3
Senior Machine Learning Engineer,Wabtec,"Bengaluru, Karnataka",https://in.indeed.com/rc/clk?jk=bcdbecf146696b03&bb=9POcATjFhUaOuyMOGZkuUPYNDp-JGiSL0B87i4LH9ayGNavuNcR4xvYqWRSi-mlB6_ApT787t4I3y1FdB0D32RvdM6yPiAmtocfl2Q8ikKPkPfFsBgEVmdWejcyfMOdO48XaJkalUvXOCMTa8Qv8hTO64zndifvp&xkcb=SoAx67M3jA73XJzCVh0BbzkdCdPP&fccid=4f4e9de46f588f62&vjs=3
Senior Machine Learning Engineer,Wabtec,"Bengaluru, Karnataka",https://in.indeed.com/rc/clk?jk=bcdbecf146696b03&bb=M83dw3BgmJtHU7Dei3WurKgapg51KNEeBmh2iesfnmGB70FDHDD5Eumhaw17QRoOq9ybNUE375lIRoXog8Fgh46rIXw5Sa9FlsrIoMoNNx5DraRGdAIf1h8UcYgvWrxhYJJEgG7jB4TX6Z-Sfl29rw%3D%3D&xkcb=SoD667M3jA7_OkTCYp0AbzkdCdPP&fccid=4f4e9de46f588f62&vjs=3
Senior Machine Learning Engineer (Delhi / Bangalore),Codvo.ai,"Bengaluru, Karnataka",https://in.indeed.com/rc/clk?jk=6eb272b7c3c8fcb8&bb=9POcATjFhUaOuyMOGZkuUGSdpaqO3NDxS1J31P2J5zaO5p_Mp2QtHja6zWJDC2d3tfTNkisL98R0OB_L9tSt0xHeq-6-YI8Okx1PHBLgwyB2qQV-j2tL_EZeHQ6448heARw2D2QqZCo0xvOEJQpAu8p0815zEq5GlG9c_OvljvA%3D&xkcb=SoBs67M3jA73XJzCVh0PbzkdCdPP&fccid=9efc09e838c49044&vjs=3
Senior Machine Learning Engineer - Gurugram,ClanX,"Gurugram, Haryana",https://in.indeed.com/rc/clk?jk=3ccd7f88158ce88f&bb=-hVIZrT74NvMvaeZ15EGA9vVlYXDGkI8EXQ-5D17-PQ1nZgxxRTEnDFU679Xnb5hs3JxTf-X-NUx7VWX3_MBgqMeTXTrVUIR3GYj8jpzACFsEBny5PCtJjNRqVli-vG-CIlPRlUcHkLMvbF1yYHf7DzczVt__hGtI-FrhgjjMeQ%3D&xkcb=SoCF67M3jA76IvTCVh0PbzkdCdPP&fccid=f1020d68f89e2355&vjs=3
Senior Machine Learning Engineer - Gurugram,ClanX,"Gurugram, Haryana",https://in.indeed.com/rc/clk?jk=3ccd7f88158ce88f&bb=0yFN0yDmIeQes4DuWHG9o_BljL2vKGO_Cx_1_geZfagEF2LmDUsAyq_7w2HhkTSwMTs0dX_ITc68Br4JivLgaGfKnAZS_SzMYAeiOhoJiJDMiE4q3rwl63h2HL645uGlh9vn_2Cj0OEE98yTzv4AmA%3D%3D&xkcb=SoDB67M3jA8dUEzCVh0IbzkdCdPP&fccid=f1020d68f89e2355&vjs=3
Senior Machine Learning Engineer - Gurugram,ClanX,"Gurugram, Haryana",https://in.indeed.com/viewjob?jk=cdef0123456789ab
Senior Machine Learning Engineer - Remote,First Advantage,"Remote in Bengaluru, Karnataka",https://in.indeed.com/rc/clk?jk=bd428209d1e9db59&bb=M83dw3BgmJtHU7Dei3WurKmDcF6zHT_PC16BLfkBktML7cRcWU3hCs_0RbgAd7idnQAls5nhNIrvTWgccShS4tdH1uR8XjBucJflNqM5VQEfaD9p5N5eqinVzx4-oRdqI5Pb7AbmWTw-kQkqy3Lmgg%3D%3D&xkcb=SoDA67M3jA7_OkTCYp0GbzkdCdPP&fccid=3e29003285775ee0&vjs=3
Senior Machine Learning Engineer - Remote,First Advantage,"Remote in Bengaluru, Karnataka",https://in.indeed.com/rc/clk?jk=bd428209d1e9db59&bb=lctUE6_6i4Vjs1OWuWHOYVpE2keD4JzMLHg5bddEQUCTvEhVZM06cJBl26XvoZkUx37VQ_Gq9Wv9V0JYqymFlE7iUtK91cYN7wetTs89okTq2G3SP218f-wLQMbGm9SdHznbgOIdB-cZqlN79oIyp-XskTH2ZSw5&xkcb=SoD167M3jA70z6zCVh0KbzkdCdPP&fccid=3e29003285775ee0&vjs=3
Senior Machine Learning Engineer / Tech Lead - AI & ML,Civo,Remote,https://in.indeed.com/rc/clk?jk=1b1cbc51018d9989&bb=CaEVEDiKwnCVkjBn5WooHi8RyW6MVs29JsRlpSze9Xu3yZ4BzPiWCppRfEYbm8OSPx35s_g_t47EXqfrz71BHcxINWaXGSWhqRkSAxRs9Y0XtAYLwO3bIzhQ3E-pSyOZ8-3eZM5EM9CqBaN4NDYj7w%3D%3D&xkcb=SoCT67M3jA8BmlgfKb0ObzkdCdPP&fccid=664aaba8327b56cc&vjs=3
Senior Machine learning Engineer,Bosch Group,"Bengaluru, Karnataka",https://in.indeed.com/rc/clk?jk=9fbf9fb039f4a396&bb=9POcATjFhUaOuyMOGZkuUHSuPDED84Rb5fHmAQ-TQRH46qSK3tvwc78Yhnw8axORDxAz3CSnUKEcOlYlkZot5JwVXL0GtFhgWq--yaOXgDH1816G20pzt-BTuKezakX7CBEFzSUgiMaQ9QRlB9a_7WAcafhsG_tq1EzVDPlE3c0%3D&xkcb=SoAL67M3jA73XJzCVh0HbzkdCdPP&fccid=a2faf1301ac6ad4b&vjs=3
Senior Manager Software Engineering,Optum,"Bengaluru, Karnataka",https://in.indeed.com/pagead/clk?mo=r&ad=-6NYlbfkN0BWpgndjYL01xMr26yTqLCDFb3b3BUdaEwmMV3w6lpNxfdb7iEvGm0gmfmM0o9B9H9azCCnJX2KME_qHOLeGb5YEDof9yX_3qyS5TFjxs_kRf_2D5rZJ81MNM3qbm8V5xUfS9YncQpPn7LQnrZZW3mHNWCCuNm0uypDIf2q-VAGXhCSbya1zNvOJDGd01KTiEoQwexHWlJccGHS-OLv4_M6IaMs4qW9XvrH6SG0HT6L7PSruDakbZeRoznOmq2bJA4dgHvkVZo_S-F6JKQ4TQSHMfv7YhXVRXn_XzNwwp2sudcXWoKrGY-KUTaO1K0Ph-TWCAuqHXS0wZK41Zsst2FTHLQMPx7wJT5WBojBWRNQHQIeWNQL6mKJml0Us8Eie0WhpW7kFQVn9Uu7ejGtSV6lF51dwCdtcolbw7Mddicp6F6kGGQRfYTPf88LyaYFgVNQIxCcYKPwN6xFw23KJje5XVgwrZyFkIr3mRqjFH6aoiLZ0e-_e47eoi-YNTkgVcrnwrZx8v5byNk5rnlPy68o7Sslslilc72wJE3hyzMcCkHVEBzqurOSD0CGv3Op6Qn6FTvcuOBmaNDdLdtXzbBo1qlKNlwq32QntXhtALqufnrEQbjz1w6WR0B561UFP4yB82ndwwZ431rUywuD_8u4mY14j19BPRhCagUgW0yilgqlp0SPO3K3N2ZWKK0gCKtPSl7nsEitq_iC6ReCSpW6g_x6Oi2cq6T5It6k4CxqMpB2pe6pl9gWIajw40RG9ZWi7tsLLNnrLoLoe0M11zOOyVrLX8Jj4-uPSQIUdtnXNQ==&xkcb=SoDq6_M3jA5I10TF0B0GbzkdCdPP&camk=ethIe0s0hed5mhSVDYdqwA==&p=13&fvj=0&vjs=3
Senior Manager Software Engineering,Optum,"Bengaluru, Karnataka",https://in.indeed.com/viewjob?jk=789abcdef0123456
"Senior QA Tester - ETL Automation experience (must have criteria), Hyderabad - Hybrid",Syneos - Clinical and Corporate - Prod,"Hyderabad, Telangana",https://in.indeed.com/pagead/clk?mo=r&ad=-6NYlbfkN0CgLV01otWyadW_0bbvTXVl61lGcm0U3Pj_PD6e5_oZlJjK7W9KuetcpJ5DOQ2ko3tB0eedR0aMAaTLQhVc_yyayONOIOVEOGY2Jk6FyrHzhB_GeJYK8SyvMaI2TLY2LxTolotKtrqVI_uIl5QW7eG-FOKRps_PjfvtDFhg7rXXb0BhIzqvKLXLPpgtBkMjTLUt2hZSzehANgvGCTl6QoLz_4Z5IDgMVQUH3h-ddteixyYIiCLb--co36CNNnoeFkggMCRefJg5V_A5mNcVKQGweabWgeHay4qVxdp_m7-x1Jyz05U6g6LA03AD8ZXXDz40pAYAJe-4eY1zbpV_aBLzQ7cxJSEFebhJ8_8bHaNJSKYD3dGB8OEr0ag7kKsGqQZUgvowO4oBDOWkqInhTZgWvmsTTZQQFXLVTLF8yigZmQ66-lV7b4RpXyAybDBhZD95TAT5kjVdLpxHLnoTo8IaBtExn4SRXO3JHrwk_VBHhBh4xbkVb4IVK8ldP5f3DPHOYNJcbjkt1RzIgH8emIUWyviEItZo7NgfJ42BsNokJ9mzLvkB9yV6a_sfnmraMDz2PLDz0UjzoVCMKyqG903jt6MAls6Hc_OOf6kaP67VHpUFsS6EwijA2QWNGb8E1n6B52FE5WqU9o9FJxIJEwmLaANdTqzo0qx5q2qPNmejNZh2O-Dy-NxWczzQ2XIOMy-Meb16WE2r1iBsr0JsjaiGp_o6zZaP7eJgS1bI7AUWqHOUhcDo_juueAyLo2OPH1c-P_pNUPbUvhiemkVqoleJ-b8Y1nS6qyJfrJXBijg12DINucfc-xbw5umQRUVirXkrUtwBIIyI-oM1cTjO_yPro0KRi56-mmdCuXras2Sek9diU4qAXQo2x-Z3Z1umvhkXW4tRYeqnpemCkJ44JjbZ3lwD36Lus9adcPTkUtMNluG00OYjQnDw5CJ3n6SX2FI=&xkcb=SoAQ6_M3jA5I10TF0B0NbzkdCdPP&camk=C3EPSzFlQw8cXur9s-3rAQ==&p=6&fvj=0&vjs=3
Senior Software Engineer,Optum,"Gurugram, Haryana",https://in.indeed.com/pagead/clk?mo=r&ad=-6NYlbfkN0BWpgndjYL01xMr26yTqLCDFb3b3BUdaEwmMV3w6lpNxfdb7iEvGm0gmfmM0o9B9H-0CEbCCZFJv0_NMlLHxkZspOyxvSDWH0ZZtvfEQuwny0Ba9IDz0dVDVFiIu7jWASwvQ4Qi8TSrr7pQFkFcYZhfoS0Qsy4IlIfe4Gl9QwbduJV3i0MUY4Bz7z7pFLEY0SGRON54PzgB9QICOVYC3MQBM6D1vo8pxL7pXmS8kv4bInBB8ffeqWgYswygvYQAM4sUC5iNEcsQo-MYg210WfNYERDeKSFs5e753TADChI924DSKhEZB4cd1oMfKXMq0aShiYR7hGZnFatufu0llpKX3s7XfBd_DX6g2TAyqLY22hR-NpcXhldVB89RjPBKruShTr8AIQ-LFq2_VlJEXaOeiIt3QCUUKqhEnIEbUdC24l3ACfvC3_nEPF6X2xgu2tNpvxap3hvcRXUVRGXkoHl8ERfxVLYffaBaMdWJeAvJZMDAt7V0u7Df4hCwP87s9xdXpzNC14cVd4ouVXwP_Wr3ZM9YFsZtmM2fKumaCRoN43cvTY2rwMMuY8cRIaju3l4ySIiP-JjYgkUdnR35bvX6dvpepM9POLoj9BfarzmW2LSGuJRkkp3ek2AIqrCtzE6xTdihpjnTm_EvLQ8_D2dffAZ0YxB93JQwce0pObd_PeVfLFroaF8SKMZZ31wV5RAiGcTlD0n1rCaaiBMdBze4_cWTp1y_7pzUdZBmKsxAHKMn6WCXzVH3nzO2oq8RJVMXyrB6efWwIKTvPTGs9b5foH6AV9N1TNiT6OZnm5wPzg==&xkcb=SoCJ6_M3jA5ATfz4kB0AbzkdCdPP&camk=ethIe0s0hed5mhSVDYdqwA==&p=11&fvj=0&vjs=3
Senior Software Engineer (Machine Learning),Maropost,"Hybrid work in Mohali, Punjab",https://in.indeed.com/rc/clk?jk=366c83bdbb634c26&bb=9POcATjFhUaOuyMOGZkuUMPvZIYv4GzcenoHw-mflH0Wc1dsHGR9BFW7nmMUriX9vrv5-W6ZYHlFc04CgM7xWktQpVxZAP9tj4aKVwob7NsEVdMn8_efl0JvCgR_fIBtzAyWfg4P8BH1j9wtOCHV4khbfOUT-ukHwg9B-qbZSB0%3D&xkcb=SoCF67M3jA73XJzCVh0AbzkdCdPP&fccid=8da401461eae8c93&vjs=3
Senior Software Engineer (Machine Learning),Maropost,"Hybrid work in Mohali, Punjab",https://in.indeed.com/rc/clk?jk=366c83bdbb634c26&bb=M83dw3BgmJtHU7Dei3WurE_Bkkg93FhT7fOkc-Xf_zcdU30cEvvNvbURMnuROB1VZbUPjpSjliwGkew15JNCcVCCe0c1M56gxrQI2N8G7gvI-uo1x9hzeV1kAeTirTeJE6AZNA7d-bW7O5vcG8052Q%3D%3D&xkcb=SoBO67M3jA7_OkTCYp0BbzkdCdPP&fccid=8da401461eae8c93&vjs=3
Senior Software Engineer - Application Analyst,Optum,"Bengaluru, Karnataka",https://in.indeed.com/pagead/clk?mo=r&ad=-6NYlbfkN0BWpgndjYL01xMr26yTqLCDFb3b3BUdaEwmMV3w6lpNxfdb7iEvGm0gmfmM0o9B9H-AnxPPvtZaqMJflUQLo7qFNptet7e36x2UEpj05XokbhO1_JtK0iP5-5fOYUY7FQUZG6EjR4he9ZVh7rGwAuy31j9o4rpfIX6qN0ndGRp60FfAojDflj8w5L_qRuAD8VK6zx2_z6ti4woYoYx9so5_sV6oSIuWrAp21k1uow1JkZIL-pM0M0DDIsjrwlino_9gdHcZah9o-5rjYQZSPPs0AZeTmdA5gnl1RJ2qs6Im8ko0x63DaHrzNbaJyEmWk96PtOkw0DPGMS_w58t0CltKABLuzj93t_nVWb84M1sqBkxVyLnnS18WKp2LvwAnMwPZdh42QnJ1DqwH6LQ2XsMpwDNdUpezG92nqeglAoPyebSIu0HbIGXlatJnn34HitLrmG8WCrkhgGQQ16GIomzdnKWBsrVyTRc1z6MyXODRvkreRsbJ6D9z35yQwStP1cF6fuH8J5F06V9vnosKxk6EcGhtp_mEDcB4-wgPEeZTZrszkje9w6l0wCbgDjxX5AgUYE3kFaVFapFIt2jrDYbr5NeYGRg7Lr8K1fdhCPXz6MBP8XWjKIZTIRzTWR2gsGp2GU5RtGcQOWW2jJNy5KY2np6c0cqwsbYANXqaM8ju9TDAaTonvzeMCJBc9hoFks5k0fN_q4RgMazR6Bm2rcTh6GZzGLO1UIf5SDQ5nU52qTz61SBpwtBfi0DjDD7Pcj2R7YYFm7XBC_NAQCswdqAIe2xJfeXHJtWc8kgmKxZ8yA==&xkcb=SoDj6_M3jA5PJiAepj0ZbzkdCdPP&camk=ethIe0s0hed5mhSVDYdqwA==&p=9&fvj=0&vjs=3
Senior Software Engineer - X Delivery,Boston Consulting Group,"Bengaluru, Karnataka",https://in.indeed.com/pagead/clk?mo=r&ad=-6NYlbfkN0Ad1FFWZOsBBwBZDGouyCcICeLSd3pQct3wJ1q5dPO7JNFPcbpYQ1XCYdTOV-ko2T6JId-iaiBwuHes4ALLPAyPhHnuSZAmkKemdLy7j7t7wXiiaAtOS1Q7PrTP7Xv3PlEJGSUTHAckXBn6uJFE0qN2_-EYqFQHW7HAMrN8X7cIRu9WvG9soIh22DPqJQ1yFWjy5G0RvvTBl6rr21NzfpCkVRrUhufmchdEiVZOsc1jlyHYUphGXKW_Jq8i-rLBuk69fhV6z8YYqHFzbhSuT_svUW0ID_Mo2qhC_5iAnLGNAj2W3oPJby7Dl8O4h8p8olrQiWP_6S-mmSFtziIIQZknmXb_L05bmtO11Lh6ncqhzh83W-BoCxkdmlBEjTAC4EskbKVvHAWq96UbFWyZHUyaZf2amoPf1GBRfpzbBVFnVY1kHlReKP-fOTaCYQgvIFcuZwkBGegUbAZkL42Pyy-NaRVIO1bu5FEOkoVR4HasleyKba9DJ9c75rgpfQ2Kfa750SEE9HEFUtath0kpYUMr4zTN1tFkgRuE-d-ihIiu1OkskEHx9gDpSD0o9IG57_cV9uX6e1QDUj4SX471-A8FrKgu36C6EAXBGzh_0mm0g-TJZ4mjM2NxpEFffpa2ecrA5pvdwL-k2T459ZnRHST8sYs1ZSUXaeHOHSCADEargzbIekdX_GTcFIPATTJv1fzmGdyMqETtKUEIWCx2uSVb4igkYlo_rWoynE--zD6AWshIrE0QlRniGFTBn0wvzdhvudt7bJvca3Co4z_IA404Ga1LdjoiIpw8f8d3giCFvJWlKTYaC1AofS7bjqvxvWzP4lHHswR8CSO_btjlJb7sTWC8fdN8OH0NYcaKom4gjAP16W1LKif0-9Pd4Z_Jwn9i8-qSXE3JzDVfFYT6tuO6juM3lGz-a7SJz5nHW8Onewj0gGSv_0vtWAtuzu0uLVJ66FlmJUCom5NIL0gYP2_w6c_fJnda7qZPLp9ikAMEU5sI0_RPEUJvjMdMfEn0sYO32xieoc92u6Cq64-MRAaSsssgm0yeOxA-_DmYJZc2aWfzcHrT5X70nKr4vVq_q5ODUa-ueCy6yM35za1ymCWeqmcv33rCba_u9QbZF3By-7gIL8EgAx4Z3JmYvLS2UIBwY2iyiWlRJhEbMxHQzzANhnn_z6WIhsXJa19JkNTvukwYIGeNUMcoylxPnXBVIcR5ItXr8PsKgcdDEJXF_5XXaA5mLF3Y2EqzDR7VyfuXrB4oTQ_TS82NMQ_2j0BH5Haq-AQ8AjoJWC4f-CVan0MgYNcn6h8FvlCL64u8A3Ui2IQekOJaaeZwZVR-KFveAKC5Tc3ut2V9a8uFfAk2OT8xks6TTjST-sOvyhs0SmpBY3NE0AxNZLUiDcyCyuoU5NTInUFCBD_QBAxg04CtlXeD&xkcb=SoBL6_M3jA8EXpzCVh0HbzkdCdPP&camk=C3EPSzFlQw-Kxz8aVjN35w==&p=12&fvj=0&vjs=3
Senior Software Engineer - X Delivery,Boston Consulting Group,"Bengaluru, Karnataka",https://in.indeed.com/viewjob?jk=890abcdef0123456
Senior Software Engineer - X Delivery,Boston Consulting Group,"Gurugram, Haryana",https://in.indeed.com/pagead/clk?mo=r&ad=-6NYlbfkN0Ad1FFWZOsBBwBZDGouyCcICeLSd3pQct3wJ1q5dPO7JNFPcbpYQ1XCYdTOV-ko2T6JId-iaiBwuE-bZ9FU1HSyEkLjuZ0WGej4UV7AxOMYtrxCecbH27uaLEsLF1elo_AnJQKpXmoFGbC11eNZQOyS_QjPJCp7FkCIwIDv65VZgveoJW1CBbdPUJxl921GbRCnwI6dIgWM3eFtYh9p14Pjlfm0tdUX6yDM1P8KXKToTe0zn3Dp54XZYfeqS_GPUDY2nDctJWEAZYIn-_8Jhiq8cvvva50BxeSxFZTTCZvq43QwcipXBTrv55qgK6bDzdI39WkHxYDbTlxxibKRDkaTpJEjIHlhRzsDzupu6k15r2KJdfx-H9H_nGZ7hjLDPQ6YIYA3wOVSxO0Kg2hXW-w6ZEdzeo91Qb5Y8gw7KtkwObq1NmbQR57BPYGQRSaSVlWKYQK3bIoyXf4F-nNmogeQzW9CYVvw6PM4sT6v_gf0B3m4-POf-32gOoG2SDQWhgtlPWnh9IWVMcdSyWvy-QtGEvBSGU-4W47TfoByBOwBG3lBBcKOea1fKaoElRf0hqhk09vUtVF7M-cySrvFDYiWvkOFDVURp8zORbsuZBlnvx69AZtg-SJ8V2gCNzAi25Ue7dGPW-m6wRiuifuyNHkmJLAMSUSiJp6XUb6VJ5LEXqAYFf2h24tkSTTBaj1IwM1aWLn3QX_mcxOjI0uRhDX8fhVL1LD8pi2x7-DRAFXvu5m6ztFcgpZQA1lauhhOqU_Hu4KGbuugR_bVzUoK5KLKaL_rYgr9SfeAnRsGxbDoqzNjKYQwyBzLW9kk9wGncuFR8GfavimEPtojMXD5qnpLl7CiZ21c0tJ92i4FHWS2IM5a6N7zFufI87cTpejAroEKKRhVRbLgQ7WWXLrhh3WO26Ce2iNr_Z3NxuVyZK-KdexhjRweZwyz9AJjNatC-BML2WxNNZZlZAMown41frR3QwYxA0yiLiO84Sa_rES4hG_d9z3V7HlHeDRlNAIC7jBJyUC8FCxN6aQx8F2ZIeDtdpGH4nxVb2LDrz_XXEwt9bpHpM_PAaxohGfD5MdyJqbz3ylTUmHFpBdEYNsF-hLteLyv4QhiGEa6pju6fwPa49C52zqIOBPKYYhXeQRXgZ_sPiqnj-CUUPZ2rz30jlXP6wY2pgf2n1gq5vZv2UtWp_1aFsS3ygz77uxj4Wo8zcNrBN8ROgTCgi8theuSUHS6i00XmHoIT7eN0MpjuF57vRXrOcugbAQq_4vdzv02hcPi3EZ5m134tI7unhyPnSCd7dic4rJ9nyakTdk2HKwtKjUEefdqXbghwtkMdk5KtnasiVbBsAVrNvaaR30DltwnfJbQQg3UeQhKkTGxRPfBSMe5TSdMu3ELYVuQ7CYdvP3AjYicvj-bolo5Rar0hnv7OQJKa4G4F3Pirb8vq2xRlw==&xkcb=SoDF6_M3jA8EXpzCVh0AbzkdCdPP&camk=C3EPSzFlQw-Kxz8aVjN35w==&p=11&fvj=0&vjs=3
Senior Software Engineer I,Optum,"Bengaluru, Karnataka",https://in.indeed.com/pagead/clk?mo=r&ad=-6NYlbfkN0BWpgndjYL01xMr26yTqLCDFb3b3BUdaEwmMV3w6lpNxfdb7iEvGm0gmfmM0o9B9H8sAQHaSDZOWovcsiG5sIywRZppAAqkGCwUg0eH1T7NrnhLfmtvaeouVEJU89uswO6OxpIN24-k-B0Z1WUGJswuiH-l23tR5pCLRHVtHonispsougcpDeZOOXflhftpD58WiwqECN8o5jjBQ305FNkbPK-a_3k6uoUNy45ZQPIUKneab2Krskg9-q-4m_ghnKSIv17OcRmcukEjhjHl4fDIG_Hw_TxLWsTaYZPzj1ap7TOtKLtwnC5QkJy6FKMOlD0x3kyO2hSnKA1ugqbEY92eB28oJ4xe9UTECe1F44XsiMZVRm10NjGaIeaaMKqvXl2Mtg9-Id6pEbCVHVOY6ptSFtLZgjsLzQ9QA5JVsAtR_WaKJ2CC4rYfixhBNCBwZTbrjOa5wSIvTfh6WaACIFlisg58Pst6HtEye__f0WlOpKulhFdUm1__PBGQJRsxAiWSr1aVXN3WMjj46No0A6bdco2nWus6YLdoSu8NrJFlWW0OM-Y1BBLk0fo9mkuwD5LTw0IkFB-LLZX-rHRlCTW2WIyaVVauUG6Qla3Eu9zPTCLav2oKSUTVF8hxLf5rT3wt9HSaAOwc5oSl-g8cOBZsX12fNpNx3tOz6fDSbHmJKY-bO3O2omg0P3aqQI8SSjOpTNNuJYACfCG8eGJz_b-2Q6VwiRTQo_80FzbQRt7AbIXIGhTFWkYTbLgkJ9t46Tgz3JmT3AsWvH8xc7nFLJ8fYjgFOD0fxIVZFfE9eGW9G20Ub2CnAxaf&xkcb=SoAq6_M3jA5I10TF0B0LbzkdCdPP&camk=ethIe0s0hed5mhSVDYdqwA==&p=0&fvj=0&vjs=3
Senior Software Engineer I,Optum,"Chennai, Tamil Nadu",https://in.indeed.com/pagead/clk?mo=r&ad=-6NYlbfkN0BWpgndjYL01xMr26yTqLCDFb3b3BUdaEwmMV3w6lpNxfdb7iEvGm0gmfmM0o9B9H8-x4ZC7hnD_dT-Vr-CDApZBDPkqZuCPmXMbLpAODFooLzShI-yup4EDV83sDAyEUSWhx85zuJCF7CzV3m-wvJK5z9oU2lMvo7RP2ksfMSqcpZSiYLTe6Sf9vrWbe2c9sD7y43MQNAw0k9tJnjKKOtaLyGyyK03qbBVSA0Rh23589-9mX8vP9rlv09y_JfLeHzwjrYMioFcBJOml5v-7VTq4Qzx3aohm4FGQO8qpIUCXdcW1Ij7gBRFHre0qpN3t5q_BDpxcTzjCIRkagecUd5crlnLfKinJhgtonvLkhuD-Yarx2CUu5RrLZfZGCaFcVfdRxtrWMcDAUf0AODdXWCSMIefjo1mxmYCz0JPqCWoAWCWp5hjl_3mYywoga4qieu0xdK-0VJV-Yq8hj23tg3sV18VrznxEOvSsKhsS-HYbP8RiuqPAB9bWRJF8X_w3xFOMeliA4Pd97C78M3BFFUyiLs0wHoK_ZD8andxNyGf2-ShLfDdGkjU2PSRZx72p6zR4jUtjZ9zDxlKPKyUwPiEiTT_ATawfSmVvtZb_gxvSCpCEi9LbCyavBVMf7z1nCdZGSHQhksd3ua0AFUg9mpPJHqBQ8VdcYGUEjD0NBl0WKjjNKqNKbhcFF-AdBQto3RXnU3GTlnw8wm3jE7wLpGgBaOjVlve2m9U3aiu8xUbkEsnZK0ynfoDnLwNgk5fJpcwth5j1oWobdbZd5JHca8psPaQG34DqFS6uHhHF9o6HJwheekeiNB5&xkcb=SoD56_M3jA5I10TF0B0CbzkdCdPP&camk=ethIe0s0hed5mhSVDYdqwA==&p=9&fvj=0&vjs=3
Senior Software Engineer II,Optum,"Chennai, Tamil Nadu",https://in.indeed.com/pagead/clk?mo=r&ad=-6NYlbfkN0BWpgndjYL01xMr26yTqLCDFb3b3BUdaEwmMV3w6lpNxfdb7iEvGm0gmfmM0o9B9H8NFFRm8H2lJ2zHu3yaD5MtsIMfmNf-RVzkMAqe5aIWvwaGo1i9KiXHkrpdNusraZ96SAZmuzBXMm2wZ16CIBWtB0_vq-qajc2U4CMj-JfxoGdehZn29WFCwzaq3D6eK3jMJpZK9oIAGL6uRrD1shaBoeVAiIEiQUWQAYwc08uG-8Qjw34JBeofP_5gsafIDvg7IXGVKctEegSu0Yzi6eZabSdBA89PhbA5JsLE4gPLWjhbGUEM84K53OtTLoGtNRbsnzaiq5gifdqYwhJ87nFFq-vpA0zJBrl-QQL_E8Js9duVYR-7u40l9tMf8VhArrSR9gpwx57vnyvbHFvdF22Rmq2AVePrVyugwXzbc0zz3C2gZalEjXR7zzlWLx5N3S9ud5-QWE5cJCXb4vSBvwpxTAbQJ3nEqiT9_qWalpvNt_nmz3EqMSGpFHZFdzzfLN5JDyrYO09pLTrB6dXL-D_svKbU5gixYucn4Bv893AbYimwe0Yw4Ay8ZVy-WWI4pNaaIWH68VOD1jHihSv2nNflDSAqF3C23UxGmZ7eHqSHaRYrk-wY6s5lABr_Qlw2iet5FJc700uqH3cA0rFd3e4beUYqECbOcnFQ21hR5SnUM5zcwWYOH-4i8HQXFO7tFnnx4cOQji1vHRZpCd_Ea5Oun1xwXl8MES-O2Yvn0p0Ry3TA91P-6U167rDbNfgMZB7S4WJPCF2_-3bV2EprTJYZG813gVGZZgu8pVcflH1IXGJaMGjWbccuHM3Rnki9hGY=&xkcb=SoCo6_M3jA4yH3AfKb0IbzkdCdPP&camk=ethIe0s0hed5mhSVDYdqwA==&p=3&fvj=0&vjs=3
Senior Software Engineer Lead - Full stack - Java/AI/Angular,Optum,"Hyderabad, Telangana",https://in.indeed.com/pagead/clk?mo=r&ad=-6NYlbfkN0BWpgndjYL01xMr26yTqLCDFb3b3BUdaEwmMV3w6lpNxfdb7iEvGm0gmfmM0o9B9H8sAQHaSDZOWqE-xM4N__uLuaba3tghcLf4enJH0jo4boRgD3_ky5JXf_TQtUKcYBjXG3zwgq4mNGgJCfUo6swlfk-8QrsqElmfsgRh8p9FlgjL1akN_-jCSp_kY7zlMRf1635lezBU24HIAd9GBpwonbmqQGTvfZ1tgzbAaDZyvWE5AQ13L-15T7h6kycei1ar63Nowv-KVxAlBwW83rEpqL_PRaYbISLvQ3PURHzQp89BzIxcwdagldrmXwVelDsV5TJgwXchG0mu-X8g5Yxj4P1gy-sLfwTum9sztFZ9yiwmDOgcRNafeRfHExkDAwwegE0lkaNZm_M9qcSWHS9T72c5QgSPa6Tgq3vtcvF33ca46UL-j9AJ3islChVlBrDfHIvvW-1TrRDl2wERXpI0wJh5-pMtKuqOJ16AwOUlUT3PlPpIi6zrNXagrKtVQyBoVOJLU8ZzJlJJwM7JkpxneXSqSr0hZvjv1GgTvSHKkRCTs0y335DEO17CRtkBhsAUFG07Lp6d7DdI8S45hfAiEaXzgqVBCGEszcMaKL77HeYlLKQGzU3IUyUQ6R3rzzns1P_lgoCLflnIwUBL-N5bGN61bSOll6XkPO1Z8Tr87t9wJId-5ufzL4sLVSuoNKZXLgrHZfkQR0Xd36nYJh5cmO6utfWpQsHKrQe30bwisAbh8TcsELBjTIIVz8OJ9wTnCWqxjUynBDbZoGGuXFl4D2nUIsatyCUhc8JJCwuIthUtHP95pmrSlk6emgeIAHA=&xkcb=SoCS6_M3jA4yH3AfKb0ObzkdCdPP&camk=ethIe0s0hed5mhSVDYdqwA==&p=5&fvj=0&vjs=3
"Senior Solution Analyst, Responsible AI – X Delivery",Boston Consulting Group,"Bengaluru, Karnataka",https://in.indeed.com/pagead/clk?mo=r&ad=-6NYlbfkN0Ad1FFWZOsBBwBZDGouyCcICeLSd3pQct3wJ1q5dPO7JNFPcbpYQ1XCYdTOV-ko2T482Tzza56cdYd2bq6t0b7o6lLDqO2EnTOWaVc_9Ps34LOf4yytLQhN9DZ2PDMvrqH5QhRK9ojIH_Ld8yWjVKmkObLePVXglgCmVTwgNwqDLOAl_Q4ondC56wzHnaamrpzGPCY2hnMljBEu5-fkD-rwt_lti8WHG2jHH-1ambkeRCK8AlMhHPxv5jLASkPfcT-OJ6TMYJg-WFQbwLJAbRhA0zLe4InkqzN04ZTJDP7YGr91e2vxp8cfJTFCXcXUCSTnh4ca4hzvhu_44WhzLn8CoZInVoSawW--K6zl5yPrKpgdQtgBZ-j1FqxbLE-Hog7D828jepJwIF39SlB6YTvc6WblqrZDA5B0cL8PPq7iC_zxjQLyFk0fgu1oQhTelMZJ-0AHjrHjAAnN8EPP8zDA1dvOA1RcRQDowY4Nbz5I84nvz08yXrwdKuFvH2yFT0RKopfvTn3bEUAW_K7sggOl3nv_Te_tRgxH0fWqY-xUU1PxFPGCKPK3g4xdQykPJyabGY1tC8nSOrAiOzf6vkbbvytW2hjOfckQK48V9T8eqOIuaZNlGeri2spjN8BKikLXf7XHWKZzRjLL8QA3YCotKiI51q1mPZp-ycWiyoocIzF8dP5YFsNWxTXekyBJUCN7L_2t0_Id710dfLhe_-20I2obLkLihpaMyU4TowVEEWNNWn_EHVNMwPdB1HuYXTr8CrZjCuEX3b_G-kWe1wtBCwptq2gCr2H3UpKR_AafVbt1p7g-f4H7wi2a355byUNsgG8EQt5t9XscONwfYZBSR6be1tgLkSJ062msc4Vp8cSVgzE1ZF5riuwrY-cRtCdozTFcTGZhef61YxGYtbskqKvHkPi-MMXW0_qbK_MlbFoO8VofGS5dj2IFrbj6vkPKBunlfvblfpHeb4Z_kn2zR7Iymxbno8YopNpyt25hVF42_GpqRR6Zogf7j0FKdl3Qot1v3Y9YRIq3Cge9BH_QM9UWTsbX1Yg_vHuWWq6Ev52kAqLcDpJu8lbEkJP512A4SC70kc_qORiIxR2Zho5VRsl8k9OFWtJLwuIoauqzsC6i45l0hmkqEn1XaEYQ0f4SgKVK_s1ZzGLtu5TG8KtOC8NhXgWfUAg530OOFdcCeBsGDWwcK6zYGG_GLbD4tzQVY_12M1ErPExjXnT4hi_2khYI7yhEEmku_ga59l7MArEGUOEvNF4mRhed-xm_7W__EYF_UfA1xT6PKEzLmcVzmdxieN-7JrnuS8bEmJpYj6XavON7fDMhWoEvWO3mNnWtka0rn6MhhGAjFGkF34ZpcFvIl1dvKod0He18UGkg4kAuKU22QRPb1OiXdLBa7znY-N2GeT-JK-WXHS-r2eNgKPWGMKprrcVfrTqWQW2yZbQERiMFTLIz&xkcb=SoDP6_M3jA5L-WzCYp0ZbzkdCdPP&camk=C3EPSzFlQw-Kxz8aVjN35w==&p=13&fvj=0&vjs=3
"Senior Solution Analyst, Responsible AI – X Delivery",Boston Consulting Group,"Bengaluru, Karnataka",https://in.indeed.com/pagead/clk?mo=r&ad=-6NYlbfkN0Ad1FFWZOsBBwBZDGouyCcICeLSd3pQct3wJ1q5dPO7JNFPcbpYQ1XCYdTOV-ko2T482Tzza56cdYd2bq6t0b7o6lLDqO2EnTOWaVc_9Ps34LOf4yytLQhN9DZ2PDMvrqH5QhRK9ojIH_Ld8yWjVKmkObLePVXglgDo5xJ6qMBUKN2V71_slj3-DqJfPbfQoX0uxHVU85dxX8K7-jc9rYjr0FbiYQ3Xcfq-jS1bsq-2ttxkbLu1IdlL6GRZlzzRQWm4IH7HcBktZrF_xgx127VObxVwiw_JXpCPcoyHc84jjFSC_3gH89eO4x0CP-oRfvMyR1z1t9axqpL8wysskXIpkQMeYIXePc_CCi1WSq5I0abmSyGGf57GYx-NAImZ6dDtLlDWKQ0NcWngg4HJemww6wYZyBg8m1Ln8vStWqQELretSLepx5y49sUyejiXDJ9A3eypjcWOBJ9jRzpiiBUs6tTF4YGePdxN-E51LFwbDDgEAMMtgTZIB2-eC-OxcaEEcog9wDgFydzkU8iunACSdk7swG-62ZineBj8k9g6TWwiPeflfWwN_R7yuowPTdCyleYYbQoqQzLGWzQ0RAgJV2Ep6-s5PFv3E6AAONyxyj33mcvSRuab-V2ykTwcrTbEONok04qwv3OrORSbnM85W-AgeU1EwIvxEfwTg8CHcRhaMzs2MB6hJDJcOMNideBGGfhiaj5Hs5on4va4Da3_t8nN94JA1t-VAGYxlTVah0pTYGSi3Iad7c9Ini2B1iHmQ73rrVx_1Fi1ZRysnf_EmGnUarHXJZvgcoqSQlH6E4C2On51fKIDzb8NldFgmavXjOeMP4Sy8SBOFWCQg-Mghs38eb1Et6jCi2gXp7dnQC_XQicFnUyHcH2oSFknVRjUpvkOOijI0eP84y4GFUGijiGs69JcYQqyXk0Ya7JKl-WjHGPNHDgp2V5_6FlaK4GEwRWm9ivffrZTEIHrO-1rwQKuEaTxhkSFxS-tFk9oehmzeHpSMOgYIoN1uXiawSssb7mLY-HR52AyC4xS8hksL5jnDIBAKf8zZMRBZjyvzyj0p7XPy4NVwKjxWYKdShJnJWVDa8vJaaQcw0Yg00rf_pK5VEeepJMVnjI8s4A9V3sZWHIDhvICDUGtH6VSrzW6-WMzKqrP24uviQjnQwlgPLKovzbkoVXggndTnlK3yaWuRAyT--HR4falur2zZFPxuKsObfh1VlD8QWrbVZJ5xydPu6FYmsYFxaadkAK5n6vSfxRfKbze1gujR3gaV7alISEvATyIEsZiPMnP9RvDkKB-GWmYD4BiSVgLAJhCoHS5pYiKdx0uPjBjfq8ttg7Pr5mw5RaNktrxQ7xt2mWj2pclQY_u0GkAIosDPL1uhbbkmiZlPU-ZpXiBwcAAY1d91zQwaR2eXgq5AQFMmrtSWZTqJP8pRHcmAH7HG6QasEFE-022oZTP&xkcb=SoD56_M3jA78Y5TCU50HbzkdCdPP&camk=C3EPSzFlQw-Kxz8aVjN35w==&p=12&fvj=0&vjs=3
"Senior Solution Analyst, Responsible AI – X Delivery",Boston Consulting Group,"Gurugram, Haryana",https://in.indeed.com/pagead/clk?mo=r&ad=-6NYlbfkN0Ad1FFWZOsBBwBZDGouyCcICeLSd3pQct3wJ1q5dPO7JNFPcbpYQ1XCYdTOV-ko2T482Tzza56cdRvUJe5FwLgGROYqsGP4HJiezwX01m1qXmEGTNK5ThVavM4tA8QcDCJrgP70JUN8JiMlUzIY_4__6Kket4InE01-UEXp3tsYpQI4LUTdJ_kxlKgr7vbMAeRiZ-I4KCRAsAai3tvmnBTspE02mSbT6n_47A4ooIFqrC8g2BO_ej5xHg2vPF0uIx8j2dO6Os1NbP1Qcy8_IX2oeykzaEls6TvKR7gfm0bPkJUA8kE7ViFt0lTlGOBtiR2hS307lOlrB3KzWOKAuozeaQAjfewOm9xWMqZza3Z29tn-6tmncoob7IFO8rWrQBCPDTiwddchfyAtQIZmM67Qs4fE3uBxeNyMQ5FvqCc_f-f286ykC30C032a4XM1KjWy84U3Pe5-2LOXnnaBIjSpxfN6uUleTOFWzbp0TGkFf_yHxg82-mJrrR5_qRG_3O_4CA6654HKXfaRDRbwvyrYaKT2xZPlwat4AN8St4vwbE5ZRXAe6WpRt4onUqKMb-5mzLLg2jdwBgSZQarjF_rrYSmknAdhhNvjhWrjmb_T_q_T4ro6Gcmm_hZb26lsf3FdjX2an62SnIqUYbijLXPi9zmmQ7VoyXZEmMuXLOw9x4Eps9kLiiDyQo1ZG5eryde49FvKaCLniIFEkd3gIeYq1Xmt0ywdXHI4HzZcX1889HRnGV3Rs1ss3X7o3urd4qbpL04n7RXIC7qsXwpDFCV0TEwPZ91fzvyzwfVUjyR4bDiIXw1cgkCa3hvqgb6qGgbOPNoy4TizQLx-bxTJPNgRgcKYkNb2u7HRfi3oNGJCc9UWHJDH5MnV27xHPEoKLZwVDTJQWcvjVdEbP-EzmeOmbPbqWEdTenIJff2zqbl2THNiSP2KFvoKy_HJq2WUpp7oiPN8X2jPEV72iRJbfmhdbWTsdKCA3LvpnPGoEUGF7gcVoxJFr73QxMzCAIrR6uI2I0CIyLe_nvpK5nwx-VcS9rlRY6VhrGdfxuaTq6TE2ZgXY0KuM0C9mq-pV9JDEV5KeaxJM60I4q-A5SPJhHyZbX5jFurOVO8C7nrGBMHR-ZfA5D4G42TRc_Uz0IzLhqjB7a6FsFL--DKRNmbheWQmaS_0g7eZdGh3KYKIxDz6-QRjFh_K8lbkFshyyFGOe_xp4WSv5yqAoSjqJvwd_iRjlEfcjaVWlzQ7kUIYFbkgrYR6IcwiVa7susbLkTJceYHmRZ7XZtYUB9SAFTCPdERdc2aLJVMwhqvly40sATjN_1stRVwisPjj1c6fPbItH1uTIUNXmBs3MpkSKqr_6WY9CRXWnEGcJmwmOw98wxdtQGqPA6SzN7eLVxxVO9UfEFfBVusxvx3QG4pehSbMH8miggCKBWnZGIiEj6BgE-P49s-9ncQe6_n1NC32Y7P31WT2d7-9XG3SgQ==&xkcb=SoBX6_M3jA5PJiAepj0YbzkdCdPP&camk=C3EPSzFlQw-Kxz8aVjN35w==&p=10&fvj=0&vjs=3
"Senior Solution Analyst, Responsible AI – X Delivery",Boston Consulting Group,"Gurugram, Haryana",https://in.indeed.com/pagead/clk?mo=r&ad=-6NYlbfkN0Ad1FFWZOsBBwBZDGouyCcICeLSd3pQct3wJ1q5dPO7JNFPcbpYQ1XCYdTOV-ko2T482Tzza56cdRvUJe5FwLgGROYqsGP4HJiezwX01m1qXmEGTNK5ThVavM4tA8QcDCJrgP70JUN8JiMlUzIY_4__6Kket4InE03i6DRQiJq6uMfoLMm2kYrcjXc22UBXV-knMwLIUGqWwZ1oz2pN8RBpUw4-YsMfhS9rvdN6yuIpS0i-h_q6KFUFg2XnIOGvPFWQXSZ20ryocR129LzhK1jE78bEVKFMdneO8LeI6RF0GvBJya0L7KR7kBSy6Kae3dcCe7OXMiyIc1IiTChIdmgATVu_qNYIEANRFp7ZI1bBpPfLpJVlpnXrHAm9WFeq_5MoFIhu7c4c7C4pWPycsdOa5VB9igrEwbXhE2Dj-AioYLhcBfO_LxNhC8J40NoE3KU2hb4xPjx5ao8uy0uRuSjDTKvVOdPueYyn6PcXSPB6Q6VznJfWoItlCSfDxVs-SPSuV9OZPGrA8ILfLAaSI0pXVoKm64J1KH245neUL9Y9sUT5mq06gS2Rqe4vQrnIUw3l3pJBw16zcCROn9O5cdTNG5NbHWP4Q2mB8bNTHoOy6z1GQzuatv7J3nOKMgIni40xLCjXlg6ZD--K-HNY0OB8_SZMk47EB73HV9u_2il07sJ71aooHAQH161YVy9LK5xKv5oboNmVoaqdxhzanoVGmmQKjtJf28Nd8_dm9GFBL7pqlEjKb_RNVJgBDBr9Cl7JeTRer1yMnsK64XAgAaiBIer1wCApnElaeXm0r4pR0FmDUJqxNxysQOvbyChs9IRG5Y3K7gL_ULpvH14_yT1boUGHU7f9KXCzJW3IgkpAB-O51f7Sax0znrwOE7pMK9Wv94ktDYoX3ejmKnFMhMcwMH3nXGOyKZrmvSLLrIja3Gpx7ElA7To4-dMjrpShqLfc0jGxpCICbzN17kWHeqNzvsLa2rApsqAmXZ5ksPSliXhZdWnO9Hhe1SD1v8-vhbfXA5Sm5O7DCHMZBfwKdBDfhjsxX8hB5qysd7znxqO7YjYPEhQ0qq52uuNI4-OYyB8t4OiNMg5IIWTuVzieINZOeG0pGgJ1OTR4DHfyUPR_dw2NOlvRqYVWZnoHRX2pq3Wv4ycTvDacfMGT5QO5vJ7wMLY5usw_LlVAtBXUPt-p9FgcFyYILmhTI2qTVOxDiqa1bj7jYTTXeyQhPVq7JVxt1-xHoBlsWdG2S7Rlqf-_5gT1_CjWT1-X7ZDcE3wF34jcCH919-Fx0fzh3vbv1KifUGvhFx4Vf6EBGjfFPlZ_8DMDrnlvmdRtnSKbE7ppSRbtrBxqlRUulV91WjSjwP3OqkCwYi6lr4wHG7q2fTOXw_vfj7r0YpqHNoa3Vn-wZK8JcFf5aHGF705aC8ZTKBXiDcM1bazGx4xQZNvcg-4Jnlz3bA279DqEa3XPVwGkXiLi9SVI5cDbmQ==&xkcb=SoDD6_M3jA78Y5TCU50BbzkdCdPP&camk=C3EPSzFlQw-Kxz8aVjN35w==&p=10&fvj=0&vjs=3
Senior/Lead Data Scientist - GEN AI,Srijan Technologies PVT LTD,"Hybrid work in Gurugram, Haryana",https://in.indeed.com/rc/clk?jk=afa3295bf7658c61&bb=ZSXSIMs9D0qnX6GHDqRBPBMKDofd99AI-HabwyDzI6OePcg0UkzcV87PE-VqbT7jQ4l21p76TV0jMcZF1hCPU0QNlvnGcLMvb_O7WOwgCQX78-BY-HzGjKgTp9gPtZBVbIzfHrtpkH1PT-NuAiHvGw%3D%3D&xkcb=SoCq67M3jA497MTCT50NbzkdCdPP&fccid=ce26d549c132788a&vjs=3
Senior/Lead Data Scientist - GEN AI,Srijan Technologies PVT LTD,"Hybrid work in Gurugram, Haryana",https://in.indeed.com/rc/clk?jk=afa3295bf7658c61&bb=e6eLvopbRNzmW_jbw2AV7ShsYO-PIyl848je8FqdjWEokRXOv8TEhVzLRLrJG9ZmnnZAsRzkhP4ejEfJ4ipNRfNke1i24ylaFX4fxp9j50Mea9osSeJEEikyC_skyFxLExnQgL0FCD5RngdComd2fQ%3D%3D&xkcb=SoAh67M3jA45CbzCcZ0JbzkdCdPP&fccid=ce26d549c132788a&vjs=3
Software Engineer,Optum,"Noida, Uttar Pradesh",https://in.indeed.com/pagead/clk?mo=r&ad=-6NYlbfkN0BWpgndjYL01xMr26yTqLCDFb3b3BUdaEwmMV3w6lpNxfdb7iEvGm0gmfmM0o9B9H9-vYCdyBADKczUblegg9lxJaF7JK39_vuMyBIMJm4qE8hsDl6bECl7uCkySEzzbBE3UMT4siLhdvx9f1N_JzXhtcQ9GBLvxTZVlkk2U13LjSL-JkvpWmg2IrXCiP1oApl4mDMbnfVfsb6FjLmqsBX63D6ng7Cjv2cypID4jrtMXzzGAtOooQnrX3Xa_PgmaItz625P0igk6lOxvJXydbJfRAix6sgELS-GhWLnDhtQXOqlcHsKx20JlPLaATWNDWNS4EuKLSrPDbDcorOjQaKHu4vt5VMh2aBfUs4XCkv8st7rMrX3OVaqP1b08UlH6WMd6KaHnGgeSu3qB5TqXMWDicCtUoOjj2ve2PvtMPK9_YQJY9jgoi7UDak6z8-fFs2hw-VDctiK7nhCFYN-E30QlZXOyoR0y8bPEzN-0WhqKCUdJUresjauB9YUlEfk67yFV3s8stcbyiPraNgSZk9P-UMmuGizBA1DBEOUcA7iRqEIPKQ5ykbBcLM6EWJhkO8Hj_jIjQJN9j5TsdPiaZZwX8-OQhnRM_GhX776MOGsaIHewUbmFmRbOQbnDhF_-mjMJotgby8bU47Qals-1l1jaJPOGsw1aci-NxWEQiCvpJgXFT-6B3QGia_Iy5DhXJy1ifvdDmax-iP3AOS6Zif1_Ic4iAy7m5d4dz2Go3YRt2Wcv_m6bu3zZQPd_iIsZcRSUE6Dz0XQgHa82WOfLXHfMeZl8O6fIIT3hOyoOQsdFMWDa9tZPn6GRQQr-7FO6g4=&xkcb=SoBW6_M3jAt9p9zCVh0HbzkdCdPP&camk=ethIe0s0hed5mhSVDYdqwA==&p=12&fvj=0&vjs=3
Software Engineer,Optum,"Noida, Uttar Pradesh",https://in.indeed.com/pagead/clk?mo=r&ad=-6NYlbfkN0BWpgndjYL01xMr26yTqLCDFb3b3BUdaEwmMV3w6lpNxfdb7iEvGm0gmfmM0o9B9H9-vYCdyBADKczUblegg9lxJaF7JK39_vuMyBIMJm4qE8hsDl6bECl7uCkySEzzbBE3UMT4siLhdvx9f1N_JzXhtcQ9GBLvxTZVlkk2U13LjSL-JkvpWmg2IrXCiP1oApl4mDMbnfVfsb6FjLmqsBX63D6ng7Cjv2cypID4jrtMXzzGAtOooQnrX3Xa_PgmaItz625P0igk6lOxvJXydbJfRAix6sgELS-GhWLnDhtQXOqlcHsKx20JlPLaATWNDWNS4EuKLSrPDbDcorOjQaKHu4vt5VMh2aBfUs4XCkv8st7rMrX3OVaqjbZTmtrmFQQ4OsEUd9T9n_zZ_bsO3lSNZyydR3kulI3_FseG1oA3m2sMafdw4Z-oovWEkZ-6x0z3-LTMVBqVq8saATc2OZRk_DvXMGapLVja-wBqQPinjml5GR3HWJ6JhDb_L2PwSU_Q6qmDGFR2Mq-fUAaefCG2Q_hXVHopUw5yviZiAXZd0ZAQWdn-JOHg8lk8uZlUhuieN2rTCP8mltxWrqBuK3drpq3ADd9EjRCkELwkkgH6jr2JKXNZeWL_XKQzdrmT0uLJuiEtNeyT8fgUxUuI97nQP5BhRJwjjF9tjQJFXlG8XLQRypEaBKO-jaZ14fZM3jNkKl9Fnbdjk_wTIReVGdtvwCNfTgNCcXwIftKkpHo8h9R5T5Ri_pqayJ6Q0mHDtD_L5z_Lv21_Ty9dQG5FswrZ49c1gVDkbe4KjQP-gRyOpwlA3WAGhb8X1bF5kjFKcEg=&xkcb=SoD76_M3jA70z6zCVh0BbzkdCdPP&camk=ethIe0s0hed5mhSVDYdqwA==&p=10&fvj=0&vjs=3
Software Engineer,Optum,"Noida, Uttar Pradesh",https://in.indeed.com/pagead/clk?mo=r&ad=-6NYlbfkN0BWpgndjYL01xMr26yTqLCDFb3b3BUdaEwmMV3w6lpNxfdb7iEvGm0gmfmM0o9B9H9-vYCdyBADKczUblegg9lxJaF7JK39_vuMyBIMJm4qE8hsDl6bECl7uCkySEzzbBE3UMT4siLhdvx9f1N_JzXhtcQ9GBLvxTZVlkk2U13LjSL-JkvpWmg2IrXCiP1oApl4mDMbnfVfsb6FjLmqsBX63D6ng7Cjv2cypID4jrtMXzzGAtOooQnrX3Xa_PgmaItz625P0igk6lOxvJXydbJfRAix6sgELS-GhWLnDhtQXOqlcHsKx20JlPLaATWNDWNS4EuKLSrPDbDcorOjQaKHu4vt5VMh2aBfUs4XCkv8st7rMrX3OVaqjbZTmtrmFQSIif46SxJfol6ob9AqXJVjYfOZpHGxFOb1nv3BZLF0C3-IqRVOqCcI3Bfc0fjmIuoX-pSmSlpUiYmRextNvpFbh1XkU-acgEvxOYoUEzXkTxiK3YS1hBI_D8VkghtADv0ojvqUD5wLZbD27ZjWsWUxWCuetwcYxFLrIEx0GfCB6LN-s3GPiN8GTQzhM-OzdvdrsSW7aQiuuClu6EyZWCOwoTS1Uog9eT_-ZyYLNHSuhD-yZqWsa71E9dPS6NuyUmvZv9bkP8i7riDM5W_VpgwWXM_iZsNnDRf_T0Si_yeFs5r3HaPCjkMd90jtF2tyk0y_oYvRDeVM_9MpY3f6QN3y0viq6J4ImL6Yf4Av2k9BoaRdsUfE3fRs6DrC9I_FVKVDDSLfGLWFFjdz9JDeKQaZ4ivXTK7MtSjsG5mQRjSp6A==&xkcb=SoDN6_M3jA8Nk2zCTB0DbzkdCdPP&camk=ethIe0s0hed5mhSVDYdqwA==&p=8&fvj=0&vjs=3
Software Engineer (DATA Modelling/Python),Saviynt,"Hybrid work in Bengaluru, Karnataka",https://in.indeed.com/rc/clk?jk=672a322e5ac56c8b&bb=T9GCXEjXAJw0p9hyn7bHExKHVtkV-w7Dh_PahsF1Q_ZERhj2206LftOB11vn5FJMV-c67BwEGIoDFn9p9pxJ33GXPLaROgr4hsVdF0YzyFuHp6C93An-RfQbMKoldGf187_XVCBph70Tt0zbL9y39w%3D%3D&xkcb=SoD867M3jA8IIbTF0B0DbzkdCdPP&fccid=e0399044b6094477&vjs=3
Software Engineer (Python / Odoo Developer),Ebsl Automat,"Bengaluru, Karnataka",https://in.indeed.com/rc/clk?jk=c8b8a13ad707b5bd&bb=T9GCXEjXAJw0p9hyn7bHEyjgYblJaDYq6awmIjTPCi-eXlf30T1Al18gyTIlhlra7JFkjuM7XvzhhyXi9UW9QNIm_sHFmccAzNjSPsM3AthuR5Z2FwlzQnvVop7_mVzlsZne4ngtl9RJ2pYWrKzkzw%3D%3D&xkcb=SoDV67M3jA8IIbTF0B0BbzkdCdPP&fccid=42b876513e5c5af4&vjs=3
Software Engineer (Python),Electrifex Technologies,"Kochi, Kerala",https://in.indeed.com/rc/clk?jk=8286b7d4a642bbd6&bb=1gmmV7hyXvG9APhXzQTSfRDG2OcvZruR-DPuRgQRE3XR-E-yPQiFK9-oJHDMhLNUYO3wFdosZo77ti-P0NIREEUSGN_vpXyjBdkALLv-KbawCHt9B5_eNxNF45SryT8Gx8ntD7tInQx90CYQ4GcTXw%3D%3D&xkcb=SoCm67M3jA5Gc2TCcZ0HbzkdCdPP&fccid=8ddc8a8df6afab44&vjs=3
Software Engineer - Python,Tipstat Infotech,"Bengaluru, Karnataka",https://in.indeed.com/rc/clk?jk=6b68eaa66cf4f8dd&bb=voLhjhX8i-cbN2hWffYkQ-k1Ke69ByR_eAijILtFiKM06mki9Ez7lAX29OtsicLabWp9ba1tPhy_n7Ax5-c7PJa_Rc_uSus6beiFMNZgTILYFNVXHa6ulUABxoCDDLx7Cw-7eoVpSIp4qZlOzfuWbQ%3D%3D&xkcb=SoDd67M3jA8Kn4TCT50ObzkdCdPP&fccid=12e141a0634c5b5e&vjs=3
Software Engineer - X Delivery,Boston Consulting Group,"Bengaluru, Karnataka",https://in.indeed.com/pagead/clk?mo=r&ad=-6NYlbfkN0Ad1FFWZOsBBwBZDGouyCcICeLSd3pQct3wJ1q5dPO7JNFPcbpYQ1XCYdTOV-ko2T6JId-iaiBwuBRAevE6wj0VBajZ3tMqFLxkFeSen_WbkRvDsquxlYewcRDP_pnL9ER047DFZr7n3HS4zi4xPwsKuOKObHEs5GvxARpBC8ZC7SJs6yJla48zo9tTnDrRovQzcjtPNGXrPOeHB3Y95OtZXvCeLpkGvmAoXZFfMUkt_Og7ZaYUEFeEn2KAUnrQ-qeZzg0p9h691o8xQzuOMuidKLWgigfLS8yn9qH8Uxt1kFrBuCdaGCRH04ZQjRmx8RuxowIAgupmMzLdntxgfE81GKY371OAAYyjdia9csZyClyBNNvxIvsGF4ctybskKJmReUAkaNjhEDaWMCNyoopaX_KcqvJ7zKek04COLUjKlicOk_brXyidHcG08oPKoZFPxBFV7HZMxO_iqC1zF8rVx2jvgIodimgsTJf49YxuGTs3oLcVYQnl4tAuifd1TleIo5ynezBpoHjYuq-XbXMPF0ZTruR_9oJtUGPCaO7q0N7tPNzlsILOPcGNFXIBKKqbMZolWDOE_Zr44osNasR4YQoEjm63I8TmcrVDGqYRfVjRu8V9roVO0KEa7NubkQMfZM3GW7GDonrhTNHV1I058Bc-rSFWb59oOe5uY-Cgsl17VIViEH0EURYaotyTpe34jOpF_repvATYHxQNIhh2d2eNGB5xeZnKtuunUxelHOre3CSpRZLIOPoMNWaoCPiHUXK3MC4wZD5OiAabQN2Fk_j9Gj9Zmrf_LLB00tVXBT_xKHxarb-UK7pk6bTJK-IKGWw9ekB-z1glgbOnmzWN7mAnhcdCpg-v1qDWdAUvoBSDT5sC567wCDg4FtzsNCMqHh9qSewN-Bxk9Xjkt4ZJrZZWmHQdDZQAAiEdWhCRmaRiBf6KXnDJFQ5QYWEO4LzjqloqCXvjzREMfA39eh0dSh_Bv0Nnyn1av0iHQQQvFNvNeU2BLypHXZ5rxM9SlH7TkOjF-G6TfOuATTnKfzXFTrNnTN0aXnzghOgkVMzMyvtZAJznQp5Cun9CAnEU1_fiuqyad76qiv5wGWfVZua2iRef1tt3LSafb8urb8_w7mJYnqnjUIpSLJnJszuRGmAGXIT-X5SnOtzzsFrzj4vorfdlZLQKj8AqN6Xfxigx9yeXj2pDbx_eQ2cd1xMCmb9QvuXb_Ovj6ylUILNyouK7jnPzXjMotHtjgBkxzgviNwqmUzd-Uimo6bDhSS4lDNhzAqdhf6Jug9EdgK_bfwKQpffjZkyfssWWR-k8ddH3_YjsgruOQKhgCzmqjgTlVHe9vER7D6Kc3bMWQwLKBGLMmiLSvyv7v5zN_00m0yLQgdgtUNMcZnmVMqPxaz4qdE8Kq-SmIbo8Cw==&xkcb=SoAA6_M3jA8Kn4TCT50MbzkdCdPP&camk=C3EPSzFlQw-Kxz8aVjN35w==&p=7&fvj=0&vjs=3
Software Engineer - X Delivery,Boston Consulting Group,"Bengaluru, Karnataka",https://in.indeed.com/pagead/clk?mo=r&ad=-6NYlbfkN0Ad1FFWZOsBBwBZDGouyCcICeLSd3pQct3wJ1q5dPO7JNFPcbpYQ1XCYdTOV-ko2T6JId-iaiBwuBRAevE6wj0VBajZ3tMqFLxkFeSen_WbkRvDsquxlYewcRDP_pnL9ER047DFZr7n3HS4zi4xPwsKzLN89XwxlJ-D6ZGZ5pRnGlmBdoMUrFc7F4GTK4LgV3jn9kRBG0A2U0h8GbkOlg7OAjh21OFf21cBmlHYJQlC5kKPLFfHYs9_mya6zmBWR21_ZJeASArTSmgn5oXXYd2zkC3K69ubk8rrhmKbnct_eSgisLjZvsrVD954gz1fDNs6Qpqm8rrMTH4vwzVV4H9BdyPfaukzt1A02QlCKQmUetMIqNJ8B1yXuJKbTKb3Q0Jlt5jDtgQgBvXJ7AKQhDFyC7XjqR2rIQdKqwiTAceyFYv68xOLHBhhycRILnzVqOKDD4qYiwDrZ6a65CiuNF6SguBuLqICTOTpJOvVE1n3EEELXFYCwsEkd61ToXs_QIVLe39D-VNnLljHsRGZstxJ46byyxym7bFXpoO0lPL1VxBh8Hub8Fmb6Ct-x98Ay1sMP1V4RJA8UrFtlFjDeyRrkhB01iBZ9FtVGOyoqANrM1Ewd2HAZEElBdvS69qdyKOxHN9chMyPr662QyDV4iouR3LOzXIKB936WjDNdSSM1NzbG6VNqnb8up0sI-FnhYiPgiPYIEUSpsyMjFHcIk4nJ83AUJ5qTGmWeSmsn4VyNYwC_S5pVs5dtwk22FbO86g59-t70Lgu3IPqyJUc7xav_55u-Za7SPeWBJgtGPOxBiv5G4ny8GoeAGKXdkqmTbdSRCKJ3wbHFsOZDqIMaCVTJ4iSERhAHp-VaDYDe4bcm_IYL3GvlhFo46E1tEWQeTMo8v__PhERgmkAX2GBJbFlxQFTwLn7DYntCoy0iM_Tjj8TVbIvHL2CtDx7tgI1SAyytVsulvAfJKDcpWc7CgElajqQDYz2X1hSxXRWjzvlAiXoXMg3snljsKV_cTtHBqas5uKXYUvfED42-EDr8cX6MBzgZb9MdymYvVYbz09y_nv9L9BVJRWaw9p5QZ4mwCF6B1sYI-VPSLfGnEiQvSQ9oOf-6NrzBTRdJh131_j1biUefGE0Ub2c6hVnTk_Z2U0X2vYc5rjZUv6TfZLjqYHLHDuzBertc1zYiHdCRILALXyE3eeivtNbEC5hNByA5neVXaay0N81-Rvnhf7IQR3ZvGhK_JCjy3pMpoUIYUChf431IeobqogRYG8CVlKbfAVLJWbVvCTaVz-WbEAWBz4do6tRX9i9dpMhEeBwEYexj6VFXQ5yCGNqmvKuYSSi84GruvNytWlyOqBkyTRlCDwavhYqFvFFagieTUT-T_tcTLaVwwdj7i9W3fo0gQV9hEZ49b3SG_QrgQ==&xkcb=SoA36_M3jAt3V4TCU50CbzkdCdPP&camk=C3EPSzFlQw-Kxz8aVjN35w==&p=9&fvj=0&vjs=3
Software Engineer - X Delivery,Boston Consulting Group,"Bengaluru, Karnataka",https://in.indeed.com/viewjob?jk=456789abcdef0123
Software Engineer - X Delivery,Boston Consulting Group,"Gurugram, Haryana",https://in.indeed.com/pagead/clk?mo=r&ad=-6NYlbfkN0Ad1FFWZOsBBwBZDGouyCcICeLSd3pQct3wJ1q5dPO7JNFPcbpYQ1XCYdTOV-ko2T6JId-iaiBwuBp5n8BoRo-1UAqp7bn_lrfNJ3FM8nKvwdJ1cA7pNg7zZpHDaosBDjo4Td-QyKPNSlTaNLF_HsnCGeygoGunEjKg4y2i0Jf_mJnt2DwDkTYinGv1tqD5rTkK8AnQ_g191IWFhQO16OqvlCZm9mjzS8ZpjOkFxtqCdvcSphxMAJM7M8LYHUDzsc_brccHaABPTXmoEgcpRH42jrAJqqT00ym--zN3QUX5mW3WTODUAKX1nD5Nl1ogZYAZ2oYXIVw0oe0-FDR1T23qoMmAeLeww7F3sfyf1MFjik8ONf6a306yY1B-D-nUSo8KRhHY6XOAGXPRNDT_2VkDzU2GPpXRTzXCvacztSqwQEalOhNU6hQQ0TLLwyvZTisj125KDvww0TmjvKikEWizk1vCqGNrWGYk94b74MU1tm2axp6rg7NKpJBRzRl4XnaLZrJXGAObFgLkiCsQlo2nmZuq3bC57fdDuVcbILkuJmipEA49ZMBAEJUrce1TsJhJ3lIH7tmlRLpwR9UPokfS-Lq8wBVTe3qES531Dlgl9UN304_aPJQjCMYO7-i0vduj4vXk12p8uWe8gh8aLLuhiGeumC-SRBRiouf2sxiLJNWM7lKUrzxeUTE8EMzbeiWfRO-uXgfJwjYcpFakxxf3LMhK_ntZcIsPvPSi_GhWdYe72tgLzoEMuxXq76N_l27W8Sr2NDU3HFY8yJPW60rCfEpmR0VTll2lhD50DlND3xiGiTDutrpDhv73wF4ii9yeArG1Sc7I2p52HhWTqEHga53V9m3Bdr91rmCACqrf2ZVNSd-6iwpakMzCGs8D4xex8F3mIm5nFzy0jhgNnvj4CXRh5J35hAM4F7QxNyoyikGzUoczpSi32PTl-CstMKO_cz5AxWSP9Kas_WSfTPNFqY6KQGIjWErXgkMfzoG5-W84gcpw5mPyROocJO0eTNDmfoCMS7pR_YZCCHru6_RPqwLJm_MB3-CS78TYvi9glV5R2ekShbDAoYTn6ty2KfIr9FahIY4zvD4fMxX4-E5ucHu4V90sQg0YclvOp0wRWKJCSbcBt6wadXYGK5UR9093FRTWgG5kkO2hFyY5shy_Gx3Pik2wd8-BYFQUaARHnWeC_mFkNnbjvtPQWLE87LR8vLATnFNHbIvD5ZNbLiFqI3bh9Q6Ng-12hh8q-PHObC53R4z0JXPDz5x1Um-TFQ8IriLjv9zIvEQdvl8I0fKQiA_IZ-N9AfaOK3OrhWlAWaz1lGKLQ56zc3JufxnjU4jU88vdMaRbCDEcYFVUvG83UaLQdaxd3IiiOnki9ZN_j9_M4MvyngiMuROY-7XXamnjZe2x8-rAIuK8l74D6bZSK4jUWWhHyms=&xkcb=SoC06_M3jA8Kn4TCT50NbzkdCdPP&camk=C3EPSzFlQw-Kxz8aVjN35w==&p=6&fvj=0&vjs=3
Software Engineer - X Delivery,Boston Consulting Group,"Gurugram, Haryana",https://in.indeed.com/pagead/clk?mo=r&ad=-6NYlbfkN0Ad1FFWZOsBBwBZDGouyCcICeLSd3pQct3wJ1q5dPO7JNFPcbpYQ1XCYdTOV-ko2T6JId-iaiBwuBp5n8BoRo-1UAqp7bn_lrfNJ3FM8nKvwdJ1cA7pNg7zZpHDaosBDjo4Td-QyKPNSlTaNLF_HsnCGeygoGunEjLd9OSjIZtLqEiX-9PKlIiX8EtRwA6_kzcJMXdhRWM9wCb_nJ-UShPZSUu0nfpiKSSGMgnQmfNontxQKPpYMhh7mrFyj7E7dp1CZuQCz2BsWevxKEStK0wbMFJvXFsu-4p_dUePeGjXjkB5C_zg2Pyd8DxqS4IXnMY4RXIfCPliiPkEkh5qkjGTUO9CbUg7Xhvekzi75w3_K5Gg9kGsSYhe40y8-LyY4_pvZQYhkO_s-vRoYefWrKuYK2K-nE-v9yb_IwYfX0GGKXJzRNQv5DdLh_bpg0H7asudLJw3BafU8PIywxTNeH3Qps0MPxP02lh13-M-mq9O_t-GyjwD3-S79nBVVglzEQ9oyyuWu5nMpbDKx2LOpE4bmf27GuEzlacAxro9JySIYY5NoFwlcP-WUWrCKcQEtzF9xaHT_ofSjfc9QAzvc9cGKZ61vLeIGrY0755_BJGd3jvNEz9I3hIdJgQyDykD-tc9nVdf5RfnzHPQqtrFW6Jl8jeRoPB1VO4PQsDEzHjDtHGo945bJXyesUkT8s44ZiVLgYU9SYOG6hwbEUW34KPttx0Ytac8QUkpCCLOkrZK5C9ybeNpjDOo2nFtym-v6sIwOfrZxt-4Pg4AhSXS3GqTTqzi9csIm6I_8BmNEC4NXsDJLk26bXas9XwR2ucZIjvKxkfgKX3BjpsTTpjXLYpBC5XhjqTBoZtI39AwosFwOdVHiO-mjgSdM39D293di4dJJgyA4zuAQ4yg_f0nRV_zLvCPth2VInyBXghNE6PE3BssONRSb-o8mFuE2RN2naPTWNhNfXfC_u_CLrL8IKIUp7i47uE215STlW7Wu9iHDtWhiS0uJb4agehwMKADkc5y-CWLeL5si0Vd-qewFOtJTmy4bASkYGT9ulEVKMJpW_H7ktM5O6ySAoTSpGTpSHsh1vavnIT4xa9Tw0Pa2KNkre7pqs8qNbT9BguhRDDO0nd61EYQcHGHfUW5HEn-OfC85zn5-KpHGNjRvG6G1TQDhfzusMp6vBbLTOsFLky8JVPRFFLtj6Kotn4moI024wJx5ruvp_C0-Q_MjMN_OXg6m7qw1tdgctWs0Kt3gPMz0LGpelqwTGJA68ef7-cyIwe2J0cikQc3cXjL_ZcxgecTx7oNJnhLe9ie5ZleMPFMRNJ8VJCbNVCldt8FEim-7sQReS2EHjosAf9HExhd1FZWHwGAjX3W6OPYNsIvwZEzXmMKXg5XfY_PVhy24jmhQpnBmQwdDd1k2SoeL2dkiWZC44ceSG6B5J8=&xkcb=SoCD6_M3jAt3V4TCU50DbzkdCdPP&camk=C3EPSzFlQw-Kxz8aVjN35w==&p=8&fvj=0&vjs=3
Software Engineer - X Delivery,Boston Consulting Group,"Gurugram, Haryana",https://in.indeed.com/viewjob?jk=123456789abcdef0
"Software Engineer Informatica, Talend, Azure Databricks, MSBI (SG 26, 27, 28)",Optum,"Hyderabad, Telangana",https://in.indeed.com/pagead/clk?mo=r&ad=-6NYlbfkN0BWpgndjYL01xMr26yTqLCDFb3b3BUdaEwmMV3w6lpNxfdb7iEvGm0gmfmM0o9B9H9azCCnJX2KMEHzw30l_z1UeoC9vYA-N_MJXfTZ3iCrJX1efrrNtAFoPQV1DD47Tg0jwojbMGqSgC1sFStEiSewRSYJqJhqTfoIg9Re158ZqFaEGZE-LFdNQMkXmusLspfLVuoQz_a-p78F4ri4_YyHOkgMTT2-MzdWC82g74d60n2wFebdvUbz4BfYp_fFmBOweyaMLCQW7FHM-ZCotku40u_ZWUrjEkxr6TwnwviKtO0-uwKUmFuzasli4IZfEZ0TQKSahBN-8fyzrST_x1xwfwYd5mRrByDKX35w3-8Xm8LAvuqakldGzDAY2x142HoAF98oZdh3nT1NlI2r9CqYacVA11jPb_BYuOy108Fp7MuC3M_3wwgBOwqctN7MmwKCKLE6i8_8L54WTFdBqlRwIDHYygkocseMfueMTArNGYQx4x_kd3P1BZjYUvmgvUnvPuRD-d713g7iQ_eWy-WLjZKBE9Doj9__rPv8HP6OxGX7EbIbzI9SZex5fvIRI8_h76EMCVSAxRYa6yC5fQj1Sf4zlnJ5gArkaM_vgjbKCZ9mf5UN_2HmdCgdt7jF68ULyB-YStPqj_OiuX6nzC_eN5UFKhsh6vWPKRWt3yLoiEyjp1cWZdWjgUkTlGFaJDAmIWqYerLlqAyjwsNmpxI9RV-W1frm5blGKzBTh9rq2dtVMMMDIS9-ryQ1U-0uTaPYtCVWSMTR7t82wzTAvib0D3tNI9CPYNebge416ocd7LI2kqLRhInLPXGx5EaFylA=&xkcb=SoDm6_M3jA41yxTCUZ0GbzkdCdPP&camk=ethIe0s0hed5mhSVDYdqwA==&p=13&fvj=0&vjs=3
"Software Engineer Informatica, Talend, Azure Databricks, MSBI (SG 26, 27, 28)",Optum,"Hyderabad, Telangana",https://in.indeed.com/pagead/clk?mo=r&ad=-6NYlbfkN0BWpgndjYL01xMr26yTqLCDFb3b3BUdaEwmMV3w6lpNxfdb7iEvGm0gmfmM0o9B9H9azCCnJX2KMEHzw30l_z1UeoC9vYA-N_MJXfTZ3iCrJX1efrrNtAFoPQV1DD47Tg0jwojbMGqSgC1sFStEiSewRSYJqJhqTfoIg9Re158ZqFaEGZE-LFdNQMkXmusLspfLVuoQz_a-p78F4ri4_YyHOkgMTT2-MzdWC82g74d60n2wFebdvUbz4BfYp_fFmBOweyaMLCQW7FHM-ZCotku40u_ZWUrjEkxr6TwnwviKtO0-uwKUmFuzasli4IZfEZ0TQKSahBN-8fyzrST_x1xwfwYd5mRrByDKX35w3-8Xm8LAvuqakldGzDAY2x142HqWVYmFJUXJZ39yxn67digxnpa_Eyra5DieyRuSf1Gg_GIN0qQjlJB14PtT1AzVqoyzUUViIIkAE5kZZh9U7h7j8PxPAHxwkMdc-bSADylCVg2CNZiZrGkN8sxqtn0VYVDsnX0wnXQZyqo_pfrR2ZdFY3VCJCJU_QHpHoOF57-nmRlyR_7dCGVcjH5ut-NwCjaQleRFTGvU6U3dmyIPqK68G-A32uMqiB-BzFEWLXXTvsHb76ENerrIUoVESKnaKw75MSx870MdP-kZAyDx9MWBoVCaUuNK2fm-Vx6RnwwS2Lo-LFwgQ7jgJYCroYKD35-BtP7ZcipQwb0iQkZBFhO5-t2vhnsMN5GAqshBeuWXYr5ED9Z8axLmk6ZFZlx6kU3eyub631SzNGab5vcDoKYLcjl1hZZY82ywml--aMo4-h8pCF32XiXVru-naKXOut0=&xkcb=SoA16_M3jA4yH3AfKb0LbzkdCdPP&camk=ethIe0s0hed5mhSVDYdqwA==&p=0&fvj=0&vjs=3
Software Engineer Lead - Devops and Platform with Azure Databricks,Optum,"Bengaluru, Karnataka",https://in.indeed.com/pagead/clk?mo=r&ad=-6NYlbfkN0BWpgndjYL01xMr26yTqLCDFb3b3BUdaEwmMV3w6lpNxfdb7iEvGm0gmfmM0o9B9H9-vYCdyBADKaXx8w_1f4Dm8raLvVuxoifpVLK5D-JapHanWzZKNshL6ALF7LX7aZGeKXj-XFc5-KL8Ho5lTrScc9aY37gsy0v2rMPLa9COQIcubmXQR4-gV5pX0oUbd0bHle3DL27jIFQuic0s76mqypNHqb2XCdeC_7QTqx06ZLn6sePICUHu4_QCIjvXyo5zJTM0YpX8-vF_Q1YdivAJ4NPt1clL6QOjVY5OnAaAKzN3FzTF9j55kGBEPXG3d43v9DMcypgJmEKCsKScaUuDU5u6m3Pfp0iabQlLUmwddIYcE0T1pZLbiFtop9XDhs81PUELHF2KgcyRYwX3_U0_VO9HL7qp-YaaEnrX_GN6FNr1u-ktPXK7InX4hIghEZLgTadnSsjTQ1t-38kUyvaTwJodTL_2AOepAbLZiRcHv6fH0wLCziExvF7x1CR2zLUcC2dmzdm--EswTYdkOlCG18wvYNsuK5SxZKTIw9VkzT7t6OHYxkZAh9OLc_Lc2vQQSDsd4FM6rAt2KyYkhlgw-IUjMezCxja6T6WHN95bwvtQ3AMzctmp-M32ZLB48JEJiKY9Ya4eNVfT7CW0-fN5jjrjYSaBBKPlHvMzUK7iNFUon65ekz-5B99TTVJxeMv5QQHX2dVUzakC1Q7zT_Y5a76gZxE27Rk0fdNYZelpO4eVc7mQVhl5pn0ti9_Q42j5_cZO5V9_LtE7oCtnfjozmw1CU0ZWKwjW0sFsCUiHK6EJ3ua7deGme6CZDVWtqdw=&xkcb=SoAm6_M3jA4yH3AfKb0PbzkdCdPP&camk=ethIe0s0hed5mhSVDYdqwA==&p=4&fvj=0&vjs=3
Software Engineer Lead - Devops and Platform with Azure Databricks,Optum,"Bengaluru, Karnataka",https://in.indeed.com/viewjob?jk=789abcdef0123456
"Software Engineer, Machine Learning",Elfonze Technologies,"Bengaluru, Karnataka",https://in.indeed.com/rc/clk?jk=e46b5b833d38becd&bb=-hVIZrT74NvMvaeZ15EGA9vVlYXDGkI8YAhdXjR9jzpNyXCc2FZhSuW2CN9zV5LvUqh3FmHHLS6Y9P5kwxHgwxgom5zx-1s04gQ6651jQeRgOI5Qim5NbcUsmsZ7xUZSrRCG211W2Ya2TosLvAy1MsfhaEF6T0xoMJFOvMLzcO8%3D&xkcb=SoCW67M3jA76IvTCVh0LbzkdCdPP&fccid=79edaf26eba600e1&vjs=3
"Software Engineer, Machine Learning",Elfonze Technologies,"Bengaluru, Karnataka",https://in.indeed.com/rc/clk?jk=e46b5b833d38becd&bb=CaEVEDiKwnCVkjBn5WooHvJcPSsR73Cosm1EHIW6WcxrwcPekquXq3yMGRNpvBZzatMpUcDb89A_ugY-Hvt_liPHFQtsDlJnLrwXdydDnmX4GTTUdFcP3ek2ACA3uTyzFZ54CtfGExkq2QMRNG8ZRw%3D%3D&xkcb=SoA067M3jA8BmlgfKb0LbzkdCdPP&fccid=79edaf26eba600e1&vjs=3
"Software Engineer, Machine Learning",Elfonze Technologies,"Bengaluru, Karnataka",https://in.indeed.com/rc/clk?jk=e46b5b833d38becd&bb=Y9f3KlSxYvwPc-bC2GGW4WyAHaz71x9fdKDbFcz5xILHBXNw0VNDKuUxLd_WAmfYnB49DFafio4pgd6eEYPEjyJzi0tvClJf7GSaFefISndrR4OpWDjuJ5r7OFvCvLwidf8-uPpFBDWRpDASGKvwYQ%3D%3D&xkcb=SoDF67M3jAt08wz4kB0LbzkdCdPP&fccid=79edaf26eba600e1&vjs=3
"Software Engineer, Machine Learning",Elfonze Technologies,"Bengaluru, Karnataka",https://in.indeed.com/rc/clk?jk=e46b5b833d38becd&bb=k5C0MGW7E2ofX_ABdA8wBsYMo4bAd1huQAqsS1QIcraYAtrV5aqLO6BK3Vy4laHyfKYNaG1s38GCMj0kFb-Q_Eiu4kQIcTUajJl_JieGNhHekWlE3-fyCkAG746a319durYgQoGvF-1Wnujsjb-NrA%3D%3D&xkcb=SoCA67M3jA7h1rz4kB0IbzkdCdPP&fccid=79edaf26eba600e1&vjs=3
"Specialist, Material Master Data",Kenvue,"Hybrid work in Bengaluru, Karnataka",https://in.indeed.com/pagead/clk?mo=r&ad=-6NYlbfkN0AnH6HNl3qg0QQoMtxRKZBdeOxG4LsryWJUV6u4ORaRKqUckZGVeOJzLn0Eg6o8XYI0hVg-_8OxkRgiRB-nZkP9T-KCxckWopxC-wuTZMzybeuHcwix4lnEdllbS1vEYPke-ncCpjiXvUhBWNc88rpbkKZSCbO-BcopcmSmTo028pRAyKvHh33pGIg3a7-D4HZDPg8mstmKtmcPwkW6jlWxl12IqKWqdcgCBUDxOpqMB3KeE7f586CwbCQ1JGfpvllI4SR7b1QU-LS0dtSf6cGQUqGG7RFaWHjIMPh6FIJsLKyvfUIoKNp6XOKyRn01yO6qqh6-6dTyMy-EtsrbjP3oNjXVEtobWZMjBY-hnr_r623QUyZoG6QaFsKQcCGe_7Ihd0jOkxW0jMwXuaG7SaGt8_A90RDoz4pfmqYRYZEcFE84wgnHvu0K1hGTffHoQkNfzeKsf8ibmQKwEoCzE_Pi-U3qS0v2BCZlezPTtxW1urpt9RcYSCV_KIOJk3iyTaPd-FZLZrW9cVGlsHxzEfCfwEHPu5wwMjzZr7-MvXXv3nZto_CbTVSLp-C-OhA_tTaNtUd-5v4rdMfUlkGWLn_WAtrLkenC0Q5pqdnuTStSxXbXAPqARSDyttm9wRRoG1eWkuGZhBAi74U2x0u5k8v3TxKvA0A91qzK76BB1CGzZgJolLyto8Q8yNzkSfS4lRX9oXMztfwB3Kq72nHjMQojsYGaqkGkfS3l5X6FurYo_0c2mntmlCXOQ7BW_9TqVZT_djpCHbcndaHMHdFd9Bc9MA1cARX0yCm8uMWigZlhwkBYK96S75wY_EZyOAiTjZihQSiB47kaCd0xKAdFQNrKkxTxVLG4H2c=&xkcb=SoBK6_M3jA5PJiAepj0BbzkdCdPP&camk=C3EPSzFlQw-Qts97afg0Vw==&p=1&fvj=0&vjs=3
Sr Founding Engineer (AI),"Libra AI, Inc","Bengaluru, Karnataka",https://in.indeed.com/rc/clk?jk=873c2bb608f54f7f&bb=0yFN0yDmIeQes4DuWHG9o2sFGzQ4ofnoHnBGKUFx2PgVtkaltV3o7kdpXVpR0C445Eq-HfHUG4lknq9xMoDv5UP8D-cSqpTanTnke-NatCKhd8mb4mY_w7rqqjTz42JpFr7HsKM_lJ5isWNfMiIfeA%3D%3D&xkcb=SoAS67M3jA8dUEzCVh0BbzkdCdPP&fccid=dd616958bd9ddc12&vjs=3
Sr Founding Engineer (AI),"Libra AI, Inc","Bengaluru, Karnataka",https://in.indeed.com/rc/clk?jk=873c2bb608f54f7f&bb=FWCD_gZjr8CaB7WEgOPPmrgE5izr2yONDf_xiZswHH4lDUWJxxE2ncESmkghXaCaWBa0TS9kqacQ6o6-2UMEBTOKx9trJWkF-sdUL1m0aSUwCqopEb4p4nKQO0eczNXwHLOY4FCVuWzdb-mml-B5vhnPElX84RLcwXQLrW2beAM%3D&xkcb=SoAB67M3jA4yH3AfKb0GbzkdCdPP&fccid=dd616958bd9ddc12&vjs=3
"Sr Full Stack Engineer - AWS, Python, Spark, Pyspark",Optum,"Bengaluru, Karnataka",https://in.indeed.com/pagead/clk?mo=r&ad=-6NYlbfkN0BWpgndjYL01xMr26yTqLCDFb3b3BUdaEwmMV3w6lpNxfdb7iEvGm0gmfmM0o9B9H9azCCnJX2KMKkAu3rm9Ds6TmpOMKoRzugqHQJU55SFhosFqAf2BMZPrTlEvSulLsLZcNq6Hqq1ClufUY_LnoSZI1YYHqRP-FAH5LV1_nkDck_D7ynKxYGjbQzehGnf6UwTQjCtPPn7jAKQJhEiQ7Y4XBTm1vBbnPV03RtlquBVEJe1WIfN1_lj1vAs32uuU-VNV-M7ehK2R5RWvF5wCrWrDEMmItQbLDca3LjOA8bj_CmMUSHNOpviTbPJFO6hseC1_T8eJsq0egOAoMyRhlvYDfRR7w9U3fskmPuQ938Vwhwrn8hngIU_oNtWdMwFYABEABTe6j52kMY87PT9iA7uLjgFei3O7KGf9ByQOSWJWEG-Ik1ap0xK0W1OdELkh-G2cuSsF3QtU59vL3w86xOCdze8mnVMBGiLZX7DfUOdwuP1_AvbfLrmhUpIViSShis1-hze2PG2I8lFek6xf7HbG1suYvU7ZOwakkqONkwOUqralMgOj2tZuyJqAFM9E-UT-Kz_nm7yBUaKPXWQ8gC_yD8jBDXPoHv74-waCfohk7rsMybBMxIg2-7qN8ar3Mgoa7MLsG2zHPDGTl5MjQ2eSD8lr5UlNpp96-LtAmysXSp1UquyoDxG4Pbd5-edWwQLRqb2d4e-WiHGcjFj7XxeadicDRSrQTUF0jB6Xv2EEPgSI9ScahvmuCl0ib7w2TfiXOp6M2ZnaSpLyHkXRAdIi2dC3atPgZMnHGZ0q-Ulwe_JHAGXSFyZ&xkcb=SoC36_M3jA5I10TF0B0IbzkdCdPP&camk=ethIe0s0hed5mhSVDYdqwA==&p=3&fvj=0&vjs=3
Sr Lead - Machine Learning / Generative AI,BirlaSoft,"Hinjawadi, Pune, Maharashtra",https://in.indeed.com/rc/clk?jk=dc93a29a3d3a7b04&bb=0yFN0yDmIeQes4DuWHG9o_BljL2vKGO_vprCTkiDWG1QsEpvc55x8bLjxAssbck6x4_8AzrAJqqme3NL1khvPvViTS0Iqt7ENlyB3fbJLNaeb64H98bg-s0w45WihWcfbEX_y-ZFnutPtHSakuSQ4Q%3D%3D&xkcb=SoBP67M3jA8dUEzCVh0PbzkdCdPP&fccid=1c1ed42c0be8178f&vjs=3
Sr Lead - Machine Learning / Generative AI,BirlaSoft,"Hinjawadi, Pune, Maharashtra",https://in.indeed.com/rc/clk?jk=dc93a29a3d3a7b04&bb=k5C0MGW7E2ofX_ABdA8wBsYMo4bAd1hubIdqnIj7oQTqOYyRrd17e_k88zCyFNaurV3gM6wdfyoImZj0hW_l6GkkgmA8CjULKibfqbqxrFh5OvmSN3pGyPPz6xehbwV1G-qNZ_nfGPbHRSuLcBfORg%3D%3D&xkcb=SoBA67M3jA7h1rz4kB0FbzkdCdPP&fccid=1c1ed42c0be8178f&vjs=3
Sr. AI Scientist,Candescent (Digital First Holdings LLC),"Bengaluru, Karnataka",https://in.indeed.com/rc/clk?jk=f02941e7817bb75b&bb=e6eLvopbRNzmW_jbw2AV7QbrTBZYQP6d8RiskZtgl0uLGFNLZG415NTbm8cMFLYEy-vuUJxZu0WjnOWQ3n733TAeGEpM1JgXtWtUn_mFPhRD4MTeDRqfTzo3SnH9RZsMaD3Y7bmQZsCBK6nZQz__Ew%3D%3D&xkcb=SoDI67M3jA45CbzCcZ0GbzkdCdPP&fccid=332b2bf7195e18f8&vjs=3
Sr. Data Scientist,DBiz AI Solutions,"Bengaluru, Karnataka",https://in.indeed.com/rc/clk?jk=b2a51b53e99af3fa&bb=M83dw3BgmJtHU7Dei3WurNGVk5dbOmbaXL_cRNjZ2sLjZuGDnUH8Hv5vGnV-8aVG59z-K_OHJRZl_QFDwIXiMrG4jPOnl_ngzG6tqq9wOdokCS0FE1rACH-DNlFErHp_hCfIbLk9tJbHvVWgEI5KPw%3D%3D&xkcb=SoC067M3jA7_OkTCYp0KbzkdCdPP&fccid=71db1a689a90c68e&vjs=3
Sr. Data Scientist,Shree HR Services,"Hyderabad, Telangana",https://in.indeed.com/rc/clk?jk=8b55add10ed85f6a&bb=ZSXSIMs9D0qnX6GHDqRBPFzdG0cLS_HCUSiAtusUdK_JgFznrVg-bnEiJZVkCQUvh0VgvMNElpieJamqt-NwGXcHU2vlOFro4tH0lcqX_6xKYq11Iose4hbfGBoWZLdzDRxpI0HdzwAVadRX9Z9x5w%3D%3D&xkcb=SoA367M3jA497MTCT50ObzkdCdPP&fccid=4739c2ddb668a711&cmp=Shree-Hr-services&ti=Senior+Data+Scientist&vjs=3
Sr. Data Scientist,Shree HR Services,"Hyderabad, Telangana",https://in.indeed.com/rc/clk?jk=8b55add10ed85f6a&bb=e6eLvopbRNzmW_jbw2AV7R8O99O88NylCLm3NcPZbyLJMWiz_wwTFoS6plWVU5p6dU1BsY_WbENhAj3Kna8hdhCMUPrBueoR-FnBJ6AuAacN8c5wgsFP6ePU2npWeD4nf_5WBYudx_-zsHNfqWucyg%3D%3D&xkcb=SoC867M3jA45CbzCcZ0KbzkdCdPP&fccid=4739c2ddb668a711&cmp=Shree-Hr-services&ti=Senior+Data+Scientist&vjs=3
Sr. Developer Agentic AI,Top Retail company,"Kolkata, West Bengal",https://in.indeed.com/pagead/clk?mo=r&ad=-6NYlbfkN0D0muu7L5wF959QCWfDkxsvcKDFQS6s3UctCbXNPv5ugu7u3k8cupSQW0KECb5ukK9DatecpJTU1J2UVVmqON-WvYOZDqmlU-PYD2trv_YidPHkE433U4zFb5HnQm-a4GtJd5kgd-IgRPBG7Tn_BMaFJCl3tko3rhmxIrFZZ-hCSBSnB5bOUFTj786nv50541fdx1tEaL9h57Y9vlOQacQAt4ZxA4xAg5v2ChUUb8P-ZbnJWTlm2BHJ8NvsqWHpi949OfwLWUmS8BVHPjJK1J1H5Vo6Zvn97pJiJw7ac8rI5MJWqPKpVkcaveqMpl7I9tqiW0hLn7mH2gn0J5rz0EkjXM1ynmEnpXvhVmi2ccS_N6nrujHkN3uifrG35-DYo0LZ_KIRXm9wWOfc5xM5N6u0gogi_T6tYRzyT4we6bbSdNdmrDX9w_inB42ePCWHw5bdWkVhlRdUvit5Hpwh6LhJzgK8p9QbVj9vvDF8punIjNLB3wyI5C07Dl3Owwr8WJmOZuSGuY0Ygna2HolWnoiTp_C-2qkkaYRdU1RycpFNoPfyKT9X5CehRJVGIFQUy_J5Xc4L4KL2PK3xl5XMd-MduZC8qkoN6Zbyf9nKXoTXSIMH4oVPDmxG9FS-bw_8JUjmPiQKaaSIEyfJyXox-_ElhJzkXpqt2VmUdxzHAjLQhqe_jpDNiT9K8EuNc8lv2JV5a0ZffmVUdg==&xkcb=SoBY6_M3jA8EXpzCVh0DbzkdCdPP&camk=C3EPSzFlQw8RNifSPdaRgg==&p=8&fvj=0&vjs=3
Sr. Engineer II - Data Engg & AI,Anblicks,"Ahmedabad, Gujarat",https://in.indeed.com/rc/clk?jk=8307b2664f17ba92&bb=FWCD_gZjr8CaB7WEgOPPmj62xMU9BkxpSg_ndZpUMBtFMt_XslAD6FyY4sC6TOynoHNRYTNjDdhtCOhTmqPCkWy3eJjxzI9ZjeOhcwL8WkuTVcG2PYfkaH3ta3tCxsgNVZW302LFQMWgBXBOsY5g8txeU_Wow9uhOkmSh-vGE3s%3D&xkcb=SoCP67M3jA4yH3AfKb0BbzkdCdPP&fccid=e0efd5c38293090b&vjs=3
Sr. Machine Learning Engineer- Support,Kenvue,"Hybrid work in Bengaluru, Karnataka",https://in.indeed.com/pagead/clk?mo=r&ad=-6NYlbfkN0AnH6HNl3qg0QQoMtxRKZBdeOxG4LsryWJUV6u4ORaRKqUckZGVeOJzLn0Eg6o8XYJq0rXzgfVppY3AU4oPxxA7AOSbJflPfeH9wzngAA1Mw-L7rA66RQqZUOuGcqPlBzuH5cVWXeALYoInT0msVWivpInrHcybyLycYBczmJ6kKbP0ExtKWNnlHHU1EubXbAycVpYBTJvXd0Y3WOynKiyUPzmAoW5ExXZdxu181hGzuuDlVaCirtNnNljvT75miQUEZ-sS2BM9nkx5KguWc6yWCpHwxJISihLcjbocVbz06Ozfb-yrDes_3uCgCBYxHLGH6ixTQaFzjglIznTjgkcGggvcRi2FU6OLqIXXk5lYAh6IOQNj_9RxjLooatBbHNd96tZm3_zYFEshGI2eUJGnNWRYBzVFd0RzkV3Vmm_KpXrN7uMrq7Cg7lIjZwL8yPrZaXEJPMcFW8q_7O51ztd383UPJdM2nedTFoi9lbGK642E6u7nZ2UPcgSUCn-CYMmpe5WIFYPWaeuG060tYz68Q_Q2VXxvHA3DQJrWD2yRAOQq7e8g5ZbcBQI0qEjEZwRPIl-zulKExmXrhlN_1cF0f8xoKoCjLRtvRy4fz2TXRMbFKTJpQjDXFicjRbh32W23cj-ZVT7ovQE6eICYsRMFERvSlPGG10N0ofomVYEppzR2ordeEcKNTuxOWGMsjy7TrRX-cfIKRO5qIS2ukzQYFQ_gSy-GMYzKkFgpAqKSmJoE2hzzNdk_VdmjKT4C686EXFtQQ-LAGXwSFvGIHXhqGmPqYFMOozNjVMiUHaIWPiKQsgHRE48SsyWeQoFbIBpUz8Y5cRR-c2gteHRwVqU1lLFnifT34Ub9yvXJ-8TIjg==&xkcb=SoA66_M3jA7h1rz4kB0CbzkdCdPP&camk=C3EPSzFlQw-Qts97afg0Vw==&p=9&fvj=0&vjs=3
Sr. Machine Learning Engineer- Support,Kenvue,"Hybrid work in Bengaluru, Karnataka",https://in.indeed.com/pagead/clk?mo=r&ad=-6NYlbfkN0AnH6HNl3qg0QQoMtxRKZBdeOxG4LsryWJUV6u4ORaRKqUckZGVeOJzLn0Eg6o8XYJq0rXzgfVppY3AU4oPxxA7AOSbJflPfeH9wzngAA1Mw-L7rA66RQqZUOuGcqPlBzuH5cVWXeALYoInT0msVWivpInrHcybyLycYBczmJ6kKbP0ExtKWNnlHHU1EubXbAycVpYBTJvXd3imZhnKGyQbgLVXiFq__d11qsW60ngbFV67w1jjfifZpKExCT69lJaQyDFRA9nzHfKNEt7oGLQLy36ZiiFQEFWnN4_ebpGn9ecTHybxd1b-sUO20YqA0qO82dCLMdY9rGMJTCQMbbLLCCiTLop2JlWfnofRgxqpDwdms3XqywgvBfI8F1gn2zfmg_VMa3nJ89LrTMvlGcnCX2AecanzYdrjAazgO-PtkD1NxKPU8dMlfvIF9KSKQoCkl5psuWNlzjTSW7D5AHeFXuTri78yDbCwFHdR_McFZMi3ApUD5uzfdR-bzrHx9vUnILcrHlmR7MA81Sksc5H4jo30_7nK5lUSwGtPisgVRWw902NVjbquqLa_BmlxGZYAp3TRDsQCkg8rG3eE-8itSZIDjV5LqxMdTzgWRRA-xxGCLIlDMunztfMZCsZKVqk32RstYmtQMLhuMGNG5XZ_qrax8_y2hUYdrYz_ZhjYTNAD8tZkabK2Qyu5DtL_H_5O25zvFVVnbie20EaM59so0gTVkuFuL2k_OYjj6hW6hBoy6eyw12J94KqQoO0o_Efc055gBBQ9GYCvdKSeiBoSV60vCo6HTBDjcnl6G7gUNq5_6VSRlOgEJ1DgjovzpdxK3JsAx1kE3Qg8abnau2ezLFXNdACobpqm7Y574z0wo3XlDejN-Im9&xkcb=SoAs6_M3jA76IvTCVh0BbzkdCdPP&camk=C3EPSzFlQw-Qts97afg0Vw==&p=10&fvj=0&vjs=3
Sr. Machine Learning Engineer- Support,Kenvue,"Hybrid work in Bengaluru, Karnataka",https://in.indeed.com/pagead/clk?mo=r&ad=-6NYlbfkN0AnH6HNl3qg0QQoMtxRKZBdeOxG4LsryWJUV6u4ORaRKqUckZGVeOJzLn0Eg6o8XYJq0rXzgfVppY3AU4oPxxA7AOSbJflPfeH9wzngAA1Mw-L7rA66RQqZUOuGcqPlBzuH5cVWXeALYoInT0msVWivpInrHcybyLycYBczmJ6kKbP0ExtKWNnlHHU1EubXbAycVpYBTJvXd3imZhnKGyQbnsto7jrVVjH-LLkqSaQ_ad5d7f8Ym3YgWnfM6P0QLskAaUuzfn1pacDO_CvvX3XD3bhbm6MMPc2q0CafgxueQEUbVOwH3dS9Csmz1ZKUfnWg-WpGKiWj8SzLk4uJF6ifpizgYGDszIgK7rgRxskSR6bXirv1Od3urMv8jMoBBR6L28JSurCohiJRolRG9XuuRARcbNOPkjKU1bB6XbSMszPV2sBFDzQtDRUbxn8glr_2k31t8VWOfOwqfIA3vMZE-AML1VoZ7omEX6q4ZeOnpTSjREdn7VVHgoPDFSfmB7Xn7f0z8kr1pMoV2pTgJjiyMKO42Tr_52RRqSftkl_AkMUFGUHkE6vV6p-F4_0ig3h0tqCv5xXklTEMgvwQqgE-Cuzt3ZrHpOwghHOrS9djWPxR83cbuzCWdJQyNTITBZgeqxBInrQ5aLpqf1HhTCqC0wf54fmmcaWu7WgAiZiWzn8aBOaILhaTgoh_g4EiD3V8FChaF0yYsjJS4iFYwD0kQzzex7NiOAcvj1115aONMkgJ-EknGf_-3AtFdhDX0T2UCt8eakP_xQtJgT4WLhqLM2WJj__wTkD74x6CPlUaujQMcxEZsG4QWw58p-c0Dv9wQUV4VAOJDTh3GLbhc8i5xgX-NY04PmU=&xkcb=SoBe6_M3jA78Y5TCU50CbzkdCdPP&camk=C3EPSzFlQw-Qts97afg0Vw==&p=9&fvj=0&vjs=3
Sr. Machine Learning Engineer- Support,Kenvue,"Hybrid work in Bengaluru, Karnataka",https://in.indeed.com/pagead/clk?mo=r&ad=-6NYlbfkN0AnH6HNl3qg0QQoMtxRKZBdeOxG4LsryWJUV6u4ORaRKqUckZGVeOJzLn0Eg6o8XYJq0rXzgfVppY3AU4oPxxA7AOSbJflPfeH9wzngAA1Mw-L7rA66RQqZUOuGcqPlBzuH5cVWXeALYoInT0msVWivpInrHcybyLycYBczmJ6kKbP0ExtKWNnlHHU1EubXbAycVpYBTJvXd9OI-EIfvD0dpY6HopG42R5F7sbh9Hvp14-gAh6Tw8jioSGWGmrScBs1PflpkzCOwoev_QSdC174ue5sBwV3v7BWKh_kC0h11qCDqcWhQIm4LjqO7JcmE_4QAN8XiD9VMQg8GibR6c19t7O2EFmbZYPPWn7HSdsXpxNmWAkxHIgKz3hcixlqmmpLblZHS8vtkZzDfyGTquJuIEyRV8Ut7R6wRyQ2riKVajC7R58MkD0TdWkNX9fBBFTTwPMXeLng0mdUAovF6i8FCnYnIF0_e24CZUoe6-zeEdFR3bUMeK3gBy1caaM635TIU3j5Xojn8z0ku4t4qhc6lJcH0WWnG1vv0nSb0WWChYQraVAPo4kYJkDKHcb5U2zlOlqToDfaO3lM8rFbEmKwpJD5HBN5o8_UgjV6hH_gtbBdPYhAVji9DeG2ViMMjXJQ4FIfFGjmuRduJCA3VjLA_jTslAoHfHexjipjI8fJkEJ6gMIT9hsPjy5OPK7PbTjfcNSpvfLP-N5ZVUxRc61SU_Ib3aYNaG_cB63QeRWtlQtEN5GiMg6lwIwIALfA55d_OaicXGmAmnF4dXtSDdwszfO_jcLHSz8SwiaXxkJf7YjuhJkfLNOrv_u6Mb5cq-iNXcMRZUKOZKYP3dHr0VxEN4BD5I7Z85dYBK4Z8sNkqBDO7TNpZ-Mo&xkcb=SoCs6_M3jAt9p9zCVh0MbzkdCdPP&camk=C3EPSzFlQw-Qts97afg0Vw==&p=7&fvj=0&vjs=3
Sr. Machine Learning Engineering,Ankercloud Technologies Pvt Ltd,"Bengaluru, Karnataka",https://in.indeed.com/rc/clk?jk=9921edf7d0ee5b4b&bb=9POcATjFhUaOuyMOGZkuULKmwwV4805Gejhtgbx6eH4QblqxwFswdF2tbcB3t7PdJVIkIWSqxnkA_KLCpskpQ6w9HF9Ah6X6mLej-4x1Cga7Er6eBQ_67cxpnon_Ekda4x5JVhDf481rvWXdGoS26rqc3aCETkqRq54Wlm6HDHs%3D&xkcb=SoDi67M3jA73XJzCVh0IbzkdCdPP&fccid=6ae6aee8daa92244&vjs=3
"Staff Engineer, Python",Nagarro,Remote,https://in.indeed.com/rc/clk?jk=0d7158e0d3a7b2e9&bb=voLhjhX8i-cbN2hWffYkQ3kGf2GEEqilKJ4lApPKjyEwJI4QqZo2gJitaSUVD2zoaSG-jfvFYDLmFvxAz5u8Zbgx6kpYsYgiwjUZo5QCwRUj4oukwRA3ZrlZKp1j7Th9ZeMKblAkJUHi8zTIqiV8vg%3D%3D&xkcb=SoBT67M3jA8Kn4TCT50JbzkdCdPP&fccid=be57e01618911e92&vjs=3
Staff Machine Learning Engineer,Eightfold.AI,"Hybrid work in Bengaluru, Karnataka",https://in.indeed.com/rc/clk?jk=e596485f39e31c0b&bb=9POcATjFhUaOuyMOGZkuUAn60hVWnHZnoiaAE7zsVI9uEJe35wWOtH5XtBWUN8QHyWuhJgeXn_xqlujWkJ9aElXGPyE8wc3fAr_0gIF0i5gwVry8KWOAE_K-pImdm9u_MNc8p5mXnjrC3nEjRt_M4VWQK4JWi1nPvoEbADPWFyM%3D&xkcb=SoAY67M3jA73XJzCVh0DbzkdCdPP&fccid=181504b42c0a09a7&vjs=3
Staff Machine Learning Engineer,Eightfold.AI,"Hybrid work in Bengaluru, Karnataka",https://in.indeed.com/viewjob?jk=cdef0123456789ab
Tcs is hiring for Python Developer,Tata Consultancy Services,"Bengaluru, Karnataka",https://in.indeed.com/rc/clk?jk=da34f2ece5b8e868&bb=-FPsCK7Euvkt2uCQ6vTYBokGk6yd3HCUY3SaZpY_HQjq4S4k5LdrefHWS3A-km8JVEGPmLBVQmvmZQ9MQMbcWAmbiktPLznHS5BYXX5LpMXjMEJmgkQWsypiSL-lkkaaBo7YYorfKiwbw4EjuMgPQA%3D%3D&xkcb=SoAQ67M3jAt3V4TCU50LbzkdCdPP&fccid=d9b9208177142548&vjs=3
Tcs is hiring for Python Developer,Tata Consultancy Services,"Bengaluru, Karnataka",https://in.indeed.com/rc/clk?jk=da34f2ece5b8e868&bb=voLhjhX8i-cbN2hWffYkQ2CnS73yjDg7IeFO2LwhGGYY5-lmv_n7UVnIs1O0UHoJdj_GtlehtWGfnpyXzsoPXI6Cb6QMoeoAdFS6ebfbIvXFMT472p5QoDXps9yvo7vigiluCdNoPJyZJRepL-cHCg%3D%3D&xkcb=SoB667M3jA8Kn4TCT50LbzkdCdPP&fccid=d9b9208177142548&vjs=3
VP Software Engineering,Optum,"Hyderabad, Telangana",https://in.indeed.com/pagead/clk?mo=r&ad=-6NYlbfkN0BWpgndjYL01xMr26yTqLCDFb3b3BUdaEwmMV3w6lpNxfdb7iEvGm0gmfmM0o9B9H9azCCnJX2KMHZ1MzTpWjiOVcRX7cJB2DXA5s3WOojImXbqoeLM6cFSsEdHbqm6p64HsMYrevaomVVzwUQwQgsOcRybtyegYyPVX-7vWEIkA2tnC6St2wjSI8-tpRkXDQVIfkCt8BFW2wJdhY6bqrrBy4kgxwWiK8lwELzQM7O4ImGXydMdtM-H60NQm7MdhXRdpsY0AMLVzGeL5dUEC-TSz8e3s6zg6Xjy2VYKhAE18_xP7OZretgUaz8t6SvrK5rN2FY4AphnaaGqNXFwxEaRcQKxb_7itBDQfXTFP3rlrFZo6EnYtT3XjTaez5tGbwBUTfgt2Czmma0s1cYv3osRGvc8tz0rWqjJfnEStjnFbV70om_GzYBERf-3WvM_5Sw8agjBjIz_3gBWsKKZutE6IWhWyZCHWfDn-L7Lu1JTZ0LyNQFn1zXTT7cI6AxsXDslUvuNpSJ_1el7FgzaXsMZKsMlyTClQL3bEhvB9WSxh-ODG1wqLFPJsJp7AKLpxnX6_EL8lqFDQ0i3pBTRxVbY_JLmNO58UZm-yebbIQXsvTmezGSXIBAhmnUz_17GS_ORW4BF5hrn0_uhaTHXOrmVCZRUMHpS84Lc4uzii200ZzpTan7eCsVANVpNjb3GYV7ex4j5Alu0iCQfX2wm9u3QDhZIBzATND6VWw6SMYAtxpOrlnXlzsQHwb2J2YwfYeZCKkwECDnlWi0shLLE_PtAIoPi1UIspbwudu2Ts5Hl6w==&xkcb=SoBJ6_M3jA5ATfz4kB0NbzkdCdPP&camk=ethIe0s0hed5mhSVDYdqwA==&p=6&fvj=0&vjs=3
VP Software Engineering,Optum,"Hyderabad, Telangana",https://in.indeed.com/pagead/clk?mo=r&ad=-6NYlbfkN0BWpgndjYL01xMr26yTqLCDFb3b3BUdaEwmMV3w6lpNxfdb7iEvGm0gmfmM0o9B9H9azCCnJX2KMHZ1MzTpWjiOVcRX7cJB2DXA5s3WOojImXbqoeLM6cFSsEdHbqm6p64HsMYrevaomVVzwUQwQgsOcRybtyegYyPVX-7vWEIkA2tnC6St2wjSI8-tpRkXDQVIfkCt8BFW2wJdhY6bqrrBy4kgxwWiK8lwELzQM7O4ImGXydMdtM-H60NQm7MdhXRdpsY0AMLVzGeL5dUEC-TSz8e3s6zg6Xjy2VYKhAE18_xP7OZretgUaz8t6SvrK5rN2FY4AphnaaGqNXFwxEaRcQKxb_7itBDQfXTFP3rlrFZo6EnYtT3XjTaez5tGbwC_WuPPdP57mwjMkERu9Aum2eFIm-rsyZ0j6Xs8ejhzBbD1cZnpCxQK02nlB_ldMAdKX2UZV0yWDnMcG0biX9C1admG-KPab6z7WEP1xyfDQrLmCyYeIS-vkmcCzEW4VmRMccpZlySPuclhd6pLUUTvYhQHuY-OlBJjPqBusHSG-ATsaG2-uMrIZsFIfcjfwTRtb_LrDWHMNdxhpTIi9rA7aIF4oi5tquQ_of0GsowIZXoiiSGN2asljBj7EvEasdlUN6nr8mBJfI3Hrmt-YLYcTiCiKqGIwKURtTebF7ZpefUl3_rSi8PwYQfCXO4tdmWxP1_ptbAZZyNVmC124dNQDbWiJJjZLED-ApGhUs4lvc3ouePFfuYOAmpeZinseHtBsDusSPXho8uSjKADF0dOug85JbMbhsyTBwMIK-dyjQ==&xkcb=SoAE6_M3jA5DXoTCT50GbzkdCdPP&camk=ethIe0s0hed5mhSVDYdqwA==&p=13&fvj=0&vjs=3
WordPress Developer - AI Trainer,DataAnnotation,"Dehradun District, Uttarakhand",https://in.indeed.com/pagead/clk?mo=r&ad=-6NYlbfkN0CnM4TERr6XuVBW3VTRACvDXDx9S3Pbn6a0SwhkmoLTiIZpxuUfjFtTLag-19gp2VTzwia1WIbpcv5XXcrjV44f1SRZyvuh1YD0_q99DmWA016HPtUxVGHAbK3ya_Y177cKsjgALLJvfRc4xsI7z6LXooyLHm33f46DQIQ5kD3POSYOCw0O7pqoTfDsw_4NjkCDQS5wx5lKmhqH4PJij9DC_zMycXO4qrr11_GFiK7lziYicee_5XBd8VvmfGaUOfsoyhK4Vc89u1oACR3pO0_v-wqRtnrGZfx9fJdbnUEknidTduUOYfs8i3klE81KKF_fN040RyoPpqcUNgq_wO0A96XEXX8JEzb6-5SuTdI3LYWgIKpwCKbpcJVqFJfkMiddZa5fKFLF-zU5zNZGdJQTbKaS-rWoIuJUO-85_YfrL5sv3HAKZlxIX_JwiaCsQbeoYeB9Ffpm4nVY56qn3FwMaJadCuhMxAkKesfkQCRIv1NLaeO_cUOaeBhw5jFsjAsXZCrUUFsfXuSBkuQ29UJUEdHy4UyFbKaPYTSPvPv5_f4UDf516b-4xOEKv2vw_b5b2EiBsXgyEzI0AUSV3okKzmZvDd8e1vZ_9gouAheFwNVKt3BDXUE4WZbJUMm53d6PgQ79wYSsW-bKd4wgh5Dcc22ewFnZs1RMdZsgeTbZZBE_09YXNyzy0_YS5nNVtVr39qG0IGsi9A3l5p2RnvfuEhXCUHgSHZzKL8HzHXQwPKGjn9SlwvxUBrw0fM4zYxIogQwAvBa6HeMZEJRVPIz6DTn8KYYdyRG0mXljQgB9iGKqtXsuTvtoDWkt02BoaJlfgclMt-TH6SoiTh3Vbjd7&xkcb=SoCO6_M3jA8BmlgfKb0BbzkdCdPP&camk=UoKtGZLa3XL1xyg-IyhIjw==&p=10&fvj=0&vjs=3
WordPress Developer - AI Trainer,DataAnnotation,"Dehradun District, Uttarakhand",https://in.indeed.com/pagead/clk?mo=r&ad=-6NYlbfkN0CnM4TERr6XuVBW3VTRACvDXDx9S3Pbn6a0SwhkmoLTiIZpxuUfjFtTLag-19gp2VTzwia1WIbpcv5XXcrjV44f1SRZyvuh1YD0_q99DmWA016HPtUxVGHAbK3ya_Y177cKsjgALLJvfRc4xsI7z6LXooyLHm33f46DQIQ5kD3POd7TPbfCgskZwbJfAKiDqyWQH9Aqs8JA3Ua27rE4mbgnyn_Fx5WlHcEccJf4or8cIWXmDI1UM6R_twTs4iaK89weOfMQ9du0VnSY2a_YQMcriCWYs2b0HIP-zr2G1nFVUY5zsefZbKNUkn073NpjQ8vGwg0vxyl-BjiWn1o0l2alYvvbfvY4762WprsjGBxIDA40GgnFpp3auWXxzksIk4-Vp5MNm6bDjItHtNhXrkVCpT9VuUdoQb8hEE9cRD1hApts-LAhrlmC0iZxv8whi6dlTCqkciuGebKVNWkEgI7_kAgUyebtCP5dNpuopwLA8F571j-PY22XPJke38JyLsBYEUiWs4m9hSovZ09nzSGOS2GE7vqMgQvaY7_cV0qvja_jUPPvtYQC7Gj9OqqV8jujvd8WzHFWrYyaijgMFZoNzgGbD16At977xYlDlyNAh-nFOHo6mUXBifAdawdptwH2YS-wzI3JHygpBxOdAIRmSffgTH9OYYxrY88pOWQuJjzMxG5hC44q-90CNgWECg5tjdbUexk2l1omA2v-ETLWa17ra05iC1-tHPfoi5G6h_fs-Iq9N6Psa3YP_w3-c7_RjjVNWSw8i6xlzYfPBkxhOn85rxM9vnmTcqlxMYn0agsbAtoPJwMI7OHKw2KCppkdYkaRdJu-pxKahLhGQ0gn&xkcb=SoBF6_M3jAt08wz4kB0HbzkdCdPP&camk=UoKtGZLa3XL1xyg-IyhIjw==&p=12&fvj=0&vjs=3
Workday Talent Configuration Analyst,Kimberly-Clark,"Bengaluru, Karnataka",https://in.indeed.com/pagead/clk?mo=r&ad=-6NYlbfkN0Dig86G4ktrN90rJm4FEtHzKKttloEdrrFpX9HG6zKuQJcrKlbG4JtboexZo-b_V6zjei8wiDpkjAF9AValmJJS3oMIiIFEsXHhfCTstSG3BmfHQeuxrLwojI0PQg_kiyOkBFQWkwARFkwRUF3HF2lTYWy0HBVkStIHo8Jj31JAFOOvsphZCst_0pms6szRq8dIoQrdm-OJrxkU7e1-FDfRpK-yCVQvnZi-NFwmnJxtgu6VqqwaBlXL08ReDZttzcCxa6HKf1v2xBh_KoORJueOs-QCcqZ_Zons4sW7kya15IMDh4d7K-WYupx7vCGJdahp2ZBRKN9zSjdDuTYatnBimQoH60khT6bKbsWz981pGTntwKnlIzFGmAs6dp11UYDq3JQSKbfsqBmmzAOmgMC_lJ3XD6RVEIsIgJJDsyFSt-4wACJ49vO0KLlSe7IPGHA8NnlUMFjR1JPVfl18RMJexka4wNC1ytL_JKKAdXvADs3Eos03GA1yrN456SfFXrx-XVcd0kS6OFVP86m67ykpLMlVQeGFR8gkxo1KCXNEv1X64wdThsoeX5F1r_qlvCLgA4vxI3Ic5QeR57R1JhExtImlwG8iK6TQC5A36ar91K6RjFuNRj_GruatHenlPVi0yinl_gs9lPBEUNmyXd-awOCUxySJrknrj3h-2_Wffd1OT1LyF7CBCt_iGy6FCDA0YQcF-rb01GAl9mk6dcgFPBtzK5aWd-OzJ6miYuTzLVP0TxOtwg_PuSRc4FcpPDiO-qWHPT6709wltkysancjN2qF3vuxo_Gon5W5rMdHa2wO4esvDU1ZiXDJm9hc29k0pc_X7QGKNncfqmN_JJnXMXvTIeFx2ImO2ISswW42qwRsnApCytRB99Ou2d-Yad_5Wso-F1t0PhFlmo3f5jqH6E2Rf7juLGvDvqvJzR2a_CqxFJyDnDoFrShITrPM_1hP-3CzxKf7YUNTTuf3WZ-KYt05RCBO_2r1PGXHvj6QE6cNOVCY8KlPvQcKhenEauggNf8-WgzjhZorRAT0giIS8nwl_fNgf_Z5Kn0DTEbIsvl-UR9DWYyQDUoJ7a62Pn-t7uCJz-JwzkTW0XfqR5uQ3x5gJ1HlCyX_mcEfaTZ7XAZAyZV8uv6CLEgZeVzgqNAY46SNXw8tSFjUM1gX6NLlRW1lDNg8RdNjXfGnHjA5vSjD82WM993M4RMEPQ_VcqDI_ZGTIj0frywBFH4sP_oyzzn_s8vfHzDSStcuREIJFKU4cyyaSfj-M7EokRmFc_qjQN4V2uX0PjyVEq2Jsk86Pq8MBhYbMdEV8UIE9WeLkDu9Tz2QlhnQethxOPJHhZyZVIXkcNr0uRwkiEcONqmTkM6O2jPSqEu4p2pcVIYKt0kaJGP3CxTBzR1S22Cw40DSmAApz_5P2A==&xkcb=SoDK6_M3jA5PJiAepj0bbzkdCdPP&camk=C3EPSzFlQw8AM91mMMnDyw==&p=7&fvj=0&vjs=3
python developer,yelowsoft pvt ltd,"Ahmedabad, Gujarat",https://in.indeed.com/rc/clk?jk=4a4876b01673c3e9&bb=-FPsCK7Euvkt2uCQ6vTYBmdSLc2bfPlp3RsCsyKkOPMk5wnCI_YopBlCNapV3s_eJ990ZiEksdJEUIbQ66dqLjke72C7w11CjTZcPclCegw51-oH402Prli-DMvQpOg_OtFqr_pJF6stwezoxryTQg%3D%3D&xkcb=SoAD67M3jAt3V4TCU50PbzkdCdPP&fccid=7c7f19729049a269&vjs=3
python developer,yelowsoft pvt ltd,"Ahmedabad, Gujarat",https://in.indeed.com/rc/clk?jk=4a4876b01673c3e9&bb=9X5hbbuO0PJPei84EIWZAoLfbOMhYo3eopaE7eDBfdJgoDXS1mLL8vFx9eMHeWwwfaf7tz3OMaSDY7ttF7zlobPOrWk0_C89Q9egE7Z3j-Xf-0JYpPb7jUN_Inc8QWoqnJnG3YNVwD_uX78HBRP2VA%3D%3D&xkcb=SoDL67M3jA8EXpzCVh0LbzkdCdPP&fccid=7c7f19729049a269&vjs=3
