title,company,location,link
Senior Data Scientist,Locus IT Services,"Bengaluru, Karnataka",https://in.indeed.com/rc/clk?jk=57e488428ef83b1e&bb=ZSXSIMs9D0qnX6GHDqRBPBMMFdJKhR8Mi5SxF7fRnywMjWQlZuZTwNyprPPIUg9Vqq9h5M1ntGpfcE4-HQq51S9AKs1gZZuEgEU9NK6H1Zy_JE-xql4CHUckWjWfa3sKkeirlw6nwTRlqv3SxGql1w%3D%3D&xkcb=SoCQ67M3jA497MTCT50LbzkdCdPP&fccid=4036c4572ade0148&vjs=3
Senior Data Scientist,vConstruct,"Pune, Maharashtra",https://in.indeed.com/rc/clk?jk=5ce12b41e9389014&bb=ZSXSIMs9D0qnX6GHDqRBPNFewBm2wESDYBSEwlMP7T6lVP4aC2Kw-qO2zrEYiHOtbNx7pXMPBzZnhZRAJeP5BM1GqY-duzz-ivD_roJHSCAX8YBAic59INyZJtaL3geJgVhmNgi7IAIqlD91ESJCAQ%3D%3D&xkcb=SoAk67M3jA497MTCT50KbzkdCdPP&fccid=7d7d6e1692e157dc&vjs=3
Senior Data Scientist (Bangalore - Hybrid),Scry Analytics,"Bengaluru, Karnataka",https://in.indeed.com/rc/clk?jk=42321f0043552004&bb=ZSXSIMs9D0qnX6GHDqRBPCtJaTwLDRYonCx8ZPQ4iBfvTNAbBnWY65Bd0L92VrIlaCEHXGRkliSByYsES7Y82rU2QePYr6dGnad8U0AFR7SosDH25_8J5iP7juT2HSCZi_SOus_RoGnTMJ6r-XEEHw%3D%3D&xkcb=SoC567M3jA497MTCT50JbzkdCdPP&fccid=0f3c7d388790d789&vjs=3
Senior AI/ML Data Scientist,Somnetics,"Kolkata, West Bengal",https://in.indeed.com/rc/clk?jk=5954376e3ef51439&bb=ZSXSIMs9D0qnX6GHDqRBPJce7tFy73u2AwvLt2uwSi234rn6tAHxpDEW1NAUl1LuNRK8Vddk5o0_GFB2gY1IUXlWfolaI8PWymanPVxsqL3B_xRo79IKn1FY79Tbi5-arMKkcT_wQVe6TNa7tUkaDA%3D%3D&xkcb=SoAN67M3jA497MTCT50IbzkdCdPP&fccid=f069781a61815517&vjs=3
Senior AI/ML Data Scientist,Somnetics,"Kolkata, West Bengal",https://in.indeed.com/viewjob?jk=a1b2c3d4e5f67890
Lead AI Engineer,Credit Saison,"Bengaluru, Karnataka",https://in.indeed.com/rc/clk?jk=466fddd84c9b8dd5&bb=ZSXSIMs9D0qnX6GHDqRBPKquSjBn5ifbM2mqE5xapl3Su_qeDlk2hGtnUrqDNV0U2W9kCAoqfG1c1ySznaHXtdfhjuKBpexjdmUc2jLZ6VAtxro_RtNABhiaVtDZ2Mm-42mb3RJHYKX58x5wCss_dQ%3D%3D&xkcb=SoCD67M3jA497MTCT50PbzkdCdPP&fccid=b0fbdd288169cca3&vjs=3
Sr. Data Scientist,Shree HR Services,"Hyderabad, Telangana",https://in.indeed.com/rc/clk?jk=8b55add10ed85f6a&bb=ZSXSIMs9D0qnX6GHDqRBPFzdG0cLS_HCUSiAtusUdK_JgFznrVg-bnEiJZVkCQUvh0VgvMNElpieJamqt-NwGXcHU2vlOFro4tH0lcqX_6xKYq11Iose4hbfGBoWZLdzDRxpI0HdzwAVadRX9Z9x5w%3D%3D&xkcb=SoA367M3jA497MTCT50ObzkdCdPP&fccid=4739c2ddb668a711&cmp=Shree-Hr-services&ti=Senior+Data+Scientist&vjs=3
Senior/Lead Data Scientist - GEN AI,Srijan Technologies PVT LTD,"Hybrid work in Gurugram, Haryana",https://in.indeed.com/rc/clk?jk=afa3295bf7658c61&bb=ZSXSIMs9D0qnX6GHDqRBPBMKDofd99AI-HabwyDzI6OePcg0UkzcV87PE-VqbT7jQ4l21p76TV0jMcZF1hCPU0QNlvnGcLMvb_O7WOwgCQX78-BY-HzGjKgTp9gPtZBVbIzfHrtpkH1PT-NuAiHvGw%3D%3D&xkcb=SoCq67M3jA497MTCT50NbzkdCdPP&fccid=ce26d549c132788a&vjs=3
Senior Data Scientist,ShyftLabs,"Noida, Uttar Pradesh",https://in.indeed.com/rc/clk?jk=d0cc168b9b6db2fb&bb=ZSXSIMs9D0qnX6GHDqRBPAaLNdH-o9x3P2dv-GEb6hYtl8KEgd3dvn7SATJPB4E-tN1wN3mEyp3wQTGzrca1ztO7RFmysB2a_du54vrADnlR4a-EdqwSlHqq-nbEZne27qKq9T01Ly-Mjqjfu4ChmQ%3D%3D&xkcb=SoAe67M3jA497MTCT50MbzkdCdPP&fccid=2d1ea5cfea74cda1&vjs=3
Senior Data Scientist,Nference,"Bengaluru, Karnataka",https://in.indeed.com/rc/clk?jk=e692450a7f85df77&bb=ZSXSIMs9D0qnX6GHDqRBPAaLNdH-o9x3J91lAm06EKQJOOei2s6Ix8OQxiuY7cYM9Z2MUfF4UscNWLmWRGPWX9fXZ0-01Tm-4D6LCo64N8gBeejRpnMCBKUhN8bWv3l9jN6L3N7JHiy7JSdDF2l0OA%3D%3D&xkcb=SoD367M3jA497MTCT50DbzkdCdPP&fccid=f3aee6761ce9b6ff&vjs=3
Senior Digital Innovation Engineer - Data Science,Buckman,"Chennai, Tamil Nadu",https://in.indeed.com/rc/clk?jk=a1d84e8e1841e292&bb=ZSXSIMs9D0qnX6GHDqRBPN72Fi4-vgxIn6afRqvJTCiAGSWFof9m2Rux_s0OKBMybiDQph53o_aSmk5bupFuIuI8FP6T5piJV6drQuUFI5GKy_Qw0GpEAd0jw9XZU9G21J76WO_62SxYQ5KL6IKcgQ%3D%3D&xkcb=SoBD67M3jA497MTCT50CbzkdCdPP&fccid=cc8e6e4f1597a7a8&vjs=3
"Senior Data Engineer, Mandarin",A5 Labs,Remote,https://in.indeed.com/rc/clk?jk=de5f50906d221476&bb=ZSXSIMs9D0qnX6GHDqRBPCKi5TsK4UpfjyyGhUDTBUgI5s6xB2bcwvQVW8aCST3ePRmvqY99GQFffpe0UIk9-1I_6qz85iP83geake_ob6MBh3zkIVfDB9DKjtBWf_yeGriA3SgCvl3Eb-cpUhuWUg%3D%3D&xkcb=SoDe67M3jA497MTCT50BbzkdCdPP&fccid=9dda6030fc8fb226&vjs=3
Senior AI Engineer / Senior Data Scientist,SwarmLens Pvt. Ltd.,"Kochi, Kerala",https://in.indeed.com/rc/clk?jk=d846b625bcb63efc&bb=ZSXSIMs9D0qnX6GHDqRBPDNZpCx8rBh_XCAvJbgQPZqyrwY5hlgn0PcrJv97OwEiH0V69O_74M_GJxmgWfK_3rFy-9SDXuJupvRoi2fqk_CzS_PLppCy8LSZbCj19ad862egd3iSnNa-r_BWfQ5jvQ%3D%3D&xkcb=SoBq67M3jA497MTCT50AbzkdCdPP&fccid=4f4ddee1b34da36a&cmp=Swarmlens&ti=Senior+Data+Scientist&vjs=3
Lead AI Scientist,Candescent (Digital First Holdings LLC),"Bengaluru, Karnataka",https://in.indeed.com/rc/clk?jk=2139d1ce45c923ce&bb=ZSXSIMs9D0qnX6GHDqRBPGpvKazVLNvNAX2PMHmzC7HbyPFw967WOHmjaNNXKPu7Wmu6TQ0lrJVWLOeoXXoSMon9QajUDJRqzx8g1LBvjqXeF9mJH6BHw79xHNe7E-n0XsnROTGbjF3a7Op1VruL7A%3D%3D&xkcb=SoDk67M3jA497MTCT50HbzkdCdPP&fccid=332b2bf7195e18f8&vjs=3
Senior Data Engineer - AI/ML,GSSTech Group,"Bengaluru, Karnataka",https://in.indeed.com/rc/clk?jk=0ae4a3d589064c20&bb=ZSXSIMs9D0qnX6GHDqRBPDGtLCdVdjMX1m_ai89zyqzzrXGKuhaTlbrwXy0MuXwWI38k1ruJB6e7XDnVfXWt-kq2n_PqgU0MnRS598Q7vO9fD_rrWt7APjlVTE-44EBReSXbhsan0PpSsvUKBorUbw%3D%3D&xkcb=SoBQ67M3jA497MTCT50GbzkdCdPP&fccid=ba91459a9528dd0c&vjs=3
Senior AI/ML Engineer,VT Netzwelt,"Mohali, Punjab",https://in.indeed.com/rc/clk?jk=aecf334b8764ff01&bb=ZSXSIMs9D0qnX6GHDqRBPAZhPEP8d4mWs5tl-6jDvfRWIt4DoKNi6zesfSk-O6OTt3teFCHroxTWudaOKjMYvLmLgpCPKFNFXctA2tSQGM7Nok_WB03jyG_V8IvJ2MVx9PY7-O-AHSjFRDiJNZAF2w%3D%3D&xkcb=SoDN67M3jA497MTCT50FbzkdCdPP&fccid=5ed441a565eeff1d&vjs=3
Senior Data Scientist,vConstruct,"Pune, Maharashtra",https://in.indeed.com/rc/clk?jk=5ce12b41e9389014&bb=e6eLvopbRNzmW_jbw2AV7YugYYZsCgLFLOLhU0CS1pZ14ueCQ-YEVARW_Vs8JGET44MM3SlOYcyuFgPiwFdt-jJZW-6tZ8K82LNwjfACoEElI2bPvh_54UNVstk8WvzJ_Z73g5-3SXyyRIpE_9FQCQ%3D%3D&xkcb=SoAI67M3jA45CbzCcZ0LbzkdCdPP&fccid=7d7d6e1692e157dc&vjs=3
Sr. Data Scientist,Shree HR Services,"Hyderabad, Telangana",https://in.indeed.com/rc/clk?jk=8b55add10ed85f6a&bb=e6eLvopbRNzmW_jbw2AV7R8O99O88NylCLm3NcPZbyLJMWiz_wwTFoS6plWVU5p6dU1BsY_WbENhAj3Kna8hdhCMUPrBueoR-FnBJ6AuAacN8c5wgsFP6ePU2npWeD4nf_5WBYudx_-zsHNfqWucyg%3D%3D&xkcb=SoC867M3jA45CbzCcZ0KbzkdCdPP&fccid=4739c2ddb668a711&cmp=Shree-Hr-services&ti=Senior+Data+Scientist&vjs=3
Senior/Lead Data Scientist - GEN AI,Srijan Technologies PVT LTD,"Hybrid work in Gurugram, Haryana",https://in.indeed.com/rc/clk?jk=afa3295bf7658c61&bb=e6eLvopbRNzmW_jbw2AV7ShsYO-PIyl848je8FqdjWEokRXOv8TEhVzLRLrJG9ZmnnZAsRzkhP4ejEfJ4ipNRfNke1i24ylaFX4fxp9j50Mea9osSeJEEikyC_skyFxLExnQgL0FCD5RngdComd2fQ%3D%3D&xkcb=SoAh67M3jA45CbzCcZ0JbzkdCdPP&fccid=ce26d549c132788a&vjs=3
Senior AI/ML Data Scientist,Somnetics,"Kolkata, West Bengal",https://in.indeed.com/rc/clk?jk=5954376e3ef51439&bb=e6eLvopbRNzmW_jbw2AV7b0Epj8LYP7rG7r7vZTy2ObskWotMTao1A874frT2FfH4x7G1WA_J6QjzrJFPNc3zXsDrAiaMETTGL7YMQGiRYrOsh3zVJMOzLMpyK_OSgtHQxmUrEb-IYHESxLXuK5sVQ%3D%3D&xkcb=SoCV67M3jA45CbzCcZ0IbzkdCdPP&fccid=f069781a61815517&vjs=3
Senior Data Scientist,ShyftLabs,"Noida, Uttar Pradesh",https://in.indeed.com/rc/clk?jk=d0cc168b9b6db2fb&bb=e6eLvopbRNzmW_jbw2AV7SYp_X51AnNcRYd3e_RbzRN7luQeztFUEqY0FWChNrk7PNnUfp8Ri7TFpHdqZ7bgIaovM5FPRHSoK4VIIw5DyYEYe0ztEr2YWd01WtHcD9zFPS3uD4vF9CZYys3REVSZrQ%3D%3D&xkcb=SoAb67M3jA45CbzCcZ0PbzkdCdPP&fccid=2d1ea5cfea74cda1&vjs=3
Senior Data Scientist,Nference,"Bengaluru, Karnataka",https://in.indeed.com/rc/clk?jk=e692450a7f85df77&bb=e6eLvopbRNzmW_jbw2AV7SYp_X51AnNcqKI4uc9BEHD4UHZmSaMLn3t4lwzradhRvK1Yp6CyvciWslJ6viWeWc2GnOYwD_PiGHSfXkAn7XRXCe_jGtJ3ZAmNWsrpUCwmkQKwQceEEANilYmK5vGMBg%3D%3D&xkcb=SoCv67M3jA45CbzCcZ0ObzkdCdPP&fccid=f3aee6761ce9b6ff&vjs=3
Senior Data Scientist (Bangalore - Hybrid),Scry Analytics,"Bengaluru, Karnataka",https://in.indeed.com/rc/clk?jk=42321f0043552004&bb=e6eLvopbRNzmW_jbw2AV7WHDR3cpATwbMaxQWXS_7hedn_jz9PudskeYSzrnpihjGGJz1Yp-h2YGXEmQ-Khhuz3VI9CGopqoY44OiggOXzkTBS2AcAJW8AczmhsUl6jdrlDS7TLJQFf_vrZH280kHg%3D%3D&xkcb=SoAy67M3jA45CbzCcZ0NbzkdCdPP&fccid=0f3c7d388790d789&vjs=3
Senior AI Engineer / Senior Data Scientist,SwarmLens Pvt. Ltd.,"Kochi, Kerala",https://in.indeed.com/rc/clk?jk=d846b625bcb63efc&bb=e6eLvopbRNzmW_jbw2AV7RYO2GtgQW6SjTrF1UUEmAPkJvoAktgA0KKKbyWPgSky3qU-UXSJ8KuiHc6NMoZKDxXK5EOsSjFAkaPgQicKFEnOULBS9n3HkncdLuL0crWhUQ5MEi69Lwth9hUB-2qO5w%3D%3D&xkcb=SoCG67M3jA45CbzCcZ0MbzkdCdPP&fccid=4f4ddee1b34da36a&cmp=Swarmlens&ti=Senior+Data+Scientist&vjs=3
Lead AI Scientist,Candescent (Digital First Holdings LLC),"Bengaluru, Karnataka",https://in.indeed.com/rc/clk?jk=2139d1ce45c923ce&bb=e6eLvopbRNzmW_jbw2AV7VkxOYDz69YfbTsY53MvgavxBOjxptHyi8XXolNiCH54C5gdr4faQ1PZQyg-w_iZweCAYzVcQwigFILr45movkxsWMyzf-GdjRWCweVtf4cps0hVVBnSEy31zGM8tpUURQ%3D%3D&xkcb=SoBv67M3jA45CbzCcZ0DbzkdCdPP&fccid=332b2bf7195e18f8&vjs=3
Lead AI Engineer,Credit Saison,"Bengaluru, Karnataka",https://in.indeed.com/rc/clk?jk=466fddd84c9b8dd5&bb=e6eLvopbRNzmW_jbw2AV7V8xfnNQbF-Z0uxpuKnUBM0ObTPyngixIyK9Op745aR5USW1l_qa5R2HNcDcgqDNbDeSvEVOLTqjdQtA1zmVqJyea83xWUprhwUKO6taLLPc0VXryVeCkWooEDUmXsl-8w%3D%3D&xkcb=SoDb67M3jA45CbzCcZ0CbzkdCdPP&fccid=b0fbdd288169cca3&vjs=3
Lead AI Engineer,Credit Saison,"Bengaluru, Karnataka",https://in.indeed.com/viewjob?jk=123456789abcdef0
Senior Data Engineer - AI/ML,GSSTech Group,"Bengaluru, Karnataka",https://in.indeed.com/rc/clk?jk=0ae4a3d589064c20&bb=e6eLvopbRNzmW_jbw2AV7ZhB-yvJPu9JnGYmHkerIkYbiWm-rqqIqMLar9i92CB_AnWe_bw4IoZgXbkJPVAekZRDX0Cyu9meWpVSRq6yiVzxScUs00F5uJmn3KoeNy3l-0VjT3UhlmVkDlxcL630jQ%3D%3D&xkcb=SoBG67M3jA45CbzCcZ0BbzkdCdPP&fccid=ba91459a9528dd0c&vjs=3
Senior Data Scientist,Srijan Technologies PVT LTD,"Gurugram, Haryana",https://in.indeed.com/rc/clk?jk=050b160da309e63d&bb=e6eLvopbRNzmW_jbw2AV7ab3N1PB8NBOFta8J1R-o9ItZjJ7WjcEf1dUu8JBEQ3Pdea9AM0daXRXB6kO9ELIt_48_QOGODJLUPzGbBLeUGjhMx45qdlaiSLLAQ3SceYK2SxB5-tEzMHbImruvCwyCA%3D%3D&xkcb=SoDy67M3jA45CbzCcZ0AbzkdCdPP&fccid=ce26d549c132788a&vjs=3
Senior Data Scientist,CRUTZ LEELA ENTERPRISES,"Pune, Maharashtra",https://in.indeed.com/rc/clk?jk=a0f5a8af028f37c9&bb=e6eLvopbRNzmW_jbw2AV7YugYYZsCgLFfBtoKyZsvOcgWIQnNix-4Pqj_oJJWLNw311appZzj3kOySLVgiaqWu3CG_FWO1MRjwnZqIMr7-TL-e8OAjSEI99qxi3L8ZcMkaeRcWijSHl-7i3sPXqaBw%3D%3D&xkcb=SoB867M3jA45CbzCcZ0HbzkdCdPP&fccid=fefb6638290c76b4&cmp=CRUTZ-LEELA-ENTERPRISES&ti=Senior+Data+Scientist&vjs=3
Sr. AI Scientist,Candescent (Digital First Holdings LLC),"Bengaluru, Karnataka",https://in.indeed.com/rc/clk?jk=f02941e7817bb75b&bb=e6eLvopbRNzmW_jbw2AV7QbrTBZYQP6d8RiskZtgl0uLGFNLZG415NTbm8cMFLYEy-vuUJxZu0WjnOWQ3n733TAeGEpM1JgXtWtUn_mFPhRD4MTeDRqfTzo3SnH9RZsMaD3Y7bmQZsCBK6nZQz__Ew%3D%3D&xkcb=SoDI67M3jA45CbzCcZ0GbzkdCdPP&fccid=332b2bf7195e18f8&vjs=3
Senior Digital Innovation Engineer - Data Science,Buckman,"Chennai, Tamil Nadu",https://in.indeed.com/rc/clk?jk=a1d84e8e1841e292&bb=e6eLvopbRNzmW_jbw2AV7RLc4SqEBS1byY1Ev-jeOtVqEvZQwA4td-hrLUITVCwGt7ZLbnL3JrkyNAmeb2taGQzJxXyvVVqa6ibOXzNp_19PZ1qKw1J4K6cCYgZAlBy_x1RZhREsoWMQ4UWrlY-vJg%3D%3D&xkcb=SoBV67M3jA45CbzCcZ0FbzkdCdPP&fccid=cc8e6e4f1597a7a8&vjs=3
"Lead AI Engineer, India - BCG X",Boston Consulting Group,"Gurugram, Haryana",https://in.indeed.com/pagead/clk?mo=r&ad=-6NYlbfkN0Ad1FFWZOsBBwBZDGouyCcICeLSd3pQct3wJ1q5dPO7JNFPcbpYQ1XCYdTOV-ko2T5m3PXCDVDvLahu_A8SRgzC2biGd2vwNe6apWl-fycjnaADQd1Gy2rfuxx4M7Sa8ODTiSrkVS-zofGFrwFEL73TvzAKiLlffPDfaiW3pCA18iW6pZj4AHJnRXR8Y_UZ6xLH2Vobn9F8hoAR15jUyeHOoSRj1pyB_evt7oEkiC3Ib5dU6BOP1GSnyUC3XQ2oh--HBYqTDDp39FJS4oCd6KER2thW8nmIxbHKNSiKNaJJDl0c4eZFloWwSYj3w6VHeyQydLpaE-H4n-uGsAw-4n3GA4-YpRFmG73MYuSs6Cy_ev0roc4hgodci2f4CGwQJ-cQCeKCWxjDt3Tm-A5VV2a031cWZtJKV_TgspJWIPWFMvB7K4lPPiZr8yEs4qQ4eZbG5JP0SDwsXUZoPW7aYs9YVoQdbQyXJn4kGTBM_igdpnLUgRANFbkAKfOBSDoI6ozEnvqGZk6DuvAUbTxiKi6Xd0YGdaTPZ0ivMggNrGydzSgdE5GDP1uspATsNZRl7j7F8nQUdoLlHgML-C9Nn-y2fmQ6l52TSgc2qnVGrb-Tcuamr7L56WYXBUFzTWgPV527unXgo_Sh2kdIXd0YYP2Gm6g8HIlv8Hc_Lj_cMGEe6B1U-X6KQkSy8Vn4C2b_JvR5E9ZrVL_c1GzfGHgjbmUG7QUPYO5nAghDHTE7br7-ahh0xiL1hxqP-DB3r8RJB-32Phdk3eVWXnz1z9dIhJuprE7MVr6NBo3h91F-mMjGphPWMbDYgpNasvO74t5z0duDfcUZzq8sFNA6fPjpKuHGWXFbhVVSaY7apJcg3I8AOWH8P7OQKR_qQdG2fm52_WDbpaoeZjQOcK3bCmH5b72PV7_lpCdTvKFIGk8z0XYakEPsNPwsYDKIqIGLvf9s7Bk9PH9l4ui5FXVEeXsJGKGJYZdIE1ufjrtn_NaiZAc88v254n3cUe-ERg0FcV_PSPn6klqne68sLBVQu3bYDEY2wUCEwP11GZpvAYrmjNlDRuvYxqXp06EgByudJQqppPTccGHsSU673Cz10wMI5wXZZ2m0Z5KTy5o-tq1IE_pPs02Jh6tqOBLG7ZnsIIrQzPERb-64iXvRaLmDFskNuFZRwmx4MGxrpgrn8wasYB60Of8RFm4Jd5-ALfl6VGenoGIopWDVoaDjdhF-YvmvDG7UAsAFeYd2mbN6wPeMmoARZ6qJ0cGDIp1r_yQfxoJe-ONyzISrKNANuRmPPlpUUI8GA3LJ--MqOwqAAvJddW9lIxgZj4moye3XdKSDCDn8Ha42Jt84aSXXLTgaTnk4iRcls6qDb1JzRgDqj7XR41Xr1JoabDfWPBdgl_52dPpKZWdyTsk6bM_38wxg1mum9HPld3Cf8vhZG3WUhpHB3j9V4A==&xkcb=SoAm6_M3jA41yxTCUZ0LbzkdCdPP&camk=C3EPSzFlQw-Kxz8aVjN35w==&p=0&fvj=0&vjs=3
Lead AI/ML Engineer,Optum,"Hyderabad, Telangana",https://in.indeed.com/pagead/clk?mo=r&ad=-6NYlbfkN0BWpgndjYL01xMr26yTqLCDFb3b3BUdaEwmMV3w6lpNxfdb7iEvGm0gmfmM0o9B9H9azCCnJX2KMMN-8rap1KKiFz8Db0HW0PHWwjDjf-ccHiq9-2AeIyGUQF4uShrPYJ47Yq4DJbHHq1Siv84C3y3AIXYzRtQp8K6eDj0RDx5kmhIdwxqy___DO-CVCo1xwaxBy3WtfkqoxIBbC5BM0LBF5txBJs7qsdXK1TANv20VubLvB3R73vebj6KuvWV6npin5H6MZY9YKZBamgbLbW3D7GXtvB25biej5CTBuUL8FQAyAEtYIknCxR67r3rRXclz8RqY7hvJ4jEtAcmTGYntfBre8EvEodSH2wxjKUOx79cehuq5ViJN_-XT9f3cdiL2WfclE7132Kne-r0EJ23KeQmMHorprtvaGBUOjyYRI7hOy7mwrcWyMuVIHf3xovkp_lOFJoSXapT6TZlwfNh0Is0uq0v0zieGZtKeYbbAJvzD7A8M8HoaKAqPo8Xj2gTwzpKQ_NObpLgwGwEfvUJ7jq-7rWiRmG_War-_s_oLmSzppr8RG3OXVA5bh5puk-WB6NttBSWIK0_6wgnuFfKmRBfxom87_zlfQphQV5iFrQqRBcSoxd0iaDgf8FmloR_X0IdZ1r7acVWgc7ra302dPpFTGAFtpTdEcbzCVHtzjpntGCZzEh2LlGNy5F13lD6P75yAxAw5iEg_a0UHLBTojTdwbGu4EMcfuwfzPRAFWjFtjbj-GWNg2wq_vzeWsQZKb5GuKxnK3EsgukZkQofD4N1C8jO8aV5J2FqsctGhjqrtRl_21lMdWeynY32KVYQ=&xkcb=SoCS6_M3jA41yxTCUZ0KbzkdCdPP&camk=ethIe0s0hed5mhSVDYdqwA==&p=1&fvj=0&vjs=3
Senior AI/ML Engineer,Optum,"Bengaluru, Karnataka",https://in.indeed.com/pagead/clk?mo=r&ad=-6NYlbfkN0BWpgndjYL01xMr26yTqLCDFb3b3BUdaEwmMV3w6lpNxfdb7iEvGm0gmfmM0o9B9H9azCCnJX2KMEAeH9pP5GskqUS1l9eA3KoGhVGFFbfD-P9jTK8Wn-eH9JpMfA_iSdF4eo8RyLp0Go4G65HtrPYLrr2ulnfC_DHkuAGaeZ_UVLsMCzIkz4lysl47m2N_uWxkX1228FifYPOSgLmzpURfoJSPRkF8arXR1jN6sCT-5yVDgowylkv7h2ufXSJlqASP7-Ts5yBhYE1Mq8yNRzfn_AngP51nMEGLItQY2UxHlA9LAMgscSaA_nPBF2NO2eKJklUFq4gqg8rOHvikw9aqumG331fxkKD35VPjpaLQ7RtJ8xRCPPaBHvGMA1KQt2qEq5KGCjKfi_dkl8CRfYQCeS8dqUPcvG37OS87mhnsLkxnKW4H56xUuw-SSuCZ0uHnGGjMzVP8Ku7s6AxBJscA0pqiHRJTPtBgEkn974FRtXIW8HQs-HiWMu4crgJagUL9EFN6W22uFKIvgRdb7S-c9fNfZb6xlg0FrVSz-wn6HeHNoh5MIxGVS3PmrYzwNKS5quw9wz2dbk02540IjsOIL25LKnCMBsagYVo-vwezHYNSpXY-McJHnxYM3Id-psDmx0DJ8_ZXgJNTPcDohfZw7U8imzzljXlxWdkWxzsJ_wfr5uwV4MCBprMLFUpqb9L8VWBjMdQqxptMMGk4NK7o5nbohfHTbfI3tS1XYLt69BWwDf3jAqwJ0rT_3TScYo3QLmzi2A3KRu1vAsbyi8zmqTnZo8Hx8yBCp9xqEQVwXr24ChftToz4KHMcjCaflgY=&xkcb=SoAP6_M3jA41yxTCUZ0JbzkdCdPP&camk=ethIe0s0hed5mhSVDYdqwA==&p=2&fvj=0&vjs=3
Senior AI or ML Engineer,Optum,"Noida, Uttar Pradesh",https://in.indeed.com/pagead/clk?mo=r&ad=-6NYlbfkN0BWpgndjYL01xMr26yTqLCDFb3b3BUdaEwmMV3w6lpNxfdb7iEvGm0gmfmM0o9B9H9-vYCdyBADKZzM_uIvSGWvuB2tOF4dUJ-x2X07SGueU70pJB58RWyp1Xg0D8Y-vD4unOHU4nOYYLEbhrSNgmSbvqUtIElfOqxzV2_XAcbx3aDzwsC1etNbO_rekVymlnfjA8Qfkscmvw37RjxCviK_SdzOXwmbcTQHD8zWaW2S0CtBAsiTH3uIzSYIjfTQvtoELHN07uWAIco6hg8jHAvemFdAGZqc8PtWlGfPNjPDyqcXWdMB_-d_hlpfgeesYbkjdoMP374pfVl5MS3QYmTuF-FSa4QnBf17j4-ejvFidT3nzXOFRhEkuGF4fgiHPcYr_uO6BhMLmNJhA0ywJ0PahAmEA2oHKKGc4GatBJIZq-RsZ30SZzSOVSBXhOERX37gAbEZT1jWs_f65ZFe_uG91k5yuj4BNJ2FERWj0dzIMkcEx-rONftjTt7XBQnQjVH0l61Xz3Yp2Yvdg_GuszJ04Zx8YHnmq4VNiWwqcQFo-xsCxsfjfMQdzBrdarp8-DFpI4PKopAHw3F8YPc-qAJFMA4Ch-0RB4nr3A6hcZKtMZJX8kNh6yce4WxOxOMXra6lVDO_79a748pECxOqvWg5x80Kjb5mTPzBwwM02ia2wc2UH4VkoLWe5nv41KCe6RPq3yztHshlPsw9Mrw_W2hwOFOStyG9-jF9yniAUKJLzgH-hpKewK8tz_-jrjytTy3AcH2_kuUTt7c3aB22NnOBvQWK9Okh0VzQcSKrhjhIKk7XoTHDNhg1Ldh_YUHdmd0=&xkcb=SoC76_M3jA41yxTCUZ0IbzkdCdPP&camk=ethIe0s0hed5mhSVDYdqwA==&p=3&fvj=0&vjs=3
Global AI/ML Engineer Senior Manager,Boston Consulting Group,"Gurugram, Haryana",https://in.indeed.com/pagead/clk?mo=r&ad=-6NYlbfkN0Ad1FFWZOsBBwBZDGouyCcICeLSd3pQct3wJ1q5dPO7JNFPcbpYQ1XCAHtAAJhKZCa5wQ-kVysmLmvi2puN6okPb6zoumK4VJiwyB-g-cr1OAK7rZeTjhHf7xMFWGJs3pzpq8dK7mkcf3PXh9GDQ5ZMC1UWpt7T6tqp2WQAizgOTY-GNgL51lVhK4QnBLoGGrm8NnPo1pJdKKnc7ZeqHBnNVDzugXYaJg1McdRM0BgeX7GAfSxicXXwNUV_HTIkeccg6DAN3YGMPxjexrkuLlm4lYmyZudIT-j-ErTnJxfTiQyT-WeWdPdFI1XzF9NUPNBocICB9iZ5F02uYVQ1vDa4Titu5uBlv_EmnYRKjXXbYKucO_YeI1T-igMUcLDK33aUlhkBg5jvM4t86Vpj7HqgDv4z_M81tKQUt1KpPeYJjpT24Ilhev6wqg87P7elko-HjhNKDWK1FRsCVNpGpreNfy2BAwxPnQJ5BGRKxsYtpOrqd7wrqK13fDIE4Rv_RQAXess3E0roCsEtM3cZ6UAq1j1EjuqUI96LK_mIHtcZVEdBiPXEb2HWzm_LfubzreDVqtLWmPZrMlPT5Cyd_ABSzxenqeB11RuLAJTBPYYWNdWcCOEZZwX5ZJCSeFZnMu3eeSJkd0Dtleyp1PEcKWlXSiFH6g4vphSeSUmlJ_WEo6gpvDhVVQrXpaLZZ26II_aIbRMrYpv26_SQrdB-2aCY6wrAWGM2cJ1q18AwVHWG6TgtBXauOg75Xps_4hrH6_ynkFygrjdU8txMwVPEFNNt_PFZmvCw-TxmquXombmdJiB7bcDYDyoG0fKD9PAVtjn8wO0AEU0wEgIFDUZrq79vNwAYzFe9wLR4nvWO1k_4OLxLu278mQ8OzfKJcxIr7LsYkoCYRvZLlVr-SnX21URQygrX8JLCO8YLst89BlbaoAaonwdzenqBBmVUGFys8nbWn8-nTf7GdaZF7SJ-ERRLfjbO1FTHXV8oJrHNc_2coJeko3GUXY4gqm4-gflqRSBQ_HnFh4eVQdhOX_oiRHww9xJjimhdE9MPpOdEAk0lx3DHWMwiY_OVZ2azVqYaYQpHUKOuSI6BHSc3GjctoxP5mO03MMLguVZfXytt0fyU1Z8KEAz-_JoI8q9lrsEJGdswVnFxBe5qHjm1Yb-8Tm4rZjHlKFpNZsmf09zXEcRk_5A_YkbgURmUa2xxeqDW9U-IRAcxD9CKuabCoVZnlJhoSLvB_jup33MLuYf7DUaejkIHfUFRnfr7&xkcb=SoA16_M3jA41yxTCUZ0PbzkdCdPP&camk=C3EPSzFlQw_yEGK4nS0jOw==&p=4&fvj=0&vjs=3
Lead AI/ML Engineer,Optum,"Noida, Uttar Pradesh",https://in.indeed.com/pagead/clk?mo=r&ad=-6NYlbfkN0BWpgndjYL01xMr26yTqLCDFb3b3BUdaEwmMV3w6lpNxfdb7iEvGm0gmfmM0o9B9H8sAQHaSDZOWmFb8_ZU9OxpwcgRuAaee_qFmJZ-FUA0wH7L3E4r3bJb_YGJIl_BjjfSjr1Gi8lhkVvH7uR2gKMcTj84HlmNuWZ7-E564anVqQjcefdhVeTAm61Si7LZctaVVpdlPb4BEFngBLxU74zgadkKOrYzbE05ffChbwMLmeBjDQe4BYUMlUQf2hS0y1K9_Cjxi60UWhXX1EHgwUz9XIq9Oo3H95LvaMNU2bj4kFer0NinneYpPascN5ZZxq7mjpqfNYXHqhf-WHmlRfZov0_m7JVSKbXphZkiZZtzQg61UsrckNtC_DGYikxtEIKgws7wG70b2mr5bropV2FHuw5w6gEDuJiSurHyxfwhqzr-Ad24seApiIhayTncYITzosI-scNNwsHAnWwdYdegHcbim-yYB4dcnb_IdA6ciMruSWTymlUM53pJa__GnNwTzXN8UU-Tyo7Wfr05AFia-iWh-fNcIy0lTpC0OCeqbZbJ4DSrk7weQQTbAcqaNLv3s5-jTHxA_3QBRoWGF7hb8851uiVU_yK0Tsy9uEEuoimOd8FS1FsW0vyHh2O4Z8j8amf2AhfvbOuisnUd8cUBoK1MjNR7cECScDOXMzEZIDkg8KcIzPevnOKsugRWimeOdUdsXxDnxgxNc2yywRFLXoM7FiSsong_xaxN_Zp_Y9MLLxFZOasA6ZbfXDYxvGCVzlR4ZAYOsOKV18wlwr2Mj4Y27NeIMyBGnsisWZ6UoQWkDGZdH1QX_RhdiQ81gEY=&xkcb=SoCB6_M3jA41yxTCUZ0ObzkdCdPP&camk=ethIe0s0hed5mhSVDYdqwA==&p=5&fvj=0&vjs=3
"Lead AI Engineer, India - BCG X",Boston Consulting Group,"Mumbai, Maharashtra",https://in.indeed.com/pagead/clk?mo=r&ad=-6NYlbfkN0Ad1FFWZOsBBwBZDGouyCcICeLSd3pQct3wJ1q5dPO7JNFPcbpYQ1XCYdTOV-ko2T5m3PXCDVDvLSMxR7dUUxsw0PH90eXCeW9LPt42DUYgctcKv_Ups5Or2Y-Y3VDWp5jOIo2aliXtJY5fLQszsKr9Ci6Mf3sEzdfk3claITfXmFTXHuBVufBa0fga1luoyWGxCrH8gs5sgfS9LU9SDVUh3_01aO3d30PNlRpWOBXbV1V3F5JHboqsaaoc58ICjE2R85sznTrJlRYhxyatalA3TA7JgOIgJ1LdxVwVVdrID1okZQbuxmDllqhxwSGfdlL6X0DFq6V14GYgteUPoSWbBdqlTQyVPQwt2DtNobWz4nchx3wKrbzRAFdm2b3WQt8rTMife4Nw-VeYCouFxzeiDv4Ki6vq9eT_kCUUtmHjm2Wp9Uo_AoMiYz5FL4RdmTfGAwK7LGwliY3zgZLQoGk8eE5o8X3QJYz_2Q0sqWCzBPys6guVussn8eJzfhIKJl3IwPwO3m9A3ZJJ9lU12UROlFAfhM3V-ViZXSoxLvw_A9bFuTRYXzKw7JYkAsXRT8xjJZDcEGZee0ffgh0DTqo3MltgqPRdI0tUA5_wofrMiJ9IcX4ptW1ZP7nAqJWZQCWboAV9dtLfmvnI4b6iosHGFOTy6T7qbSb6MrHg9WyjNtgXMr1RssqVrqQzF7frie7ZHTu9Np-OnGUU2Jw2C69hQKJVXNoxAZR6QEgVrD0yaB1GU7F5u2h7H-1Ahy1HPpYMSFeBz4002u5eXXr5nxnQ87K7JbrI7kRIOK1HjLpjk4gPnuFiMzIdgRiKdkrL6iFym3VBI-x8bHXR_8P_zsW1qvhlKfuCu1SQmii4lcHnwh79GpcoaTFB2cS21uN1wQvJrW7U3dHCHEvJFUwsiR8kFhz95x5FwUF2Z3zJ4eTw48B1yMxp2Logad4tOKSJOZjt6TEEPjJuiw13drVGPq6CWhF_frE_2CJVGswBRCpZolDHufIz9PLqe165wc1EuVhDvShMYIhYkadBUSuTesgNbePt8pBENXTwEiMLa7NPxuGUBmBCwTMdOfO_obucNr0sbErKvmL7H0b7auzLCQctX-VaBme6JCigVB6S00JAG4lYUqqG1QhsjqC3Mr8RP_6C5ytXfUphwk7JYaEP5i3blTucuY7EyjxDLGn-lg2ZlecwxnybGHbVFxFYsdt1yvn8_9DwMCkQUZIKFqF2uobsgyLNmSUu0Fc8L4U-R3wc6R_EJYrSK2SwaKvi7V6YnwMFB77HrQMl_knbhG6jqz-S9F7Shpy6_0qrO4Lk29LnKZN0UXGo7AKs01swCuHBcDETU98nyUIGI2hu7cd3chKEuQ3Tu1LceAvfZ3pHsPBp3WhOOmnlrb4LbmZ8U_auNZ0ZGG0iW1H25UR03BpaiUSC&xkcb=SoAc6_M3jA41yxTCUZ0NbzkdCdPP&camk=C3EPSzFlQw-Kxz8aVjN35w==&p=6&fvj=0&vjs=3
"Lead AI Engineer, India - BCG X",Boston Consulting Group,"Mumbai, Maharashtra",https://in.indeed.com/viewjob?jk=f1e2d3c4b5a67890
Global IT Software Engineer Manager,Boston Consulting Group,"Gurugram, Haryana",https://in.indeed.com/pagead/clk?mo=r&ad=-6NYlbfkN0Ad1FFWZOsBBwBZDGouyCcICeLSd3pQct3wJ1q5dPO7JNFPcbpYQ1XCAHtAAJhKZCYP9x0hcqyhDS5MSNPM5qw4YuX0besl0oIp5XMRtpbRKlx7lkDalTDg1MhQSbOT1Bm3y-Ziodwtg9PDyUNV9F6X84OPkrXEAPXOMEd9j1VEDMIQ2Vru1EF84Y65ntAYK4SVtfJ270-xnAPPpZap6KrE8cvZh_iR1ruLNNnJdP9cNjnVqHIriyo0PLNVPjFv3IIq4CpQFlLdjS5kf0tv9KS7Rmom6XPUGWEc1uwxNUNF1qgN0TVrsDa4n1-9M36frTizJ7BAPHhMO3rR9LOn9H1WUlbl0v_onhUDpzwyMUXpy40payVBayxcHs8iza86zZHMJFFJQAPwLVacva9WZnSl0nhRhVck4c5KCN2ByziBfk0ee1YWNAuKS1zig0jMed0FAIZhwheg9Rl4tRXVg8VF__YVEkTYCAN3Fd7occim6QcPmnFSm1-khpmfPzmwHe_En5VIK9iqUFK6da0oywtp-N0H2_QStSy5RNQppKbDf5eJmpq_-4lYxJwc6OaTAr3TCQ9iGZgrdHhEjGj0kT6eZnDeoeexc98bye3yQGaeB4s6-fhlJU-sUu5Fqs8ntqVdTEGWJfKcBKSrckq9vqRLLFB10xtapZ0V8SnO_wHbBwZiDeC7fX28PqSYYAWqBSCg7zZRoLbFisGzIY6gAByKPZ5r_SHQUaQD3X27p_jEXH766GHqEh_3oYtWkQvd4hpoNNoB5EPBqdcqhUkxFGRvOQa5xgme05zg0buwsMc7TR7NBOWTnw_EPvn0jYCMRjmcNN0KwbdfmEbQpfAajNvSyTXoJv5YjW02wwYtjMv9moCx1-2jUA1DV3wc4sU5NtktXSz6_mgufSyj5ocNYefc-iwzJUWsm12us192ZhnhXqMaTpfC_3I_WJb0RT6c0UQaOkeuAZ3D7nGq46UiODt0SwSNyoSNOk-EX_foH4vhqkQRMHL2eu0fKetumrCfYd5fT7D_9yVhr_JvjIakqge4glFtX8K5rwgLDl0miCegzA4cLMNb1ZJN_aKiXJfEMpIeeWuwGHyXYRRRfgxc0I-RYzt_Elf9ulEvI3nDoKlubvlhah4WtI1TyDJrw06HH8f9wYNgu-2OWyBWfIo97BZFz2i_HSe0WhuXd15tap7AzHAjM8UPyMbhe7az0hyv4I3pPYsLSzsEX6OSXMW2oXIsptqoTnpEUCfuI4siesVGCreOHeMquGAN&xkcb=SoCo6_M3jA41yxTCUZ0MbzkdCdPP&camk=C3EPSzFlQw_yEGK4nS0jOw==&p=7&fvj=0&vjs=3
Senior AI or ML Engineer,Optum,"Hyderabad, Telangana",https://in.indeed.com/pagead/clk?mo=r&ad=-6NYlbfkN0BWpgndjYL01xMr26yTqLCDFb3b3BUdaEwmMV3w6lpNxfdb7iEvGm0gmfmM0o9B9H_fQy3IAV1ut-KWvCOqzUIE49DZMJHgWFCT11aLVqflo6QfxogYg-A0foR5gvDl3V7tAMl7dWGAyqshfFfyBXdLOgFzPks5AE7G8h52oN3j_fVHXPY5VuJ4E8Zql3j18MMiLBWgb9N1EfSuQa6exgVgCMGF62Q-D43spo6Bzm45qM3XulfqX1802xYlTWeU3Zlgi9wAZmOpftsp7WWAhoMUPM94jSDK8ItdxktyBFqyDllKmtupU8SLMK4nIWH2aNLpUVrjy8E8p-fBuipdREBpzOaJCI-9PV9t2k3ROev608O6kE8Skg_-Xu10zZAedSx2UO1sAI2LSs4w5ITL7ITYzhzuVoG6l29lAvi6RzhNc3-zS4eaCffz20SgXNLEQFSkEid9Y5mcm_J55mp-RIHAYlS0oAA9LOnaWB0OZUlzI-dPncntM2ADapvJyTAWyXxnBFl59Di2kzJMJ06Jrl4oPey6ojs9eHDaLDWPcFzxAgnPFV4k1kzVlI8KhH5IwcbvWfrXR1m1ZJy_1CgBuq52qpSWxm4052NbJNxjRZhqWLjmVOUtEjB8ZhcyWGw8Dg8oVm6lFA6ZrvAl-65d_1WXzGn8nhnZJMQDO0boBZ8iAsKwpZuQMP-NwBVfe1vziXt_dPsMQCgZEQqFKN88hy8st-_yQflf4WBxugz5XheCRH7s9qacQ_pd5hul6sgr57CKwIop-bBtxyVspHfN40XDH1yWdEe-HIvAfJraG0SQg5ts00UNqSFg24TfvvOzfGI=&xkcb=SoBB6_M3jA41yxTCUZ0DbzkdCdPP&camk=ethIe0s0hed5mhSVDYdqwA==&p=8&fvj=0&vjs=3
Senior AI or ML Engineer,Optum,"Hyderabad, Telangana",https://in.indeed.com/pagead/clk?mo=r&ad=-6NYlbfkN0BWpgndjYL01xMr26yTqLCDFb3b3BUdaEwmMV3w6lpNxfdb7iEvGm0gmfmM0o9B9H9nt1LR1u4YCT1HWwi5naoyZ9ZIE6RD2o-wr_4NkPS4NRJvlFkZxb2ZPxsT5yt-CVU-fUI0vrlnLAb2bVHd0c7alK3zo2lDn1AArVEOI8QbXf4leiozKpqLEi4vUIY-HYcKpDZRmllotuh3ECvO_aA9VVWWtFNePq4X-WIuutv6tRLoJke-b04rLQ8tptfIFrDVyF8nW0U7U5n_W5Akf47ScjXYTslwvsgXLi7NQBraxFKGXpL6p0Mlg5lucYp6QITpCo1tm7XWX3EeTDtjlz-lCWsp9F1BcZzgRYEIcUlH99S_s8PftistpnCDpLzzb0-iQfHw7C5kAFM0xO57lAfiqq5zRjoiNOtmTuI_o5JgF92vsupQ6umvWCOjEWMoqQYdkBzvvPCAJTUVfxHfHoEZCHNw-CmbZ_Qm_UYfHkCmnF4nsv9_2hq37B4IVTDwwMkJawyZ4vCobr6TmItFD6LxLGqt33K3DxeZiyqhL4VbAlHncj3tWPbIlmH6n0Y6Jbp0fS36C-wHeIqAV0XHjrE4SDNrZngotRREF9oq_0BUHO64a3MGlJM71GQ2T49qUIqam1_omRjtMnE3CR62ikW3G38EjbT-zMc0wFfFmZ7W1c3mP5yIuGSropEdxLHGWmIXWMU1dz0CYOwnR0eqOsGWxfVHjnh4-4d0zq9yqRVXaHEHsJSh-3z9Q6bDBUrjd0rsCKSUQu3VOq477_oTmuMNXkcJ1i7Pc3uxGj76FqQ7RY2YVxjmKUK1xnfA0Sxvbg0=&xkcb=SoD16_M3jA41yxTCUZ0CbzkdCdPP&camk=ethIe0s0hed5mhSVDYdqwA==&p=9&fvj=0&vjs=3
DevOps Engineer,Optum,"Bengaluru, Karnataka",https://in.indeed.com/pagead/clk?mo=r&ad=-6NYlbfkN0BWpgndjYL01xMr26yTqLCDFb3b3BUdaEwmMV3w6lpNxfdb7iEvGm0gmfmM0o9B9H8ef7sUiZbIz7B_N3N7mrEBm07-cHf8-wSJp34I6b2g81SuydIsk5U1XtBVqiXQuk6cVy7ZBBFljgRRv72JM-qgTuOMirKikD2x8VkFCG5-TafgUODLkYq3jGnMZoTWZs8Mvpoj7luRkaK2EfislqFkhUzyUCSJSURsBYK82ANATAKRDhp8zWv_ee66BvThjnShRGPA4K-8keEcGrvXTLqyTMJY6UVfx4o_TSzrqQ5T59WDZpTqDNoJxAnPI2e0IbKCdszYZKh7rTFrqEWPvwBV1MkZAFW4aWeQ-rHQEKFLp8oXUuflrtRh4Iy91FRPfO13RQFdSbR0-OLKa6s8g5xkGfNOsMxaSgAyAAyRkC4cCXNpeUtbXeLEzC2KULVu47RaTnZ8m_JSmnCljaBxLziS5R7a2b2k_nVe1YQ6BRscN5xPn23U7QupBE5afujsQLZWZN9ggZGBmaz4qEgMJTAkFTuT-eTQN4Y6SCdln8vnscVBvjeDckZNkOTUMPm9DxEzewWm0DQTNfZRFXB5jXC5fPmFENkLXYczfJdtTt6x2zvnyFEKVrSH6SQ38QraGy1CCfv4KCZPGOsc36Fs1JhmArm2B9yJxdVMMyM0MPn_ugcB8gTNMvWIpfxFMFQeItTWQWrgfQFOAyw47xVv_W_45D4x0Cfz8eOQoBLWOnboMaIRbh4-gSJmxI5y-BYwQ4R0h3YI5e5_w4Fkm-JE7tGNe9lcW7WVioJHOF8dCW78bVpdJgByOD15oob4HrW3wpc=&xkcb=SoBo6_M3jA41yxTCUZ0BbzkdCdPP&camk=ethIe0s0hed5mhSVDYdqwA==&p=10&fvj=0&vjs=3
Intelligent Automation Lead Engineer,Kenvue,"Hybrid work in Bengaluru, Karnataka",https://in.indeed.com/pagead/clk?mo=r&ad=-6NYlbfkN0AnH6HNl3qg0QQoMtxRKZBdeOxG4LsryWJUV6u4ORaRKqUckZGVeOJzLn0Eg6o8XYI0hVg-_8OxkT3EKpRiL6GFGHHHhAAHMXhMXjWDXfThm5-6ugMGEAF5sbp3ygrqFZbTTGpUHBCxIr3p52ydaxhLcAwcmYCPO-qjuO_q2qR7mPk-71hynQhngHTqrBu54TA7nK6hDEQsRRpmFcOyiMi3SujTaXNVOmCwP0swL5IqRGLOKav8zVwZRiunn6aGNiT2HRHMagB1blTcDynVDoPU9W_enoYq06WIT-J46nSJ7-373W6Sgpy6ZoFHMwOKHW_SOVVLtJdBi6WzbuNBI53QOLqC51LZW27IUlbQc-CbIv72JfkmPzTG4yBm2Ih7q95-HE50oeVuw6_lXX1rpw5c4wBw5XtB_KPxiME8awl9W_al_8v1vVVPrjl0-vS1qtH4eSYm589TuIBwQ7hGQjOUkJxjnlKAG3wwQUoysuuVBwcK_yReV278z4Kc0tnU3uBEkJCQAmk6ODDtS8w5ebieAnXomGXOJBiWhIm4YteGw6OyCIxs1hjD1K9G3NWmHAsMCztXXBRqqymUIN_Tw60hVmyevp9MyCJq3VXMpeNJ5qgV74BvurVaoFTvRKZCXxoKTH2U2_V_OPyhrRcsnF9zejhJ7UmfrqDD9v2sWLNdsgfor-ItRT767Lq3DVmN2FPOR0PGX7EJ9DY782qvit1xTCH_4Bj3U8vAvTA3nINSfdbIG2pdkhH6o381GXuIXzZ86qIyr0ger4mcbxhUO2J8VdK718rrorTJx_N_hV35_rlNwiYfkEULgmuGJbE7V1M23WXpxcVQOzYeTe9_WDePCCUdNKbX8HmnwFPdHelJuy_Dog2W5vqlZ1lbA2vMBls=&xkcb=SoDc6_M3jA41yxTCUZ0AbzkdCdPP&camk=C3EPSzFlQw-Qts97afg0Vw==&p=11&fvj=0&vjs=3
Global AI Delivery Senior Manager,Boston Consulting Group,"Gurugram, Haryana",https://in.indeed.com/pagead/clk?mo=r&ad=-6NYlbfkN0Ad1FFWZOsBBwBZDGouyCcICeLSd3pQct3wJ1q5dPO7JNFPcbpYQ1XCAHtAAJhKZCYb-PGuPjrzThDginQFROKGknfCME4BJnDCtkVP_8UnbTfZ4LK_6X4gEtwfuo3WrOU7OVEknz_EM7UVuxoLwLtPG93YnREdw-Fy55O5wy71wWfH0j_Fnb6wml0YAyT5HlBJDepOVHkQnNtUcltVcQksYHVA_CEfUMQgoBwkJ4IL4mcG5efWuMPbNhqV0P-KZ2VgmvMFsTczvqpMBpTpP26OajfWjKGfn_Bf5mXB-qEVEYHpd3qfVtgkdezgiokCy3QQjFlNGX0v6Qrv9ZWWsy5K0YR0MoNkkcgCajlLaLenDRDDQuwv0D2olNb7KmjKhC2Q2aPAjYHmxcB7vK8QY8DpnWU3PRZUdiTE-gKnKBYdGsgjn8ChZ47q88yCwzOW49Vki63wIncJk9aytQS9jLouYwYSUfSsV3_PTKGbA3AIttUZOkzsUrVf2_XbBBNjPamas0SFHhThgXm77BAGYWGrQABHa7rj7lPDxVTJ5xAtLPFaWoHNXn4wVydjy3MrwMii5svTYR1Q14aTb8P_PQT3kckmacbIflUW5sIqLSd42-FMc3Zu1pNEeMVzpsnQj7qq_oMbHJDJWtv4BGIkZ4yQgH7Jhlfc9W5Mstt3EzYuTwEdfJlbTus13tVpcPR2WOoW8vR2Lmta9quJHnZrjgBWqYBJ0BsGMrFIirJcOwwO5yPldDnZx7RrOPvZdqz4cizpDOGM_HSUyk163Dq6d6hy9-69L0SxCQQ95C-UrxBIqtp0dA_S12-lcxMZ78m7oBwaclB1xW3n7zcKGFtqTk2zEizNTCZGHmQHOfL3UPo7LrLkJGNgrVDFfrf39feRzMokoCADujB7u6l4HPfwVBHclNTyuEssAfjFbhmEGtDuV7fGsoYcqcDEXmJAWz3RJFDmTGfMMdM2xz1-sPHZFHiDcXB0a34OVwciygj4cj3GQDC4OtWzAECOu_C4M-WmOrM5Sc0FlYhWXQZAYQG1HUdW_L5omDDItDQVFknIWzeDpvC3a8Q41O6ih24IWjj5VpSSDhhBFUKuD9WRpfswmVGlrI9UeOI1KziaCiffeOrn9GT-JxOXtxWTXkas3ZdxJhL-307T0oogjTKTNT6AOBadhhKmdBDr5WBzUyq-LbIcvi268x6uri777LkU-coDyn5EwpiLyKfTzfBz2rMhwI8-0zrUuOF0w0rndizSSJw_RQ==&xkcb=SoBS6_M3jA41yxTCUZ0HbzkdCdPP&camk=C3EPSzFlQw_yEGK4nS0jOw==&p=12&fvj=0&vjs=3
"Software Engineer Informatica, Talend, Azure Databricks, MSBI (SG 26, 27, 28)",Optum,"Hyderabad, Telangana",https://in.indeed.com/pagead/clk?mo=r&ad=-6NYlbfkN0BWpgndjYL01xMr26yTqLCDFb3b3BUdaEwmMV3w6lpNxfdb7iEvGm0gmfmM0o9B9H9azCCnJX2KMEHzw30l_z1UeoC9vYA-N_MJXfTZ3iCrJX1efrrNtAFoPQV1DD47Tg0jwojbMGqSgC1sFStEiSewRSYJqJhqTfoIg9Re158ZqFaEGZE-LFdNQMkXmusLspfLVuoQz_a-p78F4ri4_YyHOkgMTT2-MzdWC82g74d60n2wFebdvUbz4BfYp_fFmBOweyaMLCQW7FHM-ZCotku40u_ZWUrjEkxr6TwnwviKtO0-uwKUmFuzasli4IZfEZ0TQKSahBN-8fyzrST_x1xwfwYd5mRrByDKX35w3-8Xm8LAvuqakldGzDAY2x142HoAF98oZdh3nT1NlI2r9CqYacVA11jPb_BYuOy108Fp7MuC3M_3wwgBOwqctN7MmwKCKLE6i8_8L54WTFdBqlRwIDHYygkocseMfueMTArNGYQx4x_kd3P1BZjYUvmgvUnvPuRD-d713g7iQ_eWy-WLjZKBE9Doj9__rPv8HP6OxGX7EbIbzI9SZex5fvIRI8_h76EMCVSAxRYa6yC5fQj1Sf4zlnJ5gArkaM_vgjbKCZ9mf5UN_2HmdCgdt7jF68ULyB-YStPqj_OiuX6nzC_eN5UFKhsh6vWPKRWt3yLoiEyjp1cWZdWjgUkTlGFaJDAmIWqYerLlqAyjwsNmpxI9RV-W1frm5blGKzBTh9rq2dtVMMMDIS9-ryQ1U-0uTaPYtCVWSMTR7t82wzTAvib0D3tNI9CPYNebge416ocd7LI2kqLRhInLPXGx5EaFylA=&xkcb=SoDm6_M3jA41yxTCUZ0GbzkdCdPP&camk=ethIe0s0hed5mhSVDYdqwA==&p=13&fvj=0&vjs=3
Lead Full Stack Engineer AI SDK,Boston Consulting Group,"Gurugram, Haryana",https://in.indeed.com/pagead/clk?mo=r&ad=-6NYlbfkN0Ad1FFWZOsBBwBZDGouyCcICeLSd3pQct3wJ1q5dPO7JNFPcbpYQ1XCYdTOV-ko2T6O8tkf0MVIl3ibCFhOvPKVOC-7-kKW3rFfB03J5CvLewofHk8H3buYa-UUEBw_DtDb77AwP8S8js6IViIyTiYUlzhNFW5CbaYtqWxp16jB4PdDSG-1KU8l_e7UB20tqmFqRmZUQXIO7ENeIdN6uUzAaYOAC_4Y4pWhtepgjhKiVe9ZN1C4c9jCFUP0_RMbKxRGJDhkbenTiruHZ5ut5UbPSu1d37E3UTVnANvW7SVwYAXnRGrSQcdo689VHdIOEOI__Xz_kmXEEdu_TWuiLNZ5paHqKihmI0Aq1qvmHAxiNktbmNerlMS83jZXvhqfDsHMbAJlqdbAB0ne7Go5DpvD5q4C3lqC2Y50fAzdXI5C3Ws-KqKepRv9wRqKdiIOdiU1MGQsjcAwgS99IZAeLHO339Tf2MiIrzY2QIpN1iPq7K-NYxPIVNFmAjvla43RLMYtZK6UrNBYXOe2GMqPQMKyuONGDkuiyr28lQMrHj6XchYRqAPki0Jm1KcHmfIN9i0ljKVbfavRXmExEUfQhewD_YJDaljahL6wWtu1pctPNwvHNp9JzghUeh0habUI5zSWKuvecUWKOAq2SSwY3CJy36elFquzn08GunuEj7E0lCt0eM927pYX7eB_tDOh25mMOnPgNKeIAgCkImdHwYnEo7s26C-fq81CregDiG99EOn_DD8ZqYuff5tgGapq5HXhqXZGhKLJlyj-AR4HvzuMeDYEax0rP6vM13CBQHxO5LGIpTACja4v2z3erCbCSsYKb-TuavmDa1oSwf-rAnLGOxbJuXfeqr6zxxFmWTVsEzN2jZxH7XY-hwas-BjS_E3iIFbly3EsA_eTKxjanNviQbdw-x53wwd7z-rqKOt2TFgFli6fBj5pTB5qdQi4I2kv2dR-DiooqVOeXV97SnEfL6MvjIUVWrcet4eZNwWC3IclQyooeBlLitL3ra1V-vZE3cP_Su3JSnw9-sByTi9u25zYWoyEKIKWTw2NpoHuiuCTT_T44uA9jQKFWeGQIm0NAHwjdPebpWo_MlarcOv8ZtxzOX4EKKvnbRx5EShc20CdKjmywB4u7fF0alqTdfNIpMPI33SY5a_qdTsRfCfOf9BU2EnCkl1zIVtjPxgpm8gPTJjtb2KjayZ8DLrn5loOXujfLvWzDksOrzA2T9HE9ebDoM1uTtImIBmEPKdxTvAf1xe8MnFQsaYIbzU7n0mB-ntdSYZAcPHR7-5gpcmJ8WNNrOisMYC0Eh2QgKsz9yBoC1sFUmX3w2-_wjWA2EQ8HRoUMw8DeUO9xpyq4KP3rhhkksKOQR3wsBy4Gm1Zhuihrv3DWphgGht-pfiP6sll-xfptl_v7KX3g-Uqkb1f&xkcb=SoB76_M3jA41yxTCUZ0FbzkdCdPP&camk=C3EPSzFlQw-Kxz8aVjN35w==&p=14&fvj=0&vjs=3
"Software Engineer Informatica, Talend, Azure Databricks, MSBI (SG 26, 27, 28)",Optum,"Hyderabad, Telangana",https://in.indeed.com/pagead/clk?mo=r&ad=-6NYlbfkN0BWpgndjYL01xMr26yTqLCDFb3b3BUdaEwmMV3w6lpNxfdb7iEvGm0gmfmM0o9B9H9azCCnJX2KMEHzw30l_z1UeoC9vYA-N_MJXfTZ3iCrJX1efrrNtAFoPQV1DD47Tg0jwojbMGqSgC1sFStEiSewRSYJqJhqTfoIg9Re158ZqFaEGZE-LFdNQMkXmusLspfLVuoQz_a-p78F4ri4_YyHOkgMTT2-MzdWC82g74d60n2wFebdvUbz4BfYp_fFmBOweyaMLCQW7FHM-ZCotku40u_ZWUrjEkxr6TwnwviKtO0-uwKUmFuzasli4IZfEZ0TQKSahBN-8fyzrST_x1xwfwYd5mRrByDKX35w3-8Xm8LAvuqakldGzDAY2x142HqWVYmFJUXJZ39yxn67digxnpa_Eyra5DieyRuSf1Gg_GIN0qQjlJB14PtT1AzVqoyzUUViIIkAE5kZZh9U7h7j8PxPAHxwkMdc-bSADylCVg2CNZiZrGkN8sxqtn0VYVDsnX0wnXQZyqo_pfrR2ZdFY3VCJCJU_QHpHoOF57-nmRlyR_7dCGVcjH5ut-NwCjaQleRFTGvU6U3dmyIPqK68G-A32uMqiB-BzFEWLXXTvsHb76ENerrIUoVESKnaKw75MSx870MdP-kZAyDx9MWBoVCaUuNK2fm-Vx6RnwwS2Lo-LFwgQ7jgJYCroYKD35-BtP7ZcipQwb0iQkZBFhO5-t2vhnsMN5GAqshBeuWXYr5ED9Z8axLmk6ZFZlx6kU3eyub631SzNGab5vcDoKYLcjl1hZZY82ywml--aMo4-h8pCF32XiXVru-naKXOut0=&xkcb=SoA16_M3jA4yH3AfKb0LbzkdCdPP&camk=ethIe0s0hed5mhSVDYdqwA==&p=0&fvj=0&vjs=3
Lead Full Stack Engineer AI SDK,Boston Consulting Group,"Gurugram, Haryana",https://in.indeed.com/pagead/clk?mo=r&ad=-6NYlbfkN0Ad1FFWZOsBBwBZDGouyCcICeLSd3pQct3wJ1q5dPO7JNFPcbpYQ1XCYdTOV-ko2T6O8tkf0MVIl3ibCFhOvPKVOC-7-kKW3rFfB03J5CvLewofHk8H3buYa-UUEBw_DtDb77AwP8S8js6IViIyTiYUlzhNFW5CbabglWBZsws69GXmCFxdIrvTbZV9cp-i0ERG3yFnVJr6vxUgNnAuhOahPZewRpRgVlGCg2_e5Mrxokb2VHB57ofydXwLB-qNjKTSv_vRqtTzHuCOrtgcJt9F1gm5qdcNH9w5OcWwQ9XZ6wkQKi2YxsXX8y-E220PxR-QoR-O3-3OAhoGw9yZ3hOlB-p-v4xm6LZX-cX2uTG8pAzT6Z5LKA553mopxgu5tRFZ6EC6stthMUdGo_f6dYznbYWf5X3gSq0x7FK4KJ7iZ4zb9dv920G8AMmOj9TjuB2XENaEehcXItGUrHPgUChApEApCvHxK77plZJcn86G8YvZb47M8x66ZWIGwaNJTVGpZz4kJaEC9yhO6GglFceiTawXbmN_fCfzxQTBKMbcpS49vkBWDCeiFEbcXEeKqw0bf7RAd8iTAylXobriWfifB28lShQrjq3lJlJPdQyrZL8z-se1-_hSF01k9FkXmgIy_RgeiRGm_axnOaaABDpuKcyU46x2Pk4xku2bGVWnl2pTEb3VFeRoMJptKsrQpp-7e8iX21XE_CPjB-_qTplmUzno21N8uXiTzxU-KhxNZlQHKUWlG0M10TZ2hUJrPbuLgdLTqv4jD_uDXtIplf-MgtyyOLBYbSzU7_TqzKc0JPKnokU18CYGtM1mD2n-ASPUFkV-_BSC19t32JHci5_tGhkio_GKsQmawK_rneZI77jV28udbZho_un10K6Yb-aBU7DxjxhXWuZ2MY4QBiN2eEbT7RsXRdjHK4eIEWAgAJ0Y6phqtIXT4rLJTgdvUMtwEBDHY75VQUVLDjrHFX9tykoXJnK_o3pB4f0-Xym46EmkeSPMsqmS4JnSP7vk_mTkspYFmUs9BzZYEttBIDoTybSTH2HZ1T9w1P0KfhF-AJKHh5V4T84EV-xTBI9yzsvJHheXZB2T1r8AtQqdr8mt3pbmhLgyHjkVyQZmWebAS7jOJKSazrl0mm-WdaBCkeAQz1YCI4ua9fIhqb9d7Dcyw10z6TPJhu4NIlp6pHw6geWRsl45Up3Mx4OrOhWxvZC2R5GY9CcibC76lT45d3E09dsl4fWSVrQTf03arEg1a5WqBx32Hrh7XD6chI5c_zdrCCN5B0p-eJ3SmoprKkdLWRAlpeVx8OU85COSAEb4X8ZVmBm-1a6-hQeXpTXPp_gETdUMy32wgQDy7R2m6VQxa-KWfUSlv7qbSX17ycocNrGl76yv3xCIf4WNmMzc_A37kmNyO_P2gHoNS2Cod2cW&xkcb=SoCB6_M3jA4yH3AfKb0KbzkdCdPP&camk=C3EPSzFlQw-Kxz8aVjN35w==&p=1&fvj=0&vjs=3
Senior Data Engineering Consultant,Optum,"Bengaluru, Karnataka",https://in.indeed.com/pagead/clk?mo=r&ad=-6NYlbfkN0BWpgndjYL01xMr26yTqLCDFb3b3BUdaEwmMV3w6lpNxfdb7iEvGm0gmfmM0o9B9H9azCCnJX2KMJgFpcmxlXFNSgXPnfqgMYpfT6EJSlpQ_DCYGUmpujzAnZLf_8AQ2OIEsEH8SFtkB5Hg_jgI6eDiM9JhkFu9wCWyYrRReXnDjbuOj7gP75sMd7D9rjlWrDn2gJIUT_6QaMAYZ7svRFD0uEKQ_iesfb70uokbnLz8AqdCkwqi6mFQQZ3dWMRz7Vei-SoyxXOHXwHWSrY3RGXtSsaszI91hoalo0kw4yNDfvxke37tZhmOjAoD8cnUKkgBhfu9FrCFMnRzdcshJUcFfNT0iCeRceq4bBWYic4Od2aRjYKrokSXFyHUDS7es1VTB8QLGFJDUYLxYm9aPa08KcAjx9gvAz3_2dGwNEAy68k3yASFphNHHVOmYm53Xp0dNea2j4Ib-NTC_59gCgMFOnRHt4qWScBqzauCou91DhJVrVyNcrBGIteCrvHo6VfCH9IIYlIqHlBd1ZZdJl1szRECf_hET-NZJTMhcGiPFuWteikFTsh_GcoTe3tBqa9Qu-5pp6aY5tWsyvDXjNBX_Taj0k9Zhum-4ZrAfyr48M66rULIuEKgzS5m33TN-snbCtEd8XF-oV9mUqd6Xcexe3Z25FAoLhI3sHlaGlP0IUR9D0TnlsWteFOXzRGK5P6vbtv3OQ0eb0YtSC7wEV-h2oOKVP_n4BgDh2eTAVef8SkYiN6vune5nYhCozb04lRECWfuNjetMmevdrdeIxBdMFElyMe9TZ0NO9T3SpVc7Px_rP4_xtWNofLbt8WDBr8=&xkcb=SoAc6_M3jA4yH3AfKb0JbzkdCdPP&camk=ethIe0s0hed5mhSVDYdqwA==&p=2&fvj=0&vjs=3
Senior Software Engineer II,Optum,"Chennai, Tamil Nadu",https://in.indeed.com/pagead/clk?mo=r&ad=-6NYlbfkN0BWpgndjYL01xMr26yTqLCDFb3b3BUdaEwmMV3w6lpNxfdb7iEvGm0gmfmM0o9B9H8NFFRm8H2lJ2zHu3yaD5MtsIMfmNf-RVzkMAqe5aIWvwaGo1i9KiXHkrpdNusraZ96SAZmuzBXMm2wZ16CIBWtB0_vq-qajc2U4CMj-JfxoGdehZn29WFCwzaq3D6eK3jMJpZK9oIAGL6uRrD1shaBoeVAiIEiQUWQAYwc08uG-8Qjw34JBeofP_5gsafIDvg7IXGVKctEegSu0Yzi6eZabSdBA89PhbA5JsLE4gPLWjhbGUEM84K53OtTLoGtNRbsnzaiq5gifdqYwhJ87nFFq-vpA0zJBrl-QQL_E8Js9duVYR-7u40l9tMf8VhArrSR9gpwx57vnyvbHFvdF22Rmq2AVePrVyugwXzbc0zz3C2gZalEjXR7zzlWLx5N3S9ud5-QWE5cJCXb4vSBvwpxTAbQJ3nEqiT9_qWalpvNt_nmz3EqMSGpFHZFdzzfLN5JDyrYO09pLTrB6dXL-D_svKbU5gixYucn4Bv893AbYimwe0Yw4Ay8ZVy-WWI4pNaaIWH68VOD1jHihSv2nNflDSAqF3C23UxGmZ7eHqSHaRYrk-wY6s5lABr_Qlw2iet5FJc700uqH3cA0rFd3e4beUYqECbOcnFQ21hR5SnUM5zcwWYOH-4i8HQXFO7tFnnx4cOQji1vHRZpCd_Ea5Oun1xwXl8MES-O2Yvn0p0Ry3TA91P-6U167rDbNfgMZB7S4WJPCF2_-3bV2EprTJYZG813gVGZZgu8pVcflH1IXGJaMGjWbccuHM3Rnki9hGY=&xkcb=SoCo6_M3jA4yH3AfKb0IbzkdCdPP&camk=ethIe0s0hed5mhSVDYdqwA==&p=3&fvj=0&vjs=3
Software Engineer Lead - Devops and Platform with Azure Databricks,Optum,"Bengaluru, Karnataka",https://in.indeed.com/pagead/clk?mo=r&ad=-6NYlbfkN0BWpgndjYL01xMr26yTqLCDFb3b3BUdaEwmMV3w6lpNxfdb7iEvGm0gmfmM0o9B9H9-vYCdyBADKaXx8w_1f4Dm8raLvVuxoifpVLK5D-JapHanWzZKNshL6ALF7LX7aZGeKXj-XFc5-KL8Ho5lTrScc9aY37gsy0v2rMPLa9COQIcubmXQR4-gV5pX0oUbd0bHle3DL27jIFQuic0s76mqypNHqb2XCdeC_7QTqx06ZLn6sePICUHu4_QCIjvXyo5zJTM0YpX8-vF_Q1YdivAJ4NPt1clL6QOjVY5OnAaAKzN3FzTF9j55kGBEPXG3d43v9DMcypgJmEKCsKScaUuDU5u6m3Pfp0iabQlLUmwddIYcE0T1pZLbiFtop9XDhs81PUELHF2KgcyRYwX3_U0_VO9HL7qp-YaaEnrX_GN6FNr1u-ktPXK7InX4hIghEZLgTadnSsjTQ1t-38kUyvaTwJodTL_2AOepAbLZiRcHv6fH0wLCziExvF7x1CR2zLUcC2dmzdm--EswTYdkOlCG18wvYNsuK5SxZKTIw9VkzT7t6OHYxkZAh9OLc_Lc2vQQSDsd4FM6rAt2KyYkhlgw-IUjMezCxja6T6WHN95bwvtQ3AMzctmp-M32ZLB48JEJiKY9Ya4eNVfT7CW0-fN5jjrjYSaBBKPlHvMzUK7iNFUon65ekz-5B99TTVJxeMv5QQHX2dVUzakC1Q7zT_Y5a76gZxE27Rk0fdNYZelpO4eVc7mQVhl5pn0ti9_Q42j5_cZO5V9_LtE7oCtnfjozmw1CU0ZWKwjW0sFsCUiHK6EJ3ua7deGme6CZDVWtqdw=&xkcb=SoAm6_M3jA4yH3AfKb0PbzkdCdPP&camk=ethIe0s0hed5mhSVDYdqwA==&p=4&fvj=0&vjs=3
Software Engineer Lead - Devops and Platform with Azure Databricks,Optum,"Bengaluru, Karnataka",https://in.indeed.com/viewjob?jk=789abcdef0123456
Senior Software Engineer Lead - Full stack - Java/AI/Angular,Optum,"Hyderabad, Telangana",https://in.indeed.com/pagead/clk?mo=r&ad=-6NYlbfkN0BWpgndjYL01xMr26yTqLCDFb3b3BUdaEwmMV3w6lpNxfdb7iEvGm0gmfmM0o9B9H8sAQHaSDZOWqE-xM4N__uLuaba3tghcLf4enJH0jo4boRgD3_ky5JXf_TQtUKcYBjXG3zwgq4mNGgJCfUo6swlfk-8QrsqElmfsgRh8p9FlgjL1akN_-jCSp_kY7zlMRf1635lezBU24HIAd9GBpwonbmqQGTvfZ1tgzbAaDZyvWE5AQ13L-15T7h6kycei1ar63Nowv-KVxAlBwW83rEpqL_PRaYbISLvQ3PURHzQp89BzIxcwdagldrmXwVelDsV5TJgwXchG0mu-X8g5Yxj4P1gy-sLfwTum9sztFZ9yiwmDOgcRNafeRfHExkDAwwegE0lkaNZm_M9qcSWHS9T72c5QgSPa6Tgq3vtcvF33ca46UL-j9AJ3islChVlBrDfHIvvW-1TrRDl2wERXpI0wJh5-pMtKuqOJ16AwOUlUT3PlPpIi6zrNXagrKtVQyBoVOJLU8ZzJlJJwM7JkpxneXSqSr0hZvjv1GgTvSHKkRCTs0y335DEO17CRtkBhsAUFG07Lp6d7DdI8S45hfAiEaXzgqVBCGEszcMaKL77HeYlLKQGzU3IUyUQ6R3rzzns1P_lgoCLflnIwUBL-N5bGN61bSOll6XkPO1Z8Tr87t9wJId-5ufzL4sLVSuoNKZXLgrHZfkQR0Xd36nYJh5cmO6utfWpQsHKrQe30bwisAbh8TcsELBjTIIVz8OJ9wTnCWqxjUynBDbZoGGuXFl4D2nUIsatyCUhc8JJCwuIthUtHP95pmrSlk6emgeIAHA=&xkcb=SoCS6_M3jA4yH3AfKb0ObzkdCdPP&camk=ethIe0s0hed5mhSVDYdqwA==&p=5&fvj=0&vjs=3
Senior Full Stack Developer Digital Product Development,Kenvue,"Hybrid work in Bengaluru, Karnataka",https://in.indeed.com/pagead/clk?mo=r&ad=-6NYlbfkN0AnH6HNl3qg0QQoMtxRKZBdeOxG4LsryWJUV6u4ORaRKqUckZGVeOJzLn0Eg6o8XYLamYRWnQNUXSnGuYe65I4lzO5FVhinuDSMqlFGx9Rtb8voEJPu70ePqtxN9cu2pbg1oXJn1Dv_aXSZQwYryEA3uZlxmFV0QxLOzCa_rS3n08l7miPQ3YL2xNV5hcsIbqFqYiE35xH8X7Ho6ggWxFCtiJxAvw_OzcCG1k6WQv5-5JtioWCpr5cFcYd84v0-IIvsavEC0e12lqU7kYIUB42XNHUqNQSQLQ8RdtIBC824zxgUzeXfxIxuM6SM4KPxnJvRBKzvDHteeokwAJ9jJCaSet3U3H9EousSMumuOR9Wn6t3qz6gPvJKp7aTBD13jErrL2CqpTulD3m-XfCL5CBpBcN-WANmUAJymMK4QVN_l83R8zj87XSUGJYOZCsENFCQJzeWE6bBiOtuXN0KQC3Zp15_YHnIBvhcoAo3AKbVKXPlseY_fRX1r0lSGOX6nfVwjKQNbKTGA65Q6KKek6rGDmuQFurivtTGcc-O8icAjd7Mj7LFk_k_vplxbl9p2dWutsBm8wP8fQPlywm6i1tmKPLhEcevmqpxq-t5MUBxw7x9-wm0hvtOOT6EQFm4jF__pQs3QmPJlF9wAbX9p7WDK_M2ZHrHT9y4uJ4Je6CxstTLuh6afJ2EuJx5-x3LdrYCqMSP4it7vMnvhKkVkFog1SfVc2g7UrOs-cBoKq84BroQmMmTPwlO8mnpp6oMMR1LDnpn03IWKuxc1zt7A7OmNWGlAb6VabNz6WtnjIVnR1sDUt6cfCAYzDZy-s3RLNvvy34Ry3jKv5DBOywxDtiZc3zPoIYixQ3_jAh1zi2y5gXXtKv8vrTa&xkcb=SoAP6_M3jA4yH3AfKb0NbzkdCdPP&camk=C3EPSzFlQw-Qts97afg0Vw==&p=6&fvj=0&vjs=3
"Senior Full Stack Engineer - JAVA, React, AI",Optum,"Bengaluru, Karnataka",https://in.indeed.com/pagead/clk?mo=r&ad=-6NYlbfkN0BWpgndjYL01xMr26yTqLCDFb3b3BUdaEwmMV3w6lpNxfdb7iEvGm0gmfmM0o9B9H9azCCnJX2KMEu1IDIg5i_EGF09IgosygV21K7cshhoQaU0mHmsRN8titVgOjBpCv20iH6fZKfj6L8juPBeKZu91AeupPd53eowrMZ2pTC1zgg3NxiKImagsUq5YXT8JpdTlxXDc1fNNreZa7OOEBG0Gws2FOryVsmh2HYbjav6ahn6uCpHKmTL1xPkyuvWCl0OLL5aYJv7ukA_HcxBJyRrxzgiySXVobSmYFRZwemL4JUH16WqfhNL7kXafn56ZN8qTFWG98FMZ6taBdk1gdRjb7phTgH-x5Aupu7UNe_gE-Fi4A-xg07NdkP9UolI0RoYiAZHaJlPVD70IVwbJwgkSUvXyU0cWylGcvOov03d70wATdXxJboJvjdXvqX52NMfG8UkMppvVUtLymIX41Zg6Fqp3qC9Hx8gdn15tXBrgksW04lEAwi-q1kNa2zX3sBc4gUN4mhXUEepMI5MAvRNgFRV1VF-XHrVHKht7L6b96NMacl0fuFqKnBQ3Q8IoPu6C6KuTrRUOrgs62E-G5wGN72QwkQ9T9EjVanchZQ-OOwvFo0A3-yCQ1LPgLMn-i_ulySF6hcnj1vASJzuJhuLqPQF270TpoqpV6lD4lKrJokguwsRiuRCDl81gdqtFZYPOhUiP2IualHljvednZI5AZyQYwGN2lZvMSywjbh_kQ8RDVjCJns_TVHcLe4oFCFeh5Zzpjfpja4Y30fpetJsEjN6l8WBySPoov5Mf6DpdBv3c0n1qig94_6fS_tszSg=&xkcb=SoC76_M3jA4yH3AfKb0MbzkdCdPP&camk=ethIe0s0hed5mhSVDYdqwA==&p=7&fvj=0&vjs=3
Engineer II - Data Engg & AI,Anblicks,"Hyderabad, Telangana",https://in.indeed.com/rc/clk?jk=063582ae003b2a47&bb=FWCD_gZjr8CaB7WEgOPPmngX2n9vHfV3hnmYNp7vKuhnVf9r5ripUb7xOcGNc7PptPezdiL8_uIO0vjgZjdqPeSL3PAHm0n3FzI9dH3N3p2r2X9uFSOP_iQQ6qerxUy8zEiKjf7CWPv8lEXzDizrZVSxR3KeSGAclKJrWnjza9U%3D&xkcb=SoCm67M3jA4yH3AfKb0DbzkdCdPP&fccid=e0efd5c38293090b&vjs=3
Applied AI Ops Engineer,CloudBerry Technologies,"Bengaluru, Karnataka",https://in.indeed.com/rc/clk?jk=0db790201ce07834&bb=FWCD_gZjr8CaB7WEgOPPmu9opsgxNSH2mhvQ3gHMid4lHbhyQYBX-tx4_bxW-2MVC50uqJ4HdlN61eaLqAEbtexGGp3nQqiAb_kA2FfY-jQpRpoWwMFOHVdxx8vbnL0B8rA40P7qoakW7fdY2Tl-JApsXfvwBj9V23cz9QLuBeI%3D&xkcb=SoAS67M3jA4yH3AfKb0CbzkdCdPP&fccid=9c389c9bc7fa9f57&vjs=3
Sr. Engineer II - Data Engg & AI,Anblicks,"Ahmedabad, Gujarat",https://in.indeed.com/rc/clk?jk=8307b2664f17ba92&bb=FWCD_gZjr8CaB7WEgOPPmj62xMU9BkxpSg_ndZpUMBtFMt_XslAD6FyY4sC6TOynoHNRYTNjDdhtCOhTmqPCkWy3eJjxzI9ZjeOhcwL8WkuTVcG2PYfkaH3ta3tCxsgNVZW302LFQMWgBXBOsY5g8txeU_Wow9uhOkmSh-vGE3s%3D&xkcb=SoCP67M3jA4yH3AfKb0BbzkdCdPP&fccid=e0efd5c38293090b&vjs=3
Engineer II - Data Engg & AI,Anblicks,"Ahmedabad, Gujarat",https://in.indeed.com/rc/clk?jk=6ee057e1d0db1c7f&bb=FWCD_gZjr8CaB7WEgOPPmtFsSjcVOFWLU09iyuXyGTRZF3g9z8pFWh5iaSx7YIp0nP7ck0djyQ1lPFUQvUldBcvfZwv8tJYpyzwS1rsCy07LCJH6_P73_MmMiLOLyaUdFbjSYhgyKi-IJ-ykn2B6yW41mdOeaDzjA8kvks2fqls%3D&xkcb=SoA767M3jA4yH3AfKb0AbzkdCdPP&fccid=e0efd5c38293090b&vjs=3
AI Engineer - Enterprise Search,Atomicwork Inc,"Bengaluru, Karnataka",https://in.indeed.com/rc/clk?jk=095d36e46bc2670e&bb=FWCD_gZjr8CaB7WEgOPPmmBDciYZtef1Q_tiqupdWqjTCfXwsYq8cTZizNKsBzBK-qmHpjSrl2YrmgbHk8hlA35twoKQyolTQpBYQC1jOsUsM90bbaDqSRPqTshz3J_ad0BDAoC3sJ7uBiel6kkNEqvsoPk-aQnRQSiQJXeio8s%3D&xkcb=SoC167M3jA4yH3AfKb0HbzkdCdPP&fccid=2fe30b1c1f151b7c&vjs=3
Sr Founding Engineer (AI),"Libra AI, Inc","Bengaluru, Karnataka",https://in.indeed.com/rc/clk?jk=873c2bb608f54f7f&bb=FWCD_gZjr8CaB7WEgOPPmrgE5izr2yONDf_xiZswHH4lDUWJxxE2ncESmkghXaCaWBa0TS9kqacQ6o6-2UMEBTOKx9trJWkF-sdUL1m0aSUwCqopEb4p4nKQO0eczNXwHLOY4FCVuWzdb-mml-B5vhnPElX84RLcwXQLrW2beAM%3D&xkcb=SoAB67M3jA4yH3AfKb0GbzkdCdPP&fccid=dd616958bd9ddc12&vjs=3
Senior AI Engineer / Senior Data Scientist,SwarmLens Pvt. Ltd.,"Kochi, Kerala",https://in.indeed.com/rc/clk?jk=d846b625bcb63efc&bb=FWCD_gZjr8CaB7WEgOPPmkUMSBBAowLKeRU2Ygj7o7_8kWg19mCn0SyOH7Z2_S_wAKn1-Z7vMz8NtFouZa-rx3_8hctcdWb5tqSiv-TAx0ojVk2AjryHKjIZhxVn7SfC-yoEUBH4Abe_JeWnQ-DY4Bithnu_RM-KChNmnqN387U%3D&xkcb=SoCc67M3jA4yH3AfKb0FbzkdCdPP&fccid=4f4ddee1b34da36a&cmp=Swarmlens&ti=Senior+Data+Scientist&vjs=3
IT Senior Manager - Data Engineer,Boston Consulting Group,"Gurugram, Haryana",https://in.indeed.com/pagead/clk?mo=r&ad=-6NYlbfkN0Ad1FFWZOsBBwBZDGouyCcICeLSd3pQct3wJ1q5dPO7JNFPcbpYQ1XCYdTOV-ko2T6KmifjcajPnekOOgnye3DofCxHGwhtM8s1siMcogsnXNSFbeNB-KDw2kERAZKsppENdPhn52E8v2OaiMfApy4NUAWQR9Ueq1HO_dWsavcuprNaPIQYXRc8eDr4qQbPe4C_t0z2JuONAaMELuFJyHpTh8xnMW2ZKqTCy8pV89she8BUAcMzl_2uY0Wk_g7cRsHWEdfJu6GxxHRbUqsnQsPlH4q8gRajRK1M18YM1WrcvVeU_z_w9sa9vZwgwUDHZnyuFrS_gpfrI0TcrBR-ldNM0b9ZXn99YdRsxtcgv0CfnpGYU2Md-_7Ib_cXZbYN4hd_64OOUgQkWtfAzCvb446y69GPwkQ2uTFwNUHfgfi6_pyHr3BcggMaZL2GVvJLg6ORQuV1DrguHb9I31SK0l91l4uQpnDa5REmpZdrj5EbFmxOVG5xN9Nsa1drFqb0FlndPPgd6B2Jsj4fkM1WoHRfAd8yBz84hJ8oiT5l_hX-9_Ba8Khyo1R7J670w1RO2E7XHACvb5vUjTUk8Bpnziq7NKy1jo9J7StFFo25x90o83jgZZGZx7PpXEDY5nK-wED3HPoBxOD6in2fLr92miQ5wBaIoRU5aXc0vvMI_TnhmJD4arqO377IQh6OnjxyihuZ_9qSlLu6yp3Q-ZXPqssbilkMBsCXK72p4K-B-NERpicdYfQXF1gG8g1BSKV62h0jzSgW883LmjSyfK36kFfohzJ3i4XwxpgB7EEw3CXZkUkBoST_3ZVqVPGAqQz4zFa-f9i65LdMYaHo6RvK0UnL6M9ioSdInX7UFN_xro664kU2WFZWF3lqt1oMSMlLE6DqrZTOHwp3TpK14GiuRR5WHMoP_taPC-M0RasIzTO8o2ul1ABZiD94ejQXkX1_XXb949WVjys5S_rFo0isSgPWqx4dG1-kIZE6Yk19abyWy0AkjTg0BNmn9LsZqiKYLEe_y-Tc3JDuT7oDbMv7IrvnVAJLoyrYwCWuF5fWhPQCcuiuLaWCVdc-g_tfqVlzkkuJGiLK7_1xoQuW0ttCmmPY-9YrizQLjhNPAjHKAFFNiiG8KSl1HVe5E92FSm1ubN-RDEfRvq-H0jJThZjEgkohiIfZEpxYvSVABdf1ImoCodkQg1JM6BlhiRIo5FAah0P1HCmYGdBmDDy62_cYs7YBl3BLWgMc55gGRRVnt2zAxRnrUfTqP6uk9Nyal75on8881SOxTXy-KNydzS-7hng3_CQCRBJV3qUOvQJdxFsAWhlFH15Y1QWtwp4IbfcEwM2ErupDMWrEgUGzkHaTf8y_D3oeLQph_AA2XZiUolWAbGwuyB-GN6pI1-F8K3t-WwFN5Y8oM9NCmw==&xkcb=SoDX6_M3jA5PJiAepj0CbzkdCdPP&camk=C3EPSzFlQw-Kxz8aVjN35w==&p=0&fvj=0&vjs=3
"Specialist, Material Master Data",Kenvue,"Hybrid work in Bengaluru, Karnataka",https://in.indeed.com/pagead/clk?mo=r&ad=-6NYlbfkN0AnH6HNl3qg0QQoMtxRKZBdeOxG4LsryWJUV6u4ORaRKqUckZGVeOJzLn0Eg6o8XYI0hVg-_8OxkRgiRB-nZkP9T-KCxckWopxC-wuTZMzybeuHcwix4lnEdllbS1vEYPke-ncCpjiXvUhBWNc88rpbkKZSCbO-BcopcmSmTo028pRAyKvHh33pGIg3a7-D4HZDPg8mstmKtmcPwkW6jlWxl12IqKWqdcgCBUDxOpqMB3KeE7f586CwbCQ1JGfpvllI4SR7b1QU-LS0dtSf6cGQUqGG7RFaWHjIMPh6FIJsLKyvfUIoKNp6XOKyRn01yO6qqh6-6dTyMy-EtsrbjP3oNjXVEtobWZMjBY-hnr_r623QUyZoG6QaFsKQcCGe_7Ihd0jOkxW0jMwXuaG7SaGt8_A90RDoz4pfmqYRYZEcFE84wgnHvu0K1hGTffHoQkNfzeKsf8ibmQKwEoCzE_Pi-U3qS0v2BCZlezPTtxW1urpt9RcYSCV_KIOJk3iyTaPd-FZLZrW9cVGlsHxzEfCfwEHPu5wwMjzZr7-MvXXv3nZto_CbTVSLp-C-OhA_tTaNtUd-5v4rdMfUlkGWLn_WAtrLkenC0Q5pqdnuTStSxXbXAPqARSDyttm9wRRoG1eWkuGZhBAi74U2x0u5k8v3TxKvA0A91qzK76BB1CGzZgJolLyto8Q8yNzkSfS4lRX9oXMztfwB3Kq72nHjMQojsYGaqkGkfS3l5X6FurYo_0c2mntmlCXOQ7BW_9TqVZT_djpCHbcndaHMHdFd9Bc9MA1cARX0yCm8uMWigZlhwkBYK96S75wY_EZyOAiTjZihQSiB47kaCd0xKAdFQNrKkxTxVLG4H2c=&xkcb=SoBK6_M3jA5PJiAepj0BbzkdCdPP&camk=C3EPSzFlQw-Qts97afg0Vw==&p=1&fvj=0&vjs=3
Global People Data and Analytics Director,Boston Consulting Group,"Gurugram, Haryana",https://in.indeed.com/pagead/clk?mo=r&ad=-6NYlbfkN0Ad1FFWZOsBBwBZDGouyCcICeLSd3pQct3wJ1q5dPO7JNFPcbpYQ1XC5RAnUtXyeXFNmk4Z6ZotmkrD_-Op3hWuuCr6KRJ3vRSsJPh1-n_zjcMmYQAOsOBx4mY7vQqJPLTna8kxXTf5R57cZXm5YNH1dHdVkLLkI9kT1YcMDGnBFO1tzQ5hbNoeqfs6YEzIr_CVg21DWIm4VR_yoRkLDZRtxmG3P6FELoeUWdWLJfIvqbAGe7xNW1AK6_5gmFkTOLuMu0DDp04cjhRoRumGkBTF37b0LoUfWoISSj5gujT48Fqqw52Ablm10gKAdE0fVJifawYhk5QJFBRm3sxS8EwzPfWSLnezE5aQo0w6IQQBVw-l7m0xEfPDbED427_YpPdUJmVrQ0gvrd1CxW7iH817lzUSMGI6vgPQ15u5hCzCfhr-Gdqd3yaFM_Js-tbNUw0iIwMrOwA0AnXKpe35U57CN73VJTGbMVdlxtnd_1gptdexhQ4d967mV7BMtvAvQ9X1ajLBNDr7nQUmY7YxxppHDjd4DgZKdStUpUF2aJraUHqy-z9Ff_fCmsuy4e5zK03cYzvojaVQtRDx8vLkyCarQbPhWep0BdVYJ8cbiFzLjuiBw9X-jyWxmIf6Q4DzuQOBg0svxS8hkfOY5PqIQ3v9z0kVt73cz8JaQpP-wo1xIT_W-VLXJ9ulybfVGcAWvgkSpp4LFWt5en-svaaflQeYvsb1B8Cr-zoNJN934NP0dKBk1hY2di8IGQUx9ERyrXETyZosshpmc7Ft8X-bBr4uNa2qULXnppZLgG0LglEEKa3zZNJHuAIQ-ihh7IVIn4aAmnwbbhEWmYoSAyy5pC4vnSBKRHDbzmQFkzyeJYOqdgL1W1-3CKmlQm4WxFs3ywwF9fS7tL5DQTkOt6HpQlilXwd_Y5Xn9NJ1Kq7XCATTSVLpYzVf9zMue8ejCA2pEpyOJa0ibRvqCasbfmuBaUwlMW948j2RHHUKDPuYGrHDC07khErp8oAz-OlwHnHyoXUTnzDzyEqkzFLSfzindTUGgdH7E2nNvdOEI9qEyhx1E4Magzw_RwbomeFVk80EPvLhKUrIVx1HQX7BATid2OhN7RNVpguVU_P1CHkQMp3wNhxdtqHkMHTKuZ_l6YcDALmaNaGc7vI0Tb48_rf5yLg62DPK5EclOJ39pe9RshdmBRZvQZg5nIA4bP_TiJslQ6zfzyHJC4NgtblgDbfsf_sslgnOQN0nKDxXWYwVQRXRI-5ccZOHXuyY56_krE2wGFQE45hLrUDaGvfMfwPe38S7EEypJFnKi8NEvRv0l0Yt1zN-FAZolmw15q7BuPYrd18E4JscpGX8_ijWsDGh7eeKUFfIdpwdUD2WPGBBRu8XBCvKbARC_SjvNVdBRbzQvnCRUAP6f6EeuWJRoMrWlzYG&xkcb=SoD-6_M3jA5PJiAepj0AbzkdCdPP&camk=C3EPSzFlQw8VN_uriDqgwg==&p=2&fvj=0&vjs=3
BI&A Senior Analyst,Boston Consulting Group,"Gurugram, Haryana",https://in.indeed.com/pagead/clk?mo=r&ad=-6NYlbfkN0Ad1FFWZOsBBwBZDGouyCcICeLSd3pQct3wJ1q5dPO7JNFPcbpYQ1XC5RAnUtXyeXHPZZnUp0B0K2xnLnSUaExmQMel5lSxKdHd52TBQ5KQWvSf0YGTT1sFKccS0jcbObPcXtQk_uv1_waa9Ahep1jzaWpj7tDSyigRU-MycezR8Ct9uVrOYt-N6X20PmXX6FDQTpdMJBrUeiueScvcfMnpxn7IHJPvJoEouueBhkY2HGwGdDX5TDz_Kmng5SUjeM4AhEPqW-WDBonjfcdIdOMIWXQXGLn61cIcSwhDoJKO8FFfPXJeA_dZVTa1jVqfZGq8R7B7Dshu0uBLpv8ehe-nKT0S2LNNSkyrk-d2e04nXCp6U0jpX-GM8hfzi8x1lwMl69neOezU0FiZQ5OvqOJ5EWXOxsY-zhi7et6F5sMK7POHX0QtKVrH9IGxg44JGLaJnbf5XjUnR1sHo7W85qdtKU1-fMGSSMEsaxUmBy2FLEp0ex-Q1eqJxzpfRe548mt4A-ik_95QjvrVhpnrcf2LGpOgzc-W7u91bpECjiZdHB4kYK5GHiFWnZIuqXbpKOvBKPnIMIdLbHivOkD8hMG-jrQuYXXMevsoJSVIaBdPknCwHcMDcK_RuS8p6dHB8CVeXPjIi-rnSpzQNzKHNkBaHyAtdh_TA5n23rlP1Ax5831Xy-3Oe4Z7UEgCjM8a1IJ72b53_2Xhk76aoEXzNietzs8cxCwMYzabOzQkvYijKF-KAP1Sg1Sq9lCRB-iT5GGjju-ByaMyUn8V548BJcHdv-UZ11jQtcMC4ryKIuQ1WQHTr6Eck5VZygX6lp69kI-HX5FWDmDWIkXlwszo8VA-JXZ8ccR3YFzP0YpFbvADOcJdAwK7je_cuVyPO9mp2-_SEGJd0fNUmmFP1MOxgZHsChNFD8F-izVQ0vTIjPlE0v3dGX7WvEQY77XZYI3u19KS_SVyB4zzSUiLPyfC9GyViS1GGbNSsnlywv2wHvutX54dnDkgQHQm1QNm2beJ6ybwEWh1dZ6vcoBDofDp2ZFbSMIAvbrsVR2PbQm1NCACebfjT9VWL7MdHePqLWgijBc3FzBU_ar9UehehvHpwX5p-EYxqjIOMcIeeb4RvZuF3yMiih60h1cERRJEUBetqb7UCmxtt5ZtonNAT-396nN08rh0BURrgUT3seBrfVKbLs15FA3Z_xx_oGfCp-P7ZXb7Jh-Efz8RFKw5qVhMtSN4otzGJt4Cm4cmXTrGEszpChWImryeCtkasnCaTY04CC4y3sDRBQA3nlP1rFMHrmS38eixKsAc-cJjOtH0NUqgd_MnWUoObFUAh5jYGeY8Z3m0f7mx64H-G7YvJDa0yzN-CL2Z16OKVslM0cogpW3DGMU6PO1CG_C_&xkcb=SoBw6_M3jA5PJiAepj0HbzkdCdPP&camk=C3EPSzFlQw8VN_uriDqgwg==&p=3&fvj=0&vjs=3
Database Administrator (Maintenance & Upgrades),Chris Johnson Business IT Solutions,"Kochi, Kerala",https://in.indeed.com/pagead/clk?mo=r&ad=-6NYlbfkN0CLrvLfsp1vnebuLIu9QcVHNdyL6p06jodVJj786ChX6uXYqJ1mbNepI6MTQyjYdPzencZBX6xnkfY9mv-KrEVUwdTJ0IwOiS566h9uTUg4a7SEng30IcaqgIHY3f_A_4NL9mUewuWuNNRk4OT0eQtlhz1fGiN-0FbT61_ZxPzrlTcMMbwKmfE40nym7B5EnuKVbcVQr3cxw2u8k3900ntPlua2tQIdgKOTJhWreQVLl4ehI3ap3cRAmmd5xbWzXldgfu3Wn-Ej2OolCKzfVDCAT_Gbuv4VlzqVt91t-vOOP2xkwt4Hz44DZRdvvlEov6DvlIEg6KzFshNtJbGZhnTI4L067NJ_OEdvTDmbZoDr4qQi0KK-nMmtocVaW9sSLpTc4XHEygCKavHVtlAlI0l41YuB51YdO3590gLE2us5_ISOHFFcqpOqwrfxLwX8L7p6ZAnsHzz67wbYp-3YcgzSwkDuOuo8FVagd-g7AS9Mb4aadDrnNoWaniiRzpmHHsgCSEbht6EGKn3lFO4h1sPm5wY7aTl-s6YWVMZSVlYMz5-A30RwcAT6AMBfNd836KGggzaxnJZRCoSlgp4eE_QAyLr8KNErjr0K-ZMUP4jIqQ9rrW7wTRjUu-HxZJc1ksm_0kcLqfPe15aR8DWWs0T70KSLhFUcWhELrXBw1OO20UJTw7KxFUXz4K8M3vd7B-RxSFBj1EIF0g==&xkcb=SoDE6_M3jA5PJiAepj0GbzkdCdPP&camk=C3EPSzFlQw_JEz1_h6BbKQ==&p=4&fvj=0&vjs=3
Associate Quality Engineer II,Optum,"Hyderabad, Telangana",https://in.indeed.com/pagead/clk?mo=r&ad=-6NYlbfkN0BWpgndjYL01xMr26yTqLCDFb3b3BUdaEwmMV3w6lpNxfdb7iEvGm0gmfmM0o9B9H-GrQWxwrGRS4U2T-6vQawir0qgg5EXKfZMLxN4wwdGNZH2OlbG292FDKfNPJf3gvuiLGFBCGh05BwCmhC3qHapmsaz51PBvE5kqD1kY7IWfLUf1rsJtYXkLAgFcywziHNtJzKH3TQ06XKBfIOLHU_EnglfiEqXD6hwg6UjDmbyILYxYOtQTACZaR3ooSpOkmpq6mamyWG5Deczt4yVuat3kPmkgVv3t-SMjNwJjnsK4Q98UGakP4XBifb3a0Y1ZMnDj4EKkJ55kvgPq1Qqg4e-7gqpnV84j9zqXgziUs98q893Z6xJt0OAPKMZZ9eB_ddSRuq6BxQXggW5IDdMZvCWLmqzzNhx9R_ebO7zeVnZ7h4mdtEDVIEdo9ukM50rdD32HWlLH2LtYRWYtUN4snHlD9oFwDXaFH3qr7280ErLeN2aXjAHJb20YC30nnvH8Ko2qzjGVVoej-wE1Gg1_l-tQZkm31x2YpBp7vMn4rzle0JAuaJDdVbAElOYJQxGuhPO2XrnMHipTcmufQvQJ8-xz1hr8naCKwkkhNMhPCgaNF5VdBKOz6F74IoxSp5MPznhrSUINjG4cSqEBNMx-QgD7cN8vj1A_ILLIkF1X8wHT_-DErj9TtRAucJoeAzXocLUiQUZNPOBfLYV1-HQmKvdZO-inrZhh6O9gLD8bordh-7RDdByhLke45NC3ufXAeirNAnu46eX69LivwVOzuu0G0Ky2bq6qJm-UaH7EEqbeQ==&xkcb=SoBZ6_M3jA5PJiAepj0FbzkdCdPP&camk=ethIe0s0hed5mhSVDYdqwA==&p=5&fvj=0&vjs=3
Associate Quality Engineer II,Optum,"Hyderabad, Telangana",https://in.indeed.com/viewjob?jk=0f1e2d3c4b5a6978
Global IT Data Engineer Senior Specialist,Boston Consulting Group,"Gurugram, Haryana",https://in.indeed.com/pagead/clk?mo=r&ad=-6NYlbfkN0Ad1FFWZOsBBwBZDGouyCcICeLSd3pQct3wJ1q5dPO7JNFPcbpYQ1XCYdTOV-ko2T6KmifjcajPnZF9_Nf3a0Q7sUOgEfz8b4FKzadvVlw1DYNstmjm8BchzuUqvw_dk91UKH9l6ctZlbXVe0u_1ydhW6YKAK9GzoqlMhnedTWirnm4sg7Gc1I4GGzRARsjbaif1jufO3m3p96ZgFwm1S-2P8gma5Ka3iVzuUABB4n6RX5sA-VirkRSNMu0o4XkUhHASgCOK6pq4QGzj17byjrAHVDGJAo6yUrLK0-m5ngH7u4BkRAWw7D_iQ2IwKb6n55oRTYsOIREwF9UPpbqSuxHbP2fMm9vFxRrOzGRaWieaKr2RQm-UQWa2u2UNv9mU5b-K_EGguaftbr-BsGc6QtzFkWwwcLvufbk8am9dfN3YC6Nu1zhNKBv-zQEhvbmv-Wvhu4CiNnn-HJ8OdzZC2t4ZjC053E1LOzNOvDYQCJUH4vyu-mDHYZc89uFEV1q886yJ1d4HU1fu_zALin5vZA94yeKKD8Y5gG_QsJFmp1QoTkuviXgo8BCo0ny-TTd6trbnaP4JfAgZYQkZP8ujl8tiErB6pyX3829MfSSbHGRwMViNc0yOaDmDCYPu0sLp6SL8kn9f_GwRpjKVo063KowM55Yc_DKz_EblnGASb2NnssG8bWRYUxoBjts0h9tejGE5AbP5ma-RNNGumOa9-RyQDSHkVlyBG0-lqECf9surKwh1J1xC9x_IxArHJd0FR5CsELs57Qfool43hUBoUWWGVtIAOtIl7leBMsarmvL2CFR_DwQIZX1VnR1_k7X1KRKMlQEMelsJ-1gqpMzpHm9aVq53EU5Sl3mq1jlDStPL78Z2JuKHz-o2Ggyj6OnCPbwnusdfTB6SiXEzfN6NuorOA9LJCZ1Bmk7e_4oO4eMSsV5nBr8IEocS9umTqP1OX6aS_eEkRTOdobUCR6UXgQIW4gOncZvj8apTL5QQc0SmleHx6BGvz5ppPN0Ua1_Q75tbpirKEmbDZwLytsDjrot4bRbig5B5A1wV8JG44bF2j1KQ7BZfAOvVeTgVNwgivpGLIMGt5NraW_e5Biw46ywrpyyVWleF6A1Y2RSUkRxE6jSQmb88uBQTBmFiG_sytZ-VXT7LhAhno7ewpz0kXkm7M0NRnGNqNVs2g94zCiYyFIU2ojGhvrxQ3sl4KGiNT-h8ZvWun5qlnh2e4U0UpLtPE_5e_ykSgLv2HIyKgg2TueXuXwcpy5pJ2HabaUBrNUh-dndhMMnVswd2_ETrke-9nEdYp3WMY8kUSXPFqH_GcoN8luHSc2nbYk9JUJvWXBBvGNanuamkVXWDE5V0VEUE-zdhtu1XLXOdAU_wgI8goASwSMZM3Q5kaXlghn_F1HjhScsZR19C7HTYDVnIFx_&xkcb=SoDt6_M3jA5PJiAepj0EbzkdCdPP&camk=C3EPSzFlQw-Kxz8aVjN35w==&p=6&fvj=0&vjs=3
Workday Talent Configuration Analyst,Kimberly-Clark,"Bengaluru, Karnataka",https://in.indeed.com/pagead/clk?mo=r&ad=-6NYlbfkN0Dig86G4ktrN90rJm4FEtHzKKttloEdrrFpX9HG6zKuQJcrKlbG4JtboexZo-b_V6zjei8wiDpkjAF9AValmJJS3oMIiIFEsXHhfCTstSG3BmfHQeuxrLwojI0PQg_kiyOkBFQWkwARFkwRUF3HF2lTYWy0HBVkStIHo8Jj31JAFOOvsphZCst_0pms6szRq8dIoQrdm-OJrxkU7e1-FDfRpK-yCVQvnZi-NFwmnJxtgu6VqqwaBlXL08ReDZttzcCxa6HKf1v2xBh_KoORJueOs-QCcqZ_Zons4sW7kya15IMDh4d7K-WYupx7vCGJdahp2ZBRKN9zSjdDuTYatnBimQoH60khT6bKbsWz981pGTntwKnlIzFGmAs6dp11UYDq3JQSKbfsqBmmzAOmgMC_lJ3XD6RVEIsIgJJDsyFSt-4wACJ49vO0KLlSe7IPGHA8NnlUMFjR1JPVfl18RMJexka4wNC1ytL_JKKAdXvADs3Eos03GA1yrN456SfFXrx-XVcd0kS6OFVP86m67ykpLMlVQeGFR8gkxo1KCXNEv1X64wdThsoeX5F1r_qlvCLgA4vxI3Ic5QeR57R1JhExtImlwG8iK6TQC5A36ar91K6RjFuNRj_GruatHenlPVi0yinl_gs9lPBEUNmyXd-awOCUxySJrknrj3h-2_Wffd1OT1LyF7CBCt_iGy6FCDA0YQcF-rb01GAl9mk6dcgFPBtzK5aWd-OzJ6miYuTzLVP0TxOtwg_PuSRc4FcpPDiO-qWHPT6709wltkysancjN2qF3vuxo_Gon5W5rMdHa2wO4esvDU1ZiXDJm9hc29k0pc_X7QGKNncfqmN_JJnXMXvTIeFx2ImO2ISswW42qwRsnApCytRB99Ou2d-Yad_5Wso-F1t0PhFlmo3f5jqH6E2Rf7juLGvDvqvJzR2a_CqxFJyDnDoFrShITrPM_1hP-3CzxKf7YUNTTuf3WZ-KYt05RCBO_2r1PGXHvj6QE6cNOVCY8KlPvQcKhenEauggNf8-WgzjhZorRAT0giIS8nwl_fNgf_Z5Kn0DTEbIsvl-UR9DWYyQDUoJ7a62Pn-t7uCJz-JwzkTW0XfqR5uQ3x5gJ1HlCyX_mcEfaTZ7XAZAyZV8uv6CLEgZeVzgqNAY46SNXw8tSFjUM1gX6NLlRW1lDNg8RdNjXfGnHjA5vSjD82WM993M4RMEPQ_VcqDI_ZGTIj0frywBFH4sP_oyzzn_s8vfHzDSStcuREIJFKU4cyyaSfj-M7EokRmFc_qjQN4V2uX0PjyVEq2Jsk86Pq8MBhYbMdEV8UIE9WeLkDu9Tz2QlhnQethxOPJHhZyZVIXkcNr0uRwkiEcONqmTkM6O2jPSqEu4p2pcVIYKt0kaJGP3CxTBzR1S22Cw40DSmAApz_5P2A==&xkcb=SoDK6_M3jA5PJiAepj0bbzkdCdPP&camk=C3EPSzFlQw8AM91mMMnDyw==&p=7&fvj=0&vjs=3
Analyst - Customer Technical Training,Zelis,"Hybrid work in Hyderabad, Telangana",https://in.indeed.com/pagead/clk?mo=r&ad=-6NYlbfkN0CMjQd6K-mJQmnXP0NIaacqgU_ZnGMdJ3ZujbgiYs9cqb3DtnC5QIo5ZlnIk30BCeE3csHOwfCbF3hVdPDErDjXlZbX43V3xI6zSnvE0oRxBS94m-tzXdfrFdXtl0OiCBHln3D15i-N5FvI6EGLhNJEilEneK8ED7fcf-dGYcCKhnNmOAHqFzJ_eEz6dx4zpK2QDqSehLgChfeggVnJUmDNRk2XGYK85f_dewDYl_7z1t4JBpsh1tf8GUGXqNb5xZ7H2PJvhJFlXPPIejKq49VnyRi7jaqPF1KxEaslOanTC8tF9iahg6LlppfJ7aoHS-tLp9AkANk3cXHEyYJEvKF9cGhMwCYU3My_Uzs66Pp6XkuIdw3-I7Si536GE22m7TSZcO59Jwec7_PzuJoDYWFP2q1TIiD0zr5v2k3gA67oo-C7HyEdvmjCDBMcqQkHIFQBD63Mzgik-Vr93fBxBVkLSRQG2b6kGk3n0HecKt7oFrppKU8IyI8BEu-f2n9O3R8qsjaRLZaQsO85uCGc5tDm2H-hC4YgS9KBHYj4wAz1DEmjsmFH92UcPWySZPPzkhngBmX4SsUzDHYQ-h1BYncsNGNDna_0J8mZjgkuH77BtZW3Dp1G-CtE&xkcb=SoB-6_M3jA5PJiAepj0abzkdCdPP&camk=ethIe0s0hedhjE26FdisKA==&p=8&fvj=0&vjs=3
Senior Software Engineer - Application Analyst,Optum,"Bengaluru, Karnataka",https://in.indeed.com/pagead/clk?mo=r&ad=-6NYlbfkN0BWpgndjYL01xMr26yTqLCDFb3b3BUdaEwmMV3w6lpNxfdb7iEvGm0gmfmM0o9B9H-AnxPPvtZaqMJflUQLo7qFNptet7e36x2UEpj05XokbhO1_JtK0iP5-5fOYUY7FQUZG6EjR4he9ZVh7rGwAuy31j9o4rpfIX6qN0ndGRp60FfAojDflj8w5L_qRuAD8VK6zx2_z6ti4woYoYx9so5_sV6oSIuWrAp21k1uow1JkZIL-pM0M0DDIsjrwlino_9gdHcZah9o-5rjYQZSPPs0AZeTmdA5gnl1RJ2qs6Im8ko0x63DaHrzNbaJyEmWk96PtOkw0DPGMS_w58t0CltKABLuzj93t_nVWb84M1sqBkxVyLnnS18WKp2LvwAnMwPZdh42QnJ1DqwH6LQ2XsMpwDNdUpezG92nqeglAoPyebSIu0HbIGXlatJnn34HitLrmG8WCrkhgGQQ16GIomzdnKWBsrVyTRc1z6MyXODRvkreRsbJ6D9z35yQwStP1cF6fuH8J5F06V9vnosKxk6EcGhtp_mEDcB4-wgPEeZTZrszkje9w6l0wCbgDjxX5AgUYE3kFaVFapFIt2jrDYbr5NeYGRg7Lr8K1fdhCPXz6MBP8XWjKIZTIRzTWR2gsGp2GU5RtGcQOWW2jJNy5KY2np6c0cqwsbYANXqaM8ju9TDAaTonvzeMCJBc9hoFks5k0fN_q4RgMazR6Bm2rcTh6GZzGLO1UIf5SDQ5nU52qTz61SBpwtBfi0DjDD7Pcj2R7YYFm7XBC_NAQCswdqAIe2xJfeXHJtWc8kgmKxZ8yA==&xkcb=SoDj6_M3jA5PJiAepj0ZbzkdCdPP&camk=ethIe0s0hed5mhSVDYdqwA==&p=9&fvj=0&vjs=3
"Senior Solution Analyst, Responsible AI – X Delivery",Boston Consulting Group,"Gurugram, Haryana",https://in.indeed.com/pagead/clk?mo=r&ad=-6NYlbfkN0Ad1FFWZOsBBwBZDGouyCcICeLSd3pQct3wJ1q5dPO7JNFPcbpYQ1XCYdTOV-ko2T482Tzza56cdRvUJe5FwLgGROYqsGP4HJiezwX01m1qXmEGTNK5ThVavM4tA8QcDCJrgP70JUN8JiMlUzIY_4__6Kket4InE01-UEXp3tsYpQI4LUTdJ_kxlKgr7vbMAeRiZ-I4KCRAsAai3tvmnBTspE02mSbT6n_47A4ooIFqrC8g2BO_ej5xHg2vPF0uIx8j2dO6Os1NbP1Qcy8_IX2oeykzaEls6TvKR7gfm0bPkJUA8kE7ViFt0lTlGOBtiR2hS307lOlrB3KzWOKAuozeaQAjfewOm9xWMqZza3Z29tn-6tmncoob7IFO8rWrQBCPDTiwddchfyAtQIZmM67Qs4fE3uBxeNyMQ5FvqCc_f-f286ykC30C032a4XM1KjWy84U3Pe5-2LOXnnaBIjSpxfN6uUleTOFWzbp0TGkFf_yHxg82-mJrrR5_qRG_3O_4CA6654HKXfaRDRbwvyrYaKT2xZPlwat4AN8St4vwbE5ZRXAe6WpRt4onUqKMb-5mzLLg2jdwBgSZQarjF_rrYSmknAdhhNvjhWrjmb_T_q_T4ro6Gcmm_hZb26lsf3FdjX2an62SnIqUYbijLXPi9zmmQ7VoyXZEmMuXLOw9x4Eps9kLiiDyQo1ZG5eryde49FvKaCLniIFEkd3gIeYq1Xmt0ywdXHI4HzZcX1889HRnGV3Rs1ss3X7o3urd4qbpL04n7RXIC7qsXwpDFCV0TEwPZ91fzvyzwfVUjyR4bDiIXw1cgkCa3hvqgb6qGgbOPNoy4TizQLx-bxTJPNgRgcKYkNb2u7HRfi3oNGJCc9UWHJDH5MnV27xHPEoKLZwVDTJQWcvjVdEbP-EzmeOmbPbqWEdTenIJff2zqbl2THNiSP2KFvoKy_HJq2WUpp7oiPN8X2jPEV72iRJbfmhdbWTsdKCA3LvpnPGoEUGF7gcVoxJFr73QxMzCAIrR6uI2I0CIyLe_nvpK5nwx-VcS9rlRY6VhrGdfxuaTq6TE2ZgXY0KuM0C9mq-pV9JDEV5KeaxJM60I4q-A5SPJhHyZbX5jFurOVO8C7nrGBMHR-ZfA5D4G42TRc_Uz0IzLhqjB7a6FsFL--DKRNmbheWQmaS_0g7eZdGh3KYKIxDz6-QRjFh_K8lbkFshyyFGOe_xp4WSv5yqAoSjqJvwd_iRjlEfcjaVWlzQ7kUIYFbkgrYR6IcwiVa7susbLkTJceYHmRZ7XZtYUB9SAFTCPdERdc2aLJVMwhqvly40sATjN_1stRVwisPjj1c6fPbItH1uTIUNXmBs3MpkSKqr_6WY9CRXWnEGcJmwmOw98wxdtQGqPA6SzN7eLVxxVO9UfEFfBVusxvx3QG4pehSbMH8miggCKBWnZGIiEj6BgE-P49s-9ncQe6_n1NC32Y7P31WT2d7-9XG3SgQ==&xkcb=SoBX6_M3jA5PJiAepj0YbzkdCdPP&camk=C3EPSzFlQw-Kxz8aVjN35w==&p=10&fvj=0&vjs=3
Global IT Software Engineer Manager,Boston Consulting Group,"Gurugram, Haryana",https://in.indeed.com/pagead/clk?mo=r&ad=-6NYlbfkN0Ad1FFWZOsBBwBZDGouyCcICeLSd3pQct3wJ1q5dPO7JNFPcbpYQ1XCAHtAAJhKZCbZ6-q3Rcv2UfJ3lstHgyTD91r3QJo98yqX02Fhvg63D_2PxuMuUXobjc9kehuz07RteRzdlVUtqyzyucIc2mdr3yLWVL71z4MWuOu7sd5dLuhvNiD20IEqABpNN3MOYTKn6d2bR8RGQoKL8MxmEyu_f1OSsq15xZ6UbkFve0vghNN_smZcb_0MrFSwjTdQKlYDfA_t4u1GUmUwGYRXbZGIQmu9GROMCrdqdIDUEY_7HOd37KFKbRG8pfWTIPniJRkSy1G0_x1sDIiIjGRizfoaEy1i4QBQaMrDyJyU3hy1QD60aQSmQftrMFUTULPSADxRQt2kPAavDEr4cIEMACj3DTN1gwKvlyKFNVXj96AMPirCXghRwXsb8fXxP1NbD7vJuwRsXz5W7rij8JI0u8yMsVWSXqYM2FA4LJMl2lCBA0pFREirk5AKm-JxQnch4ZLhsmEhqRfWMcrhpRgzuA3Sf9TiFguOImkclJ94EemgQSjYkFuXr9NNwgLN9MaQPBDGyJHwe7icgbGpIR2fDtZWAoWSrJ35bxIKn5nB-O-L6yxKIpFKuQ36K1sYbIOYqYV5y2aN9mqGssdJmNUm2T-dwUMRUZBz5Mm6GIzpzR68IEiFjx6ltgidS02Mp_HuRwoiWNQCV7SZr2xPaMZXIvzRRPmabh29fmQYjEUztn7hukN-mXoHgRkHd3xPa2zNoDj7E1RhADdnVOFB7FrpldEvMDvEPb2Nuiz2RogGsHbUKX-GsH5oG5SDadmKK2KGvAIi4P5Y2N0Njtyfhg5W0zALhjdCJA_cUZiIrkZIInLzk343d1UltLZFarg4bO4fGJEx7l_ZG8Cxqz510GQvBlpg52dXazXPwXZMaKuHUt6ukZo-StWrgYGzhJXsaG63DdVyVN4QCmqvs3pllbXLl8qY9k0dbC5yKsOHqUzlZRMGFKLYfAFJgpwD3nmhCbfNV9fyz-iIAwMZSfhYlDC7MBHZLiLZsvvhz_WujRYfRpdtAX5w9lVF2_w_y8KYoZvmmyu0po-G007A83pqXITxybYSiw2_EFV4MV8aRuz_B-qBsbVdfXkFcyECr6HBKrjrRE2f4ZDJK29MFDziibRTUehlAFVeh2w1wIvUtZIwphRhFDpO1365IpbqBzh4jgPrtv3r_oL_KT4M8SWM-mixOYnQOPeMn39DzujwQFljo3me-Q==&xkcb=SoDZ6_M3jA5PJiAepj0fbzkdCdPP&camk=C3EPSzFlQw_yEGK4nS0jOw==&p=11&fvj=0&vjs=3
Global IT Platform Engineer Manager,Boston Consulting Group,"Gurugram, Haryana",https://in.indeed.com/pagead/clk?mo=r&ad=-6NYlbfkN0Ad1FFWZOsBBwBZDGouyCcICeLSd3pQct3wJ1q5dPO7JNFPcbpYQ1XCAHtAAJhKZCbjVQaoFNleouvYfwsNOxFg5i3qKRWIDZirHmzh38g8eyq95-UljZ8HGqcimsGrJaPJ2pflJakyEQwpUrS3wmQN9wAY1b5ekOzGxTj7FoITv6xZ3N0l9hUR3ThC9vN82uqNhahqXDoBsxh8VIpnpl9Wc5V-5i-_LyXsSb-r14eIoLq09kYFw-BsNza3SK2_TY2qlJllCc3lx1CTDRzQz4eG79JxxQTr6Ks0KLUzVfyOPlsSb7mLKtHVGH8WstBNKn6xk_rffjY8z7XTw7FNdASO3W0T4SjEAp25oFcmBIuPZ1NGPUmpHrxwRmC_KTBijZGeulztAJpG43QFxS-v3_Lp3VaPLc9vJuLPLxFXpLerykBYqcgP3CEzh_T54ooml-yg8Xcld3CzI_AQI6c2OJqnT_ZIaYpEfVUEAYd3ni6VZjkaGYSWdc6XYHRqm1dhPgTW9jIGmgobOZ2Uo8I_Hu2ZvZKt_dwAq1-Uf5aLJWQvgfjCzhusNCo6Q-6A--_QuKEopADj74TxExOZA0cmTefhV2_InTC1A42TjWH0piXrF1F1wdr8Qw5ez3Ne2lmpnA5XBLbPwhooUlgPst5UpUASchvpDOf5kQT6PzorbmEDs3R7npEUe-kYsfEPYElbGAJPhe238-CvzkiGLuMQE2OTaRUI_KcreLAvRXbOtny_wi_3Zxsss3KFPj1jlwzHUYZMzYwbit672NuqOOySaS3DafYVMLOMxzAggBYGBStFZD3FQn1Eqvu_bSlpadJpMVuBZD4rYxzJTMK_QCcAykY6He1h7N47ksovonJZeG5gkkCmqtt4O0KN7hNLhlBlfyr4R4c33OL-OjRbBs7xnBttNHvzeMIFvUx3AQNTym75gydwHep9qmtjWAlYEiql9KW3MQwOr5hdaVDH5zPImJlAgbqVSuq6SkOP1z-IbPraLrd8lZy8E71v2E57Hb1fmDAYHeGoqRnnarVY8NrJZSEmaEIJ5Thdjn4dupI2q2CmnW98jzcRmg-mb5fzTy_eVtRjykQqtoehjfNqkWW1V4qHCg4QIjlW1Y7zBHEOHG_AOPiU5jecFBLzbbhCet9dJoqWPrhuDykhN3KbO9gRt0UCdp9Jmuuip2MZtSnikCe45Vb8h8kNkOs4HTCcJbbMowxn16Z2ypl2jLPjb91uE8isY_e2_DmJwH7S0i_ugUOAOuF2sLiRZaIFObQQqCs9YLw=&xkcb=SoBt6_M3jA5PJiAepj0ebzkdCdPP&camk=C3EPSzFlQw_yEGK4nS0jOw==&p=12&fvj=0&vjs=3
Global IT Data Engineer Senior Specialist - DaaS Lighthouse,Boston Consulting Group,"Gurugram, Haryana",https://in.indeed.com/pagead/clk?mo=r&ad=-6NYlbfkN0Ad1FFWZOsBBwBZDGouyCcICeLSd3pQct3wJ1q5dPO7JNFPcbpYQ1XCAHtAAJhKZCYisB04w5weh7lCdYRqkTrg0zUft6mwboiiVc_Uc3rWaOKKgbL3wKojuCquXYrDzHvy52fKhHhmWngrKWarTfDqSosMJNZf39lGWdllsXxsOgG7y4Ztb4HDcDCgljz7mPuK4DFqxcpExIIE5tVAYOewYp3ZXdFAoAqR_jSVeV-JBlEa3VQDog6Z_5cpS3vpiSljVUrCFveDMoI2GdnGLOQFxMjA32cll5bUbPmJfEK9ZbgBOVKSpJLQvSzn_lyo5TtwlyrFksNS46niB5cvsspK2jrchMPdKNGuJbsLe3Wcza0PTZZ1hvYJRHTWXfI4lO86B72EL6iG2o_kfnHUnjJhAGvEitCtZKOexdO7M7vQcuSL4GwCebRkmMF4OaKzVZTSVlax7GXhL59b5f102aCNyAOvuduy6UkwGxyKRt0MCjbxZ2aYNUjC9jQmYMEihNWWx4nMrFHuOgOqyuPli-yeY0ewYukxQ01myR3UBvOgQHUcNuWuynFFKjP0bRqxy9A8saeSRIN94jhwP44dj7kWU2_FoQKPA4lK4RdZPOvJdMdUMm9Rnb-i-EQDkgjHczUd0rZGbU9wKvM6JDglhDOBuQ-OH4-aM10qzAD4s6lb3anwfN7C3_LoM4P3C_rvBn2Big9j2NiKhBPmUMRT3PnUpy52Asrr1GDC8pAOLhCyEzKHKNJHcQpHL5uZRdRDhPtsw-Uz8EeCtCOI9LQaB0GgbFk0y_KxdNRoJpAhtX-b1aHQN5hSTJhz7YYlwGIsCdD5Npnwp4XHkmQb5ofwrYCm9bJXGhP-YLpgmWUAOSq31XwSLMbkD_HJa66tGJzcb2x90CapeIt7bWbGMw5t1D8g6BEtj9h2aSY-lxVd2PJcAPWIRK8wU93ERf_dsHTLwtMXfWfSO9mwS_FdVSoxzG1MIKfpmBzkaOPbgMvf3HdEQeuc9B8cCoYO-wLjsjMTMybNVD_v5TsirimL1MsA486vedjRK5RyRZkAulu3pdnTyv8_KPUgiI_oFvnp9VxdMy3UP62RKqYNcws_ybTB9NxrJVIfXRvjgIpFOmHBf4BbDxB7AMRGKCh2B9XGgbZwHx0DJDYUDDQKQ5r5ZMFk-ZBj52QTsvVf3fsrxI8XdsDax_iU48tuNsxNyJjp6sCy0nPHTy2gT3-Jb865KS-ZW6u38gp51wqYBKvdFIlB9bxGCYXANkRp7Fuzu7Z8C-SlLaI=&xkcb=SoDw6_M3jA5PJiAepj0dbzkdCdPP&camk=C3EPSzFlQw_yEGK4nS0jOw==&p=13&fvj=0&vjs=3
Global AI/ML Engineer Senior Manager,Boston Consulting Group,"Gurugram, Haryana",https://in.indeed.com/pagead/clk?mo=r&ad=-6NYlbfkN0Ad1FFWZOsBBwBZDGouyCcICeLSd3pQct3wJ1q5dPO7JNFPcbpYQ1XCAHtAAJhKZCa5wQ-kVysmLmvi2puN6okPb6zoumK4VJiwyB-g-cr1OAK7rZeTjhHf7xMFWGJs3pzpq8dK7mkcf3PXh9GDQ5ZMC1UWpt7T6tpsxIyBnJ7oxPTErS8BANpzQG8ZeWsI4X0jUNPVM3NsKehcBZyc7MKHQ6eQxv2G7h_GfZKVm87TWigZafJJdDSt0zEOPGSKNb43niY6LHSaI0Nzx1lyoqS9hYOnRCcqvySvlhrjNnULTV6vLKesr-pnkZw7pyE2ehBLLCuUWEDJ6SQFq5MlApZ8t0FZyr4rrDlzZ9jMIzQCJIrYV5ePFnmfN5cgD07PJV2DvPIbZWIq6ze8n09Ry5BE7v8HZ-U4rUHYjPQaleq-Ik23oWbLuoQSkdlcFQ53cD0aCoKukv3GPR9NniZUqyu1cxjuBUJsvPWmG8Xz4eYTYM341G4P9X2tMCvTLFwEcWrFkAxD8QosqpScO4kKz32eLAofGZk2I-kHCX4u1YUpiWQbND9pi5mtJuwvfC29oJTvBUjrEuVUbyaOoqY6tijJRlkWUGXKTWcGmqjkIO5fUaugnwh4eg47qXgL5XBW6zTZYP-N85kxQvqGQ5nLm13vmiTU0LgMxNHJkbrvEThWPJoMBY3v-mcsQK9rtcCtd4jzWNDM9kSfNNcC74Ng09RrbuLer0gRHLW0-QUohWF2DGC6EqlmHrJTCwcdalSnTwEKsgzb6ClBqPCMihSlzAWVqjJchVukowDfTF8PD0MM0VsU6yVrRMbIHuEw6XiBxKWo6PBWjUQLZPY25QaeA_EGvOujNa8ySf-EpXCM36EeW8sKJOG4Gh8SbFkmdigq76kxcNLY88sxspkI_hSKyJ3UgEr7k5Fr4i10COubRDqeMAZlqaNIB_U2dFjZjevq94soqcX1DagQytvFrom9uz8LG7cuWZb2KGpj58TbynnbKYUJFukwNGQ3eV-gP5_oEq5aTU02XgoBp5wDkzVl7UDYZcJI_r39w2PE_ihiaxaxebARn9xjaEY_2w0jvOyPwaR9CwcHMJ8PykM7kvG4dBi1R42UGyBGn6vUxNGAF9Sl51-vK-QRa6jouvUjog49ipBorcgX1ryqqpRvuX7u49Blv9Y2wQ0mNtw1MhmoQ-HXZqaYknByNb6wkqoVTq4VMNCteeAH3yzv9jHjiUz-M_2T_MO3ZjV1_271ZCOGSYj90g==&xkcb=SoBE6_M3jA5PJiAepj0cbzkdCdPP&camk=C3EPSzFlQw_yEGK4nS0jOw==&p=14&fvj=0&vjs=3
Global IT Data Engineer Senior Specialist - DaaS Lighthouse,Boston Consulting Group,"Gurugram, Haryana",https://in.indeed.com/pagead/clk?mo=r&ad=-6NYlbfkN0Ad1FFWZOsBBwBZDGouyCcICeLSd3pQct3wJ1q5dPO7JNFPcbpYQ1XCAHtAAJhKZCYisB04w5weh7lCdYRqkTrg0zUft6mwboiiVc_Uc3rWaOKKgbL3wKojuCquXYrDzHvy52fKhHhmWngrKWarTfDqSosMJNZf39mTThticJXkh4AQ4Mg7DrV_ohRn6AH05etbEhgfWn9IB8h32wgRXjhRgnFACVcuMLkv_uzKtGeAgukcpc4k_AshN7wxtuo0dL29-WS08qzf8WJTJXM3CNf7p48mtP_kMfQYAzg4maLPhUuVpCfJ40ueY-pCdDaUUiHDbuyypmf7mFQjYDPS5bwaNCXL3XwWt01VX999HtSUiao0zOLXiWSj6o00aP8ikHTDxaRSSRGAi-Ohw-ih1QM0PxdtcMzynr8SeDYqe-HJZKQPklBMyf-NjgBEomkzfKJCc7A6IIlDPUtpMQNoB5TVDxAKYhmfHzGcm_WwNxHjWx0D11qzKYt5VkBinhdJGzVIH-i1I1ZcjCCO1zNZComgtMWUA-MXLk9uzVQu6PWjLg0k3wgDTUINjTxxdeBU_KKO8Kd510TN_RfPquzIuBZJGzjOoKB4nqCv-UdX2aIzbJr9iS8JhGmAsy_2oPwz0kP8epuUoUJ_SDCRr0TR5_tvocyzZ9OHgd3pexRwgLAQ8TPShdxt7tNIFJke9yk7ltRy1l4CbHj4tHKVMwWBxsh6lxP2VgqcOcQOJ6n9Mw4jYKZxYtF4aS1pBdm412OxGUMDY8DpJNgjB7f0v_qIapVvgMr8DO_bXBewjkpaw96xGJO-i53QbBudq_fI_GbAufz-X-v6MxzdYtC_9z_5m6m1MF8CU0cmfA47gcAZMW_IaniLUQUp-jNnJMzon660qU7At56PtqGBdJUCL6MHu7C18YBladXCCzh2Isn7GVSYwSKo-orcK6wxk9oDm40pN7T30S7qk_cSU8jLYokVRMJ7HvG2tI04uX8kq1GQ4qU4bV1S195XRza36AnnwRUSPnG68onqbo_YfQb5rLxL64J74jwmLkOAUcR2XLp9gNLz6cmgwyj9lUNzo2q1Oh1bXGxogPCBhD-rubGAdFa8Xkg2osZjCF1tuv88GRz9JpX-3Qd9OmYAUEO3ZvI8LThqZ0YPZWorfNHFCzneiblPtVcU95oZVVuchPuCImL5R1vFd8r7jpw5pBxZhsCVE6iKvblRDoxI_Mf_HO-WD2TF4x_dl5kGKlL2GvOpSKDyiLsS65f2yEJ3Fferl3U4gEoz2eo=&xkcb=SoCP6_M3jA5L-WzCYp0ObzkdCdPP&camk=C3EPSzFlQw_yEGK4nS0jOw==&p=0&fvj=0&vjs=3
Associate Quality Engineer II,Optum,"Hyderabad, Telangana",https://in.indeed.com/pagead/clk?mo=r&ad=-6NYlbfkN0BWpgndjYL01xMr26yTqLCDFb3b3BUdaEwmMV3w6lpNxfdb7iEvGm0gmfmM0o9B9H-GrQWxwrGRS4U2T-6vQawir0qgg5EXKfZMLxN4wwdGNZH2OlbG292FDKfNPJf3gvuiLGFBCGh05BwCmhC3qHapmsaz51PBvE5kqD1kY7IWfLUf1rsJtYXkLAgFcywziHNtJzKH3TQ06XKBfIOLHU_EnglfiEqXD6hwg6UjDmbyILYxYOtQTACZaR3ooSpOkmpq6mamyWG5Deczt4yVuat3kPmkgVv3t-SMjNwJjnsK4Q98UGakP4XBifb3a0Y1ZMnDj4EKkJ55kvgPq1Qqg4e-7gqpnV84j9zqXgziUs98q893Z6xJt0OAPKMZZ9eB_df8rGsYPqhuOSWzpXs-O063ksJRgWX8-nYaUDYvm2cwVoVuWwj8jVDWvtiBi0ecu4dg7_GAFhgr4svD7u_kvzcOUqdFfCXv3uJrdtEpHMfdwnpTTgzOd9q7SQ5c6udHcYspRn2iJqjCZCVkIpQWL9E1KdWMqOMFtLUrItf9Q0OkDJhhg46cv9KvixbEe49ghsAE98PSi3aqqHLZ_bOt4_i2-BXpQ8QC2nsP1CMZ9eGnJTWBOH_f8yHiadfk1q6tDw-Be86S28dkSqDRIAzVP2GSS2Z6wbu1tWW2awjXNBdC5IgKd4sEoSMAwMmJbDZYU0Yu6t82hF2-kJtbVdtYjPQnztZwdpomu4PJ7iJ1ZjD5eu-0BWuYKnrTaFsr30wVvHeBZMHGv8VwT01_K0eBo7K3TA3JEjPvQ3dvGK1AM5dRJw==&xkcb=SoAS6_M3jA5L-WzCYp0NbzkdCdPP&camk=ethIe0s0hed5mhSVDYdqwA==&p=1&fvj=0&vjs=3
Global AI/ML Engineer Senior Manager,Boston Consulting Group,"Gurugram, Haryana",https://in.indeed.com/pagead/clk?mo=r&ad=-6NYlbfkN0Ad1FFWZOsBBwBZDGouyCcICeLSd3pQct3wJ1q5dPO7JNFPcbpYQ1XCAHtAAJhKZCa5wQ-kVysmLmvi2puN6okPb6zoumK4VJiwyB-g-cr1OAK7rZeTjhHf7xMFWGJs3pzpq8dK7mkcf3PXh9GDQ5ZMC1UWpt7T6trEFnN4aKNs32EqYQxwIed9BIM8ZjPueIV4urQoleg_V0De8LrqNM7_5_KEqGDCSRk9Gu_hCzuneq8dtSir9JDn4joNFjK-SH0efuFjevqTZTpbcnUnYaB7Zr2uzTw0Ts4jgk_DLi3RwIp5lszMTZHK2WgmL-zTZswIGjFTu_BEkFg2Q65yrbOwLJlUPZWJ1Z-qZJ3Mbb9NoAz07v1_gRK5ELrmo1IgtksFx-ZQcVgCKUe88rVmRlpFAc1lgtPoWODq9K5_YRLvb-JCm3s9UVbaL5fpzahycwE0iASQbnNN6qBSl9F71vzV2nzyhAoifdxV80xb9vTxTV8XAX76uPl7KAqbgJDwFq3Ohq9Yi7TlU75gcFD-Hgkq3ZXWYBYNL8iP_6-SQGMuWRh9HEjU5wnpki0fTjaE_Fae2TQIlt58cdcDvn3EYfwlMmvUgW8iA_g0eIT5PcVvkGFypBng2eyFsZ5JHM4u17mtDkhQmGur8r5euInI-yBux5L_dGhN15tmrfVoLPMlIZgI1IhZT_LB0Wr0ugGipwUjcMYmkM5FcT1KACXg0J8MNK98oDYLN3-ilUN2uV91IwWCQq5B-FgCjKVrquRh0jWKiPEHDJ8LSgd5whIW2XVBxD8OobwiAP_v9nGxGSjz9SvNrea_gbc5PLfdBf7X6Jfwj0k4jkOeLjZeDWjbM4_xM5fdObg6Dt6ihgeUhOj5B2n-zlsXZdjGqWURn8auSIsvx69TlCUm-JEsrFPiRc6CjAOuhtx74qtqGVXp_hR8HROLTKRlw5WlmWOs3aE89uM7lD8ygyn9c1q_egM7mkxjtKoquvMAtAg99sFIimE422nxbJIluRJbCQdTY_Q8duy6pOMSz-EQefdUEdFfpqkjsj-ibM5BLOp287YwwyzO4R8DGZeehPWCWOxOfa125dSkoq_dc-YMN_qLOtvfvV2UaEzqHhe-OAKMNZUExbwJmKIiU2UOrt5QKf5qFp9bQu3A697kVZl7K6gFB2sMQ0lDxxr3gcAIrgVE2RaxjkaKUlQTO-tl8gk9RveYNRVGm3UHtkvLMatA3Xp1an3uOJpbG5NVYaWxQIe77AcRLp2gzQ==&xkcb=SoCm6_M3jA5L-WzCYp0MbzkdCdPP&camk=C3EPSzFlQw_yEGK4nS0jOw==&p=2&fvj=0&vjs=3
Global AI/ML Engineer Senior Manager,Boston Consulting Group,"Gurugram, Haryana",https://in.indeed.com/viewjob?jk=fedcba9876543210
"Lead IT Architect, Data Architect, Platinion",Boston Consulting Group,"Gurugram, Haryana",https://in.indeed.com/pagead/clk?mo=r&ad=-6NYlbfkN0Ad1FFWZOsBBwBZDGouyCcICeLSd3pQct3wJ1q5dPO7JNFPcbpYQ1XCYdTOV-ko2T56QocmuqOZhDw6RzTzeSc8hZR4yXClCJRAVXJTCnEvWeizQxi3LMkSlXLpyUORbqzVqy8M259hsEeHqg3MTzaD0w5_Ackpwz1g2mQwugJ2rnSmbWvc4Lorub4cn1WLG_-sDMHp5Bhn6HXJP9g16nU4G1dXfVZ0sbY-29vTJAfY21EYD9zWwzOk8H7B1LVwGvH9CbgcgWOPu3_5RebKD5dBWjIDY5cUIABKw-hydY1XPLsfuM5ypKafRNn5GIG-M6bC3Pp5iZxhXQSBuMhL-K5QErtRj_YRbjKv70en0KkpL80OfAX_7_d4HbIOzsebcS_ODOyRsBgu6lZC4oDKC27Sg-I-7ZscdHSnQmf3c-MmZVwmFHsCvpu_-nAkRphgA7lml0cSCmvJzh5v7DDAxnWVY8A_2-sVD4DCzgYGtTJHjljcT6aR9iC94FHzTVXGDBCgpLPQS7sy1DlBKISawglBNR_LNocMl4oTqHH-iev5Mp4iCaEleuTGTGj3qch1tLGqX9A0MAaLnwKfwiPzjjUSp4ACJGKjc-AzrKxC3EIvd6sg53ve9UoGGxo2IjIC46gMY7zVtoBKFBWj_zvKewXwPOWH-FG-fzzQ_6SJ6KqyKkkslpdJAqkqxJ_ZWXu4kr-uE6zm5yBOxqixOf7Tmq11xRpJi1q8467JE6M00t1dwL2Nv-HoFC1R-FgN3FrS6-2NmvTiL0Ernma3lgUHqSXp4MP8zgHDOTB_0WRc5ZUSDr2dUXDCZen49omfu5TVE3JEPWYz6IZUi95icbBHx7nMX4_wrekzns6I5QkmnFnAWpZMHu-1sdLC-060C5Is6gkpM_OaZSQHu1GEEB7Bxs6G2Qsr16htUP3-PKOAue8791KjKbjD6D5q-nEQ0tt6OV69oV_EcJ0NXi-tdGSO1dSS76pBmWIKKoV7FbiO0L7BYmgVs-3DWg-wdDisN6SUYcw9fo8jS7Ij-7B6pZghuLUmjv0aH8-bje73ZBA0-YPYBy_lIwCQrZXiObaZkfet9et0BDhPkycQJiCQ8cOH-boZAAt610K1ymrJwwwyvG60w_oTrZ3xd4h6PQ4JSp3RirIOSxcNO01eN1j7CD2EhpVeldN5lf7rkHAyBVSjpKZWVUwPFM0oYiMYtNSBQhEJ13T6fzAnANniKBvSxpGIDjIfAlkJZQLihg9HImfjmME-K-2buYvfC7oTwb99pvFSsiVTtkP2nULyc8gSy12a3KaisM6zO0WotsC7K6jwoD4yJozfdAEc7zBFgB572sWthTm7CC2ZMdOtR-8ZOQEb8j-u9Insxc5-Zb1s-Bf_oV5dpwcTCRwyuIzxERoaqikn77hb5xm2h-P0-kQ-lMt4YSWL&xkcb=SoBP6_M3jA5L-WzCYp0DbzkdCdPP&camk=C3EPSzFlQw-Kxz8aVjN35w==&p=3&fvj=0&vjs=3
Global IT Software Engineer Manager,Boston Consulting Group,"Gurugram, Haryana",https://in.indeed.com/pagead/clk?mo=r&ad=-6NYlbfkN0Ad1FFWZOsBBwBZDGouyCcICeLSd3pQct3wJ1q5dPO7JNFPcbpYQ1XCAHtAAJhKZCZ4-jt7IlAE0ayERTFXQgQUoBtuXtBklWnPXFtrm3YpoAearptRc8UNcCEAU98h3eKLuFphLWSqvxuOZqlX_fdDEibTC6KcvvZhZUCpOa90sCHQVUkYmhrVqTn5mTuWcfjF1e7VcqBXLS-9S9orn55djS91g1cYT5EoAscu0rdh_QDDZfgPpgOVXAwDld1MwlS_-hnWldkTkvWoS7MioqkvVNTek7RSBRbkToQr_GnFTF84ZT5psFYBW9i-l6kbRWd06I9MNHAkmy51cDFlu0geziiAbe2smu2Vrt7Capb6gtT9fD2Yz-HIwzFQUWwqtVSQPC3tH1tabbAJYGoMfQG_Gbnb0J0BWq63jkPgY1y52-mbZlt41B3ZOa4V7gObgzy_ZBQvauqj6lOmKQL2Jc5-fBfUmf-7Uo4u9-vGpZ8-vmT1rSH8ZVULl7aOa-B76y04JMGhU-rFWrcKi6KmOaaOC2kRMAljj1IqZxAJPYk1BUqKwAJJXR7Pm_dfqhI5TgW7lGlDlul2LC6ARY9tEvVGja4_XvByjkt9NwaOYRrif7FjUZOefc3V7W8r6yxTg-xmKF7QK7_ARv0urN4AiwzI_zTDLOOhc2q8MznTPyn_P4YVEgs2PSNRdDwXEeFwa09_oX_otTF7P94jSLWGCb4fHiprYySkzm-J7YabddSwgVdDomwB-ow0Mu18WmfgXO5Zk5sE8asjDFboHPpbBYPJUUfD-Xyom2wbu4KRDkzMoX5CzxGURy8L-i9miUgO2VBc_S-jy6-kb0M1o8bkF6Ys46hQ_b26FGm-mwMEe743SbU_AvjURzK9U4VIML1hOoU1UUaLMk8szTpmvNkXSrYIhIKbnSMp568KIYXjDLzLjbhQtVqDor_3v2tKW8hVOeZyagT1A0N4mCEbeTcIqGlJJQhW9LohEV1HxbvJo06GqFL-QzI_X71n7EtI7Qmu_M37Ri-anPYJGKHqdBtsa0agslSJ5oqyWxvJpkjO5CeqoXrBla_4A7Pd-13uaw5h5bsdWXR-a902KjgHDkwFNb8ohsEn53JjhMTzO1kbCmV9gRvw8AdEP7vAX3mTuJPRZSmOmi7aYMxXbLk_zICEXEniynVb0LCrXqTifbf_FBIyeOLAWWADJmuYYlyl-VBmBa_Y3_FLv5AkAmW5pjimgafcuZ_nXKbEqMCtUrBmgCkijg==&xkcb=SoD76_M3jA5L-WzCYp0CbzkdCdPP&camk=C3EPSzFlQw_yEGK4nS0jOw==&p=4&fvj=0&vjs=3
Global IT Platform Engineer Manager,Boston Consulting Group,"Gurugram, Haryana",https://in.indeed.com/pagead/clk?mo=r&ad=-6NYlbfkN0Ad1FFWZOsBBwBZDGouyCcICeLSd3pQct3wJ1q5dPO7JNFPcbpYQ1XCAHtAAJhKZCbjVQaoFNleouvYfwsNOxFg5i3qKRWIDZirHmzh38g8eyq95-UljZ8HGqcimsGrJaPJ2pflJakyEQwpUrS3wmQN9wAY1b5ekOzGxTj7FoITv7Sm1UtLC4wYWnXMbsbYD2bm-yxWHG3Lm1mfIqCFXOar6nw9hqdu8GPDyqvOClAdWmI4uqG7p3APNCQH4sXPPmNIMEP8bMA1sJJd_ZJNK4GXuCSEWXwNh1ZL4Xttz9ElVzthzTsrN0ls6krWpAxiYCfVNhmioBMXG8a7z1nWbUGbGtiYEc0cTwwngLrnMyvlWwV7CNxPDSFY5v1yzHukEDWI2YDDL-31nPU4hR4pJyGrczwhZqGkEirX35A2rxSbscEvhwL4xDu1HP2gMkMryWHwaIOAnwqgl7LkeYJ7OFisdH9NsltjhOBc0kHg_8hLnoe8idcIhfzzeDmMi3lkPv1Lwi_9gVe2gCQwibnY9Pchg-ITOVzgI17XRT4XcaoqFLUaApeZuIKaR2Zy-TlYRkMmtlRIPQf3M5iedhfwTZ3-__St0pHZo34HiZY2MDRetR62uA5UVLWX39i8S69lcAiAK7PxEg26k98Ghv938au414IAHqOcMwuMhVw043q66CsSBzjSmNjq2zon9oT4wxi6QdJ_aJP5sCn4c75oSO4HPSNdGvuEjfcfh2f50BeZMuUOvG0V7cvuf87HKmM1fFg5VIj4gRlNtlvs06-1e8cApStheK8k-3IjieEbfo8u0UN2y6UP6eeM3aZhDo3qkgy_RFlM2iIs9AbVLYRmS7art5hWSiwIs-y93G58arU8w0PNRkjk6BEX_e-49I3O-6OrhKyPBL5CIGjUk-tNVheVH8XNBUKsYU90HB1SrfgNtEiu9v1WA0NTRk1yOJb5WFDTMJNNU7TraXO02cR6M28_Uo6OnZndj1qhlmYgHEpfFCo3Liuo-whamHF8gohIxEVXstfpLt5E8yDGuKuiTwCFcmFNnq9m-FZPwig8YZZcZ7ivaXFwyEaGL_jQqCWAnmfc6UXOdGCtZTyUdEE-XtYjY6B2QlYZL48UErTXoJyiki4RKnOzFHraiiNabnOGKqLCy8EUVinS8iNoXWvrVbFwtyz6tD9DSzeiEKsY0ETlA9F0ZGjEynsSv2lV78Lq-kP73I3paoP1Fdt-3nBZfGk2NT8VnNRWTOfXqIGAS36aGC6d3zjhPHKGKIJe6Wee8IOHYBrIpRg-kQ==&xkcb=SoBm6_M3jA5L-WzCYp0BbzkdCdPP&camk=C3EPSzFlQw_yEGK4nS0jOw==&p=5&fvj=0&vjs=3
Senior Analyst - BCG Vantage,Boston Consulting Group,"Gurugram, Haryana",https://in.indeed.com/pagead/clk?mo=r&ad=-6NYlbfkN0Ad1FFWZOsBBwBZDGouyCcICeLSd3pQct3wJ1q5dPO7JNFPcbpYQ1XCAHtAAJhKZCbjDpTKd-j5g-wPpAJGP47O8kr-4ftZSbaDVYJb_sJxNb6W96eI5Ewog2iIzhtSkdWsXr1heL1vvT-x80UbsORjcSQayDypoHU9Fr8Ikk5R-tUwndqVsqtbgO20OEBn7KOaFzOYUkIzSxm_roZ_NW95Og39iwd2xYHPIXgWciPOYi4zxPyMheOTN0e8kwclNrth98gXYRUkEB9uYDLnabB0c4IbNryC-7kelTOHq7rhdK4PvFn4EnKh7kAdokC-Ft9AtvcRIY4Kpu5cVC85T-kr2nDszVtRZq0cT_7rEpP3rYxsz6cnuKrnFY83o3peRzcSC5hWiOGbB5Yqno3wA0Lv-N-ROZ6WhPheA3Z87Fb_R49hlcSLPDWr_EjCqjSVn_ozi0jvqqkNcKhsSAqGzx_B8o4evvaPicipXvZxe57CiYhlMTbjo2gah2c9sBvRTXptVa1uOybeqxINygLasCFsN6aJuc8AMXL1n5cBGme8Qr25Jz4RjpHa14CZDI0L-bQb9_xy9c7g53AiltPR_oG8Sb57c72KZYyrY07JbKCVrBTyPKyFoskw_363-GasMYIE3CgprMbydXbgTw66_JQAeN01_FbIz7g4y8tqe4N6W60xAxcPoXv-I9xIIZzYmSyUq3K5G7fnw7_2152GRuo-pf8ZtvxKIuAYKRmCu-hJPE4vC1AkvMD87urqfCyyXvbpqYTzepwBpUbnUNJ9x9zTJM8DmwquD_LR-q770bSVh9nDlHFj58xtACHkSwkJkVNNI_GwEV-Isdo5Z64Ohjl4sxrJDJJLhEDRdqbBDF1On7cpzed02LI8ILH6S7lnaZRDOjlNJ01bJtuX7-ipnUTr7hBOlAp0Gt4mGVqT4Ow6ggPA_vvxz2-Fy4QEzR1jqI2V_YbX-Hsp5g47TH92gGXRdDYu33uYvYLHw2Me_sdsCjR5cgDceEZlFbMPnmVE2kbly_buWLQs0GaM_ChGo-4vDB-G6jMfLXWKnBQBQx_BI62ptfA-5l2pHPBL9rD6LuhMM1wJDX9HCu4MRJUmOm-W7CyFbYGbO3huPZ_6nWBDLPLQc2kAdj483oJ8VIvfbhVJd3lamBuyM_bo069JrsT7Ct72AlZZeL6nqzWzP1CXHsdweiQ90mxBNhmUL1ntDRzqH5Gu4l6DSFBx5pSRnbcn6oW_7058Dfg=&xkcb=SoDS6_M3jA5L-WzCYp0AbzkdCdPP&camk=C3EPSzFlQw_yEGK4nS0jOw==&p=6&fvj=0&vjs=3
Analyst - Customer Technical Training,Zelis,"Hybrid work in Hyderabad, Telangana",https://in.indeed.com/pagead/clk?mo=r&ad=-6NYlbfkN0CMjQd6K-mJQmnXP0NIaacqgU_ZnGMdJ3ZujbgiYs9cqb3DtnC5QIo5ZlnIk30BCeE3csHOwfCbF3hVdPDErDjXlZbX43V3xI6zSnvE0oRxBS94m-tzXdfrFdXtl0OiCBHln3D15i-N5FvI6EGLhNJEilEneK8ED7eb1KSRv3kp1UNDm0O87FVonwNG76m7o7hMUXl7fY8gdJid4Dy3z_KRQUbQBR27CjCHyoHqKRYnMlwBU_WSoEs7xHvfGBqMv4XHgoFDMm64D6FHZHios7HXIcqh5PCY8zpqlhOOz_UVonkcHuI3IJT_wCP1PFCBR-m-k5u0x-bagGk2gZ7YNeSx9k4GIEUFDw-MgdXitIHdqJ7uNqntOZahqu5vAZZatOE_HSdDLaGjpfRyz4-byi-Ic99Sz8sMaHBYRvMGQ1vOiRpUT9gIWu7zKzlIn3yw3AEzNUCQM3FgCPNGhm6QCjUTOnp0a4URy6wyQownTrsAR80vSxnOxpBmxALCT1rsJEYk8IQhjOjk2pw7NPVILc4MZAByh4Z044l_FBaeboyytjEgPdMs-CaXy4NkBJMu7_u325k_HadiU6cd1UJkNMqaBFvbyTZ46FIW_h9WstEv29Pd4WKB9AWk&xkcb=SoBc6_M3jA5L-WzCYp0HbzkdCdPP&camk=ethIe0s0hedhjE26FdisKA==&p=7&fvj=0&vjs=3
EDM Lead Product Owner – Material Master,Kimberly-Clark,"Bengaluru, Karnataka",https://in.indeed.com/pagead/clk?mo=r&ad=-6NYlbfkN0Dig86G4ktrN90rJm4FEtHzKKttloEdrrFpX9HG6zKuQJcrKlbG4JtboexZo-b_V6wulN2OPqCO-VcljWoKFTBWPUPhW_2s46wG9NBIH_UIFOYunMjKVipH9Lg142v7BaGSf7pKd-LSCRghmg9X1Lr-hukj1AcPhK8utvmWSNZuTMvfI5erRxrUygl_EKmLjVgy3kT4wGSEeSYjdPeLxTHcEYq3MBOlrll4XRXHo61cRJK4OomBGuzKqNmtQSYWzjOPfaLtSJMVXZHRe8W5ftwT5179OPvu-k5hzIF92H6fHdz2jgCDZxymAcnSJ7GP77vLWbpS3nM_M5NG4bZHkP7eRYMJfgB9I9HLBZe3iD5-YU9ZroniaU4QXE0qDOzmHY2OVtZkRi8AbIGbosRvQyCLVmNh6TEes_rPLT0R-1bUDjHoMDmT0PSM5eboNfWiepk01XcFy2ps4kVyXw_6onHzKzy7zSglj3GHfUt6L6qEEcy-AZXOKh2FPEv_MqExwzrVwl6YgGcTTFBPhNWwBzwgAb5e5OO_2AZ7W3saGMbDZvdtOuXLy_8aA4K7fyM-5OZSITwhpdboAe3bZnobjsmExwPgpROS0XBHi5Ab5uawP3UMgEG4Z5JDRstYAnpzLhc_OVgJEKuMOWRh4RXvcM9t5IqlcbrttoHK3l_4-6MO8btsnRximaEDvi0R1m4iYbr6BQMCBPY5E-7E_N_3iZqGCiLDSre6jnoIf03x4R4ZvS1ZxD7gLY1laTJU2KNaA6fPIL_9wkN27gxM60FAjnjOy7_X4ESyi33iF7RPeIcVRUlw17bsVlVXqK987sxtpHP78uQfM6c98ts7NyYmHJCEZVCAVqCejgyNKeK4A-xHxWf1LYVcZ47XukKe_K8Gxxv5g6RGLDmOFS540LQY-knvLuugzzM2BZQ7_nvYFtv5b7KHZoWmqBWHVXPofahoXaRpAwgHZFaggxDYCROnEobWNojmt7enrvs5xZAjkz9BqcZz_5_kNNMz9EqdNltV1ilKDBqJKWK6mXgOSRDL-FSGP1iwESq8p2B9I_p0Q4GfRfOPXHJiYLmQ1YzAedU2SHfO_WatHNRYtGuv3NP4PwrAg15CglVOWY2ooakoRaHA9DjGZ7I3095YyGL8L3Sqm2EGLDBOzoNdu1o0NeE_qBT_7XzMpBiIKW2cxEYOT3kEU-Z3l3nCLNuaQ6FOTF0XuJqPRrF4Psp-N5eF3TxxlTjRJhFK91wpI0rQDUqtmdZeB_QPCC1Jo1IEAsWKxwpbYY_Fnb6e8E1Og40PTpZbIYdaBHaum9Ik-m-sKu0GkPZfCqYRGt1mOmVAA4PJyI-MvUeH3oAh4gIY7DaCJHknP8xn08YO93xNAdYmFm6BLjyf9lbC0ay85wREFQXSPIMKOlE2C_7UrxC_aw==&xkcb=SoDo6_M3jA5L-WzCYp0GbzkdCdPP&camk=C3EPSzFlQw8AM91mMMnDyw==&p=8&fvj=0&vjs=3
"Senior IT Architect, Data Architect, Platinion",Boston Consulting Group,"Gurugram, Haryana",https://in.indeed.com/pagead/clk?mo=r&ad=-6NYlbfkN0Ad1FFWZOsBBwBZDGouyCcICeLSd3pQct3wJ1q5dPO7JNFPcbpYQ1XCYdTOV-ko2T56QocmuqOZhHkai0tRReTLsSjTdrXWOppBsqROpRagcl6X-Y_JEDH2GPXrHG2kehAundBRJwRLQI749ilIjIsDiH1jKqdzdAo8WiZUfGGDYbE3XADajMDbG0PGNxWF7CH0onL27nhlCqNH_K_3z9y2qQJruehHSLtwOEzTIld4kGqFwmebKEKBTTG0t9yPO2msHzwxc404DqDVGFv30zBc94IBlvl3qCAjZszhRdCS4UTFCh6e_Qo-LK999rsgTJNlEGrJyBZlmIfqGAzUEsUygwrOSdnGu012RZCMcGiEpztanOlemQLaMiQ254V7k3ns7TeDUyC-JfljECr1f4NWnohbmnTnn7YZ9DpWMdxQDmdknTkP2OmOG_4bt5FxmQIirPpo9u8B4X9kVAvLE63QljatvnfwZo0MZ2ysvJlCS-AX3CyBItRQkGH5kXGOswabNt6TOJ3SaYaQoAJekfdKxqoGqfXOXcfMqFhFu4XJN1jXHYJmDnvhfHLK8CbxizLL4UD-wxJ2yYReHBDNwUV4eWnUpubdtYRVfUEmZWU1o48KzSlfCsX16ZJbXhpog2KDq1pAmNs0-Q-coeiaAROz0kcfKG0OB_AvG16bpSTJ5G7_-_sBE6EGmsEc1RnCSwDK_PidEzdArwmhiDJjHaiZE9wFLwfxCPDlRFEjpFzaygjXrCF3yeH9Gf2GEOTfEsj9XJv0quy04lJmkXUllhMVFHx4ok_7cuAaoPxNRIEkXF283Cdc8TXwSJ0_8BMIFh6l6COJRULyQlDAOaJccmMOUeql3_GiuHYL_GGQYcPAAqzvIDNAuF9FjyuvKDOT29eYUIAekO86gDUNnro3_InEBT_QYcYAfLI3JAQVIzJxtXPOpSS89ps_n2moyN-jHWnbxxusGMOoN5tyJwjILWet2lrY6B7kPOLhePl1U-59daK0Jhp8mTXfZohnjJg-eqapGoYFw3IN8mDTP0x5-hymkUkmHIsdcChBHnt8ifj8edfw-mpxBKFLRRtKAsMj7Z6-5ruDABB2fk61At8oKUPwpUa0n5hkZztZlDm9Lac8MbUmXrZLSjjgRz15QNk13AN1mJstyYNgRnMbYiua1UmvyV_XScAZPEYOUtP6qpnOTRhGytn42VSdF3TvuGR8oKiv3ygZKzzAvJctquC1a2uvPt9NRHB4fuK7TE0JuvvB_37sUT29rrm8faZ79JEsnxJIM362oxG-u2mn6ye7YGt2Rt2oMgbzYP52cQq_yEafLHIHaxVHN1x9S3gQMrUYd12L156ZGRjTHmJrp2LcQVQEuAqkkWVr1rdyLIo4LX-i8_9LzT6t36vY0UlT6afTN61RNun410BSzJXKpOgtPx5r&xkcb=SoB16_M3jA5L-WzCYp0FbzkdCdPP&camk=C3EPSzFlQw-Kxz8aVjN35w==&p=9&fvj=0&vjs=3
Full Stack Developer,American Express Global Business Travel,"Bengaluru, Karnataka",https://in.indeed.com/pagead/clk?mo=r&ad=-6NYlbfkN0Bt1HG2_G4s9DfM95wihm34QSkUWW_Jom_NyBF_b40qYYosSLhUqZg07ruTJtCnvbGg9XhUrUNm9ZWow0y1KF9z5wlsP3n9KNPrnA_6GpPIVgYCIyrbKATP7SQIvH35xZP0M1DjkDyFD89MvFgNYlo4YRSWF2wQVwYdIb5-9Sz2yJ24AZ6MfkIunaVPlpOvp7wqprxcmk0uPNQsvLWsD2i-G5zqbelsr1UO9iF6xQPoP5WLwyMtehKVLUgZuw2nEikKa0fOrMBNcNoZTpCalWrGcKAt5M1BrHZjeO5TVTKlqspTm2AiRXAcuUQz7bX9HSbilH1xzRwDCYkzKkxazUhdd-N54D3iEVzmmwd9zdqM0cdXB-wyBZmgXb2Hf0qHlo4tV37N4aOsgcEaob1rLkf732XnSOAnvV_Tr2EySnNvyNlFTxbjYOj3j-yh3LN_DHNu1Y5M_l_BK3wHuBqg_yP_nQ2sW0V9vPAuaqKRIGzsOGFdQ-OJnlqGIINfJXiO3fE1XWEmvFSUpL75CJ1VlJXUMNA1NF8XJijsWwq3DISZ5YHcKM6KLaVw8nnJrIbnJlocpycFv9UAHFqKx0PP7wTeNiHbVD9ZLeh2-ivjusri8OGprjnrvVVk4B3NdHyH98L2HUrJubjsmAqp60aLEBJgzfd2w12RLMbC8EHq-wEQ7UV_r2UoXnczcpRGFtqn69Bkl0jNFmaoymQJhX_-6ilT4I8O3iGgzhAhaVndEcolcCuds2m0IHNkHs6TDSepy6QaplQ8ZtDwyIFy8kgk1506zaT94wsfYGi9RYVdVEu7eWBd1VMb9ZIlfdppPbEa8QOk9GmJHmINDpOjLlRDMIPDe97wrokoZCRUty7-tZtOOFR1BN3vrNasEHAM9cGXu7Cv4wTM9hqcSlTF2WZlFnv9vYVvXq26yp1HRD34XhlTiULxrdG89tiXVw5ZuHAcjQ7TYwvaF0ePrVZmDTeD3P7NxhPeJ66wHjjnnB1azeq8mMVjFNyVROv6ba242vOB6USqlEeENgVyghd7aF4JoVkg4sLYufYU8gbNSf5lGA54i3IrMbD495NEVqzopfPllWjVMdBdSHfPlqAA01aWE1U3ZBCY1YzAnSnKGRyje5RWGHkPSheuhAVCZrkom-aujRLdY8bkLt43Rnf844A_VEBF3zBhQ0htcpB7dqf49QcQm79htiPVJHPU8vSOkamekSujuce4E53EAxwmpipx_4VSu2e6Vz6Lplopcwko6FOUoQ==&xkcb=SoDB6_M3jA5L-WzCYp0EbzkdCdPP&camk=C3EPSzFlQw-8ZRdaCj34IQ==&p=10&fvj=0&vjs=3
BCG X APAC Talent Manager – X Delivery,Boston Consulting Group,"Gurugram, Haryana",https://in.indeed.com/pagead/clk?mo=r&ad=-6NYlbfkN0Ad1FFWZOsBBwBZDGouyCcICeLSd3pQct3wJ1q5dPO7JNFPcbpYQ1XC5RAnUtXyeXHEe0-exZdPYTC5Icl6HGtHR5lID0pzGR1VnUoTxnYkMyiv1_ckGVDlW3Oa3gODE9O_sa6xTLTNyCEMDJ6iHLHOAZkbYFMiQ_iISu76PAdmVNwTBrjLbJMC0KML1bOOUVUDZmRcVTMzyZirpUfKKANgdfHH3ncgC4BhgwjgSBOL7qSF3X9LtrsTeBWtrcqeiFiWJFEFjg5d55_nDsbS5r_FVvX2W22ASETgkOJLqXgaN7IcSBztndrDmCdC-GHpKNmwFmRsR925iZDGwbblrdaPDIfoICZPa-OEnAehPEdcs64RG4zOquw2U5VMnZN5NwJUx2IqT7xldOnn4gf9104X_4NgZzje37BhhOL8evOZcsLAnJjF0AW3v-sDQpBzDUrsSlPoaGnZBHlMtemWG3RO2BfX9gqWKQnezfueIRzz1KlF71fL4gJGUBDuFJx9Pb02SrxCWZTd2ddp61Uo0wtiPi9mBOHdKUfBFg0Ls1MxX4nJJVTb0IcfLfNV17E5bj0BFv4K1xWF88Q_n-iTtMtwsLSmUzccAa_LTxOWkRCYuP8-3rX8KDAO38wvN8vp-9VD6cToXUvBrGjP3EMNMdiIuyX6TP-iOVT6_ZGcDRzq2DGShTfTj3HQw1o_e6GLrqPPxpGFuiFUs92J937TSs6KsrWVKX288sSrJM5dlpebzNzYLqRw8K5H0osE_Q8hV_ZR4ptK7zyXJfo2WQ5Efzw70JwkWXz4VKWyecGH75SzCjTapRKpwinRrvaCfNryrDLtRHJpdfkUCeNOjY0ISCnYKaOcusJcaV2ZAs27ExhswOFgUlDb2RVtZl5c4BhyxznB5Ey3XB4Ymb8kqS4XGQ--PnsFmG9l52qc3YjS9Cu44X-38A8Sm4bg6MPFYrHO0Lfimzz-Nqmq0Ntc_CXexQ9FZKQnTIUttpyMPj9O-M2FeMg79XNQsgisFMaoVlFaGIOq-2vPjJyTIDC6P-6E80MYtZTw9O19_vPJa7qAcBrsk5LwWCqYLMDHSFNOfstxSw9BeMUfZvr6gbXbegO_WKdISwodWS_qIXySfDFq3KkEIOgJAQLi-4BPolXWkVDodcY8AW6mAnF3KocwCmef4C7v4WkNxVUkzo63DMPEj93CaQAQiqAXf2imZa569_HU7yvDs09J6ouu97BIVAdm1F2b5s5Sm4jZNHrr8jFIc6gblMcqXm_tZrdd-cd1jjQx7jJzxPLxDqwA-85mFmJ7uQuGL_BhWIXUCS_cLWQ6400h2JDpBDFdfW86nOiHMDcpB403x--ttPm0nN_B9Kht-EGfpc2v34mhnoG0uqwRAxaNmKgQF3sK-50XW-MySnd1P68v_6j3TiQOlyS3o75QOW-Zr-YE1ZSzZIA=&xkcb=SoDm6_M3jA5L-WzCYp0bbzkdCdPP&camk=C3EPSzFlQw8VN_uriDqgwg==&p=11&fvj=0&vjs=3
Lead Business Analyst and Visualization Expert,Kenvue,"Bengaluru, Karnataka",https://in.indeed.com/pagead/clk?mo=r&ad=-6NYlbfkN0AnH6HNl3qg0QQoMtxRKZBdeOxG4LsryWJUV6u4ORaRKqUckZGVeOJzLn0Eg6o8XYJ6BdviKM9C9e7SlQ-mgzsiIybJXGKMvDaR5C64x-riML2f29JsHgdeE5mkXinXDSMfxVsBD2E9NweRvBqJ21og6ggY-dyMeVmcslN_N-D05H4FEhpa8V1Yw9HIbToykhpz6s7pKX9iPFTF8raNCQLW6F60GEyXm38W5YRAtYL89ppBJ7kUTHUGecaOBIisNlL4wBPkM2CtT9f5S3o016uLALyimVtC_Qdfhq-gBwHZmRJt3t2AP4yGS-Pjdcf2WiK1bi_c2WhszI9HBLcgj_9oKELlVUrH2EeS76XUkmfOuPcl3cOPpJujXrEPAshtvRn3gkS9zQrrudo73kdzxAvTzug7s0UtjY8QdOGOGcyl0ETkDDvjYc6qj7M0voY2xWT31OVnFVcD_vXZlNbkQ5mt_VoP7el-IAQ31CnOWCS1S4TVZ4_CB447_cMVytMA_Uv_JnD7-DTcI8fyRpnpiG_FWxvCO9ePrAoLs6RNed1krGnB-omOIveS1pfp1FHHj2BmE1f568m8Ail7LAIKWIktLDnykIJfV1cJUScTu3t-LDCnsnMvdifw2fz5fN7sqN0sF53LMkfj8xQQ9H2NHm8VwNWIZ54ihFeFDzRlS7U6tTdt32M_3iUpZotpN4gqOzn_N6at8h3qnUKg4fjzT1niT9oOxc5tMGTbtqj4kp6WZvb1CjBRSm9opf6PHyH1CVE6CzLDq94TalXLU--y0eIsPlQmcGP0XEjIo1FA2XfxwEXx8MQIqG-ZkEjkQqhPZGxbBvXZbBFtYS7GIBUzHK532c0rEvFJPOI=&xkcb=SoBS6_M3jA5L-WzCYp0abzkdCdPP&camk=C3EPSzFlQw-Qts97afg0Vw==&p=12&fvj=0&vjs=3
"Senior Solution Analyst, Responsible AI – X Delivery",Boston Consulting Group,"Bengaluru, Karnataka",https://in.indeed.com/pagead/clk?mo=r&ad=-6NYlbfkN0Ad1FFWZOsBBwBZDGouyCcICeLSd3pQct3wJ1q5dPO7JNFPcbpYQ1XCYdTOV-ko2T482Tzza56cdYd2bq6t0b7o6lLDqO2EnTOWaVc_9Ps34LOf4yytLQhN9DZ2PDMvrqH5QhRK9ojIH_Ld8yWjVKmkObLePVXglgCmVTwgNwqDLOAl_Q4ondC56wzHnaamrpzGPCY2hnMljBEu5-fkD-rwt_lti8WHG2jHH-1ambkeRCK8AlMhHPxv5jLASkPfcT-OJ6TMYJg-WFQbwLJAbRhA0zLe4InkqzN04ZTJDP7YGr91e2vxp8cfJTFCXcXUCSTnh4ca4hzvhu_44WhzLn8CoZInVoSawW--K6zl5yPrKpgdQtgBZ-j1FqxbLE-Hog7D828jepJwIF39SlB6YTvc6WblqrZDA5B0cL8PPq7iC_zxjQLyFk0fgu1oQhTelMZJ-0AHjrHjAAnN8EPP8zDA1dvOA1RcRQDowY4Nbz5I84nvz08yXrwdKuFvH2yFT0RKopfvTn3bEUAW_K7sggOl3nv_Te_tRgxH0fWqY-xUU1PxFPGCKPK3g4xdQykPJyabGY1tC8nSOrAiOzf6vkbbvytW2hjOfckQK48V9T8eqOIuaZNlGeri2spjN8BKikLXf7XHWKZzRjLL8QA3YCotKiI51q1mPZp-ycWiyoocIzF8dP5YFsNWxTXekyBJUCN7L_2t0_Id710dfLhe_-20I2obLkLihpaMyU4TowVEEWNNWn_EHVNMwPdB1HuYXTr8CrZjCuEX3b_G-kWe1wtBCwptq2gCr2H3UpKR_AafVbt1p7g-f4H7wi2a355byUNsgG8EQt5t9XscONwfYZBSR6be1tgLkSJ062msc4Vp8cSVgzE1ZF5riuwrY-cRtCdozTFcTGZhef61YxGYtbskqKvHkPi-MMXW0_qbK_MlbFoO8VofGS5dj2IFrbj6vkPKBunlfvblfpHeb4Z_kn2zR7Iymxbno8YopNpyt25hVF42_GpqRR6Zogf7j0FKdl3Qot1v3Y9YRIq3Cge9BH_QM9UWTsbX1Yg_vHuWWq6Ev52kAqLcDpJu8lbEkJP512A4SC70kc_qORiIxR2Zho5VRsl8k9OFWtJLwuIoauqzsC6i45l0hmkqEn1XaEYQ0f4SgKVK_s1ZzGLtu5TG8KtOC8NhXgWfUAg530OOFdcCeBsGDWwcK6zYGG_GLbD4tzQVY_12M1ErPExjXnT4hi_2khYI7yhEEmku_ga59l7MArEGUOEvNF4mRhed-xm_7W__EYF_UfA1xT6PKEzLmcVzmdxieN-7JrnuS8bEmJpYj6XavON7fDMhWoEvWO3mNnWtka0rn6MhhGAjFGkF34ZpcFvIl1dvKod0He18UGkg4kAuKU22QRPb1OiXdLBa7znY-N2GeT-JK-WXHS-r2eNgKPWGMKprrcVfrTqWQW2yZbQERiMFTLIz&xkcb=SoDP6_M3jA5L-WzCYp0ZbzkdCdPP&camk=C3EPSzFlQw-Kxz8aVjN35w==&p=13&fvj=0&vjs=3
FTA and HS Code Analyst,Kenvue,"Hybrid work in Bengaluru, Karnataka",https://in.indeed.com/pagead/clk?mo=r&ad=-6NYlbfkN0AnH6HNl3qg0QQoMtxRKZBdeOxG4LsryWJUV6u4ORaRKqUckZGVeOJzLn0Eg6o8XYI0hVg-_8OxkVVeyCqnqBmZFYMFCx_ea6DyOOUstFfOVQePWxxNlFDtcvlHom4vliM1n1RYRBLwVTEHGa6oJdRkGR67wF04eWTpSHyNHMs25CykUB2nWX5_Mdg9p0BLAGJFbSYKaL1IzcewPEVKCC5vlpvCA-W3wvgQonCtljSNz7RK2tPmYEoQ2gfGfEX2tZnq-rcgviQl2vwRkEJP7rS73N6d3tcIOA12ayj_v_5k-YXwD71bOP66zbHjnd2CruYh76Gix5VarK9B-Wn5d6g1uFNLSOjVNYIhHgRMv7gDPlH6l_OU0l2RBVIbVSCJam6TgukZVVNKgbXI7YgckIAaSF1LqYKsfWno_RI5_ITuom3SAsuQBkSt2rrfiXaScwff6BnI0adoYzfnMPLk0yieA84u__T-0q7EMM_jWKO-deJooRkaOqQPgnYNOFM2t2Slo320avpyxh8QtaFDIPf__lSW0P2rHS9wZMFuwsU9yhPpoZtjnTz0H68Fl_KhQZhuA_McNkisOp5m6WiI4CEllSnQQV1twtx6i6AsTsuh9CSJkfmuW0Hh_evVgXzbn0CNlKnvaAwY0GnVwj_wtzlY7AKbhKFbsi3vvGBVjxNqXXN-WV8o6eJ0fwPNkiMOVaR8-5UK9keBTn4iy_f51zS2sSpmbqI0tqYDwQcRI--4u1rlVsdSMaUkzMr5fnT9PphZcXkky-pCU9BviX_s9fOtKifN9XN8FXsSl-z1rMo_kaMh_cSyWUUvsLP0Ll47JxNXzXf-LG-Oa-qvu3DIwQfmz2D3ebubWbS6RkgvPFZgig==&xkcb=SoB76_M3jA5L-WzCYp0YbzkdCdPP&camk=C3EPSzFlQw-Qts97afg0Vw==&p=14&fvj=0&vjs=3
Senior Software Engineer I,Optum,"Bengaluru, Karnataka",https://in.indeed.com/pagead/clk?mo=r&ad=-6NYlbfkN0BWpgndjYL01xMr26yTqLCDFb3b3BUdaEwmMV3w6lpNxfdb7iEvGm0gmfmM0o9B9H8sAQHaSDZOWovcsiG5sIywRZppAAqkGCwUg0eH1T7NrnhLfmtvaeouVEJU89uswO6OxpIN24-k-B0Z1WUGJswuiH-l23tR5pCLRHVtHonispsougcpDeZOOXflhftpD58WiwqECN8o5jjBQ305FNkbPK-a_3k6uoUNy45ZQPIUKneab2Krskg9-q-4m_ghnKSIv17OcRmcukEjhjHl4fDIG_Hw_TxLWsTaYZPzj1ap7TOtKLtwnC5QkJy6FKMOlD0x3kyO2hSnKA1ugqbEY92eB28oJ4xe9UTECe1F44XsiMZVRm10NjGaIeaaMKqvXl2Mtg9-Id6pEbCVHVOY6ptSFtLZgjsLzQ9QA5JVsAtR_WaKJ2CC4rYfixhBNCBwZTbrjOa5wSIvTfh6WaACIFlisg58Pst6HtEye__f0WlOpKulhFdUm1__PBGQJRsxAiWSr1aVXN3WMjj46No0A6bdco2nWus6YLdoSu8NrJFlWW0OM-Y1BBLk0fo9mkuwD5LTw0IkFB-LLZX-rHRlCTW2WIyaVVauUG6Qla3Eu9zPTCLav2oKSUTVF8hxLf5rT3wt9HSaAOwc5oSl-g8cOBZsX12fNpNx3tOz6fDSbHmJKY-bO3O2omg0P3aqQI8SSjOpTNNuJYACfCG8eGJz_b-2Q6VwiRTQo_80FzbQRt7AbIXIGhTFWkYTbLgkJ9t46Tgz3JmT3AsWvH8xc7nFLJ8fYjgFOD0fxIVZFfE9eGW9G20Ub2CnAxaf&xkcb=SoAq6_M3jA5I10TF0B0LbzkdCdPP&camk=ethIe0s0hed5mhSVDYdqwA==&p=0&fvj=0&vjs=3
Senior AI or ML Engineer,Optum,"Hyderabad, Telangana",https://in.indeed.com/pagead/clk?mo=r&ad=-6NYlbfkN0BWpgndjYL01xMr26yTqLCDFb3b3BUdaEwmMV3w6lpNxfdb7iEvGm0gmfmM0o9B9H_fQy3IAV1ut-KWvCOqzUIE49DZMJHgWFCT11aLVqflo6QfxogYg-A0foR5gvDl3V7tAMl7dWGAyqshfFfyBXdLOgFzPks5AE7G8h52oN3j_fVHXPY5VuJ4E8Zql3j18MMiLBWgb9N1EfSuQa6exgVgCMGF62Q-D43spo6Bzm45qM3XulfqX1802xYlTWeU3Zlgi9wAZmOpftsp7WWAhoMUPM94jSDK8ItdxktyBFqyDllKmtupU8SLMK4nIWH2aNLpUVrjy8E8p-fBuipdREBpzOaJCI-9PV9t2k3ROev608O6kE8Skg_-Xu10zZAedSyTTdgnDv2h9xygD4DnIhzfvEw8yJhdrKglQAKUozW-_clSla3CxCVJD9g80fjjKWiM9RRZw9jEvoLAmz23uD8z-SMe3SX-bN-36BNwE6Dx2_SgQb9WC9t5kPvlf6Sg8d-Nxo0NF4bYr9zGRA0PMcvWnF1_8z0wc_bsemgkWBuf288ym-npOj7UW_3MfdL0NFs5u5qSM8_hGb0YAWH-gEBFuKaesgc34sTJneJSjxFGusE5ypuJDt2LFqicixHjlUp_xFu59tLvZp7_HlGJTNnAA0G6ECbXBqlgWtmHOtqLaNmP5sfiP_3piG1vvpYQe1-SsG769e3Qw1pveqr6IXnUjG_yt-QQ9dbtMCZUDthlelQ4S6fDhKXXoeTdpm7yeDzEjjYGuKQJi68KsOwiFkgrPSFtoyxwcpDuaryBXDz3lWpQB-3ZBrjy&xkcb=SoCe6_M3jA5I10TF0B0KbzkdCdPP&camk=ethIe0s0hed5mhSVDYdqwA==&p=1&fvj=0&vjs=3
DevOps Engineer,Optum,"Bengaluru, Karnataka",https://in.indeed.com/pagead/clk?mo=r&ad=-6NYlbfkN0BWpgndjYL01xMr26yTqLCDFb3b3BUdaEwmMV3w6lpNxfdb7iEvGm0gmfmM0o9B9H8ef7sUiZbIz7B_N3N7mrEBm07-cHf8-wSJp34I6b2g81SuydIsk5U1XtBVqiXQuk6cVy7ZBBFljgRRv72JM-qgTuOMirKikD2x8VkFCG5-TafgUODLkYq3jGnMZoTWZs8Mvpoj7luRkaK2EfislqFkhUzyUCSJSURsBYK82ANATAKRDhp8zWv_ee66BvThjnShRGPA4K-8keEcGrvXTLqyTMJY6UVfx4o_TSzrqQ5T59WDZpTqDNoJxAnPI2e0IbKCdszYZKh7rTFrqEWPvwBV1MkZAFW4aWeQ-rHQEKFLp8oXUuflrtRh4Iy91FRPfO1iN1lAXRkXC9zaLLEYZNLmov1trCSLDbntKH-S5Ptq0kHCXL9TpPsBGpEr0DSZacHJakUTbTSmtNpQuINLTASamGpZ05EoILWCe_PU53zS7i-Ms6zXS8-faYJaurZJl_zdRwicpUqUKLKHa5BcW9D6j1bMi6SBonYeBcxOd-n6VroPavVl0hYhwGSACFzuxXk0PpZZ5F_0aC8pgCmiWTZT9dqeNMEMNLNfInKOyvBb9ACW2jhjdGbzxgSfFLpzC9JoHGJ1Xpkn80zdXd-YIk1Y79E5kiqPESn6s8Nyb5eHeccHTjeijzDsweynk6FIWEjrhCvKUiAgf18A-a8reRz8dZPhLQxO1ZZ7EbsDvupVSj1W77mDE5gkWTkzT64LGBG429VQkRarDjk48_JVGGOCnPvD8DX4fQMgenP8x2uuwg==&xkcb=SoAD6_M3jA5I10TF0B0JbzkdCdPP&camk=ethIe0s0hed5mhSVDYdqwA==&p=2&fvj=0&vjs=3
"Sr Full Stack Engineer - AWS, Python, Spark, Pyspark",Optum,"Bengaluru, Karnataka",https://in.indeed.com/pagead/clk?mo=r&ad=-6NYlbfkN0BWpgndjYL01xMr26yTqLCDFb3b3BUdaEwmMV3w6lpNxfdb7iEvGm0gmfmM0o9B9H9azCCnJX2KMKkAu3rm9Ds6TmpOMKoRzugqHQJU55SFhosFqAf2BMZPrTlEvSulLsLZcNq6Hqq1ClufUY_LnoSZI1YYHqRP-FAH5LV1_nkDck_D7ynKxYGjbQzehGnf6UwTQjCtPPn7jAKQJhEiQ7Y4XBTm1vBbnPV03RtlquBVEJe1WIfN1_lj1vAs32uuU-VNV-M7ehK2R5RWvF5wCrWrDEMmItQbLDca3LjOA8bj_CmMUSHNOpviTbPJFO6hseC1_T8eJsq0egOAoMyRhlvYDfRR7w9U3fskmPuQ938Vwhwrn8hngIU_oNtWdMwFYABEABTe6j52kMY87PT9iA7uLjgFei3O7KGf9ByQOSWJWEG-Ik1ap0xK0W1OdELkh-G2cuSsF3QtU59vL3w86xOCdze8mnVMBGiLZX7DfUOdwuP1_AvbfLrmhUpIViSShis1-hze2PG2I8lFek6xf7HbG1suYvU7ZOwakkqONkwOUqralMgOj2tZuyJqAFM9E-UT-Kz_nm7yBUaKPXWQ8gC_yD8jBDXPoHv74-waCfohk7rsMybBMxIg2-7qN8ar3Mgoa7MLsG2zHPDGTl5MjQ2eSD8lr5UlNpp96-LtAmysXSp1UquyoDxG4Pbd5-edWwQLRqb2d4e-WiHGcjFj7XxeadicDRSrQTUF0jB6Xv2EEPgSI9ScahvmuCl0ib7w2TfiXOp6M2ZnaSpLyHkXRAdIi2dC3atPgZMnHGZ0q-Ulwe_JHAGXSFyZ&xkcb=SoC36_M3jA5I10TF0B0IbzkdCdPP&camk=ethIe0s0hed5mhSVDYdqwA==&p=3&fvj=0&vjs=3
Global IT Software Engineer Senior Specialist,Boston Consulting Group,"Gurugram, Haryana",https://in.indeed.com/pagead/clk?mo=r&ad=-6NYlbfkN0Ad1FFWZOsBBwBZDGouyCcICeLSd3pQct3wJ1q5dPO7JNFPcbpYQ1XCAHtAAJhKZCZ4-jt7IlAE0YhyakRsNsVzBKpdonclGE_uG02gt864AMAsFIBCCuNtUgMICy8Ej_SJsewDtdhgZWL4OeSccYkDm5xILjUNthmJUjPgD5Va5eyJB9K0sE5RjoQcumMd2rdx7Wq5Ajp0l6sKl_7SK6ygnBc1q-JrNVgaD9LWoLGHJuD-wzGz_qOJotYY_fRFwMrQ3WL5TJzFzUVKodKzQObHvmDrWl6w66C3Inf_Li-c9ih4YII4HRELYfQiVmtl-7_vxj_q8BgCa1zQjoBEkgCQosuKjFqNOzgYuFzgqcwmmqkBIGQpacuOPH_Cev-avV3U2pSnmkx1a8T5hP8uyek9cyO_nfFMwQ44hFKYAwORYMovBH_cHRGxcpCdDy-D_PmL2wBOa3paBLXTR45miuCoU4z5yXYDP7BVVAzPY0EfUpnK0eQ9xO2YU9M_xeiSxWdEmotgwthDjsjz84gB28FkJVZf-JfLqdDqwB1ZqaltQEprHyTJSg0W3uKGZoCIkr7AJF5e5GCsrI8LSMmgBwf1G_VmjArQTQOj0YqW8tq-6wqj154rtiu8EgESqVa5d-H--DxgS2qWrz6XO-bHo7zl3waun24f5RMs28yiiC5X79auDiND_d7A7LnqZc8_rqn8Uzs846Aba_WUIzwwHmglFWKOg163OuHqlKP8SDr3fuyNFzNFUFlhsnib_Hnj9lvp0SakGSUTi1WI4dLbzW8z_aZk257dz_jDIj57xN_8VrkbGr5H5jfgh5qSLA-uVvjnnk8Q4sPk32UhGILvcJtCn-qS_7igihOCA4pHpKUhe96_iAXp_8GXUB42cR2lb-K0B-JBOnVUtb0Mmq3vp-Xd0ZIB80uqIM6982WVkcCMh4qFrNfWZpREtpATDUV2FqCHwoZVCg8VwEZZ1dFf-L-TQMHyWtLLAnnssO8O7MBSOT5HheofH7z2CaYqv6CYdGj7Pxd11u4JFPJuMrj6Sh4DMrtZulNhdOCVCSzAMVm3t6ABHon48YpXxv6gxhNpfVbP3xybpitQRl550s95PZU96AcU_b8wN4P5ydjOlsVSpZyBwD5gDX1uj5KtJ3NG_5zkRFiWTSKqURo-DOZJPr4nWgOPvA0scpwvAAC_GRZmHs8g8J2CySix7AQApMHH3Eo2Sh4QZ5oMRPf3CQqIQd4JvhcJhc_Q6piupC6I3sGnv7rstM8SWw7E&xkcb=SoA56_M3jA5I10TF0B0PbzkdCdPP&camk=C3EPSzFlQw_yEGK4nS0jOw==&p=4&fvj=0&vjs=3
Global IT GenAI Solution Architect - Senior Manager,Boston Consulting Group,"Gurugram, Haryana",https://in.indeed.com/pagead/clk?mo=r&ad=-6NYlbfkN0Ad1FFWZOsBBwBZDGouyCcICeLSd3pQct3wJ1q5dPO7JNFPcbpYQ1XCYdTOV-ko2T6BfiyW1wuxkT7CcDT3woeC875Do-VHaiocucFT5vuoY3v7rLsmeMC8GZaf242kDcBHe3iZqzUXnSvidusvg99MMFgsF6_PuZnf0kZrWltylRO7-5f8fgXsC2H6Bj1dvi88GqBB0dGG4jlh-TdLUsR9TWkZED3g1L760Ox5vM7lzsXgJdjNlgQcO_pna3yOyQrYoFbD2Hh9xvbpeZqyR2PFuYc2etIxmezas1IhXhX7cKOwvl6CDxorKK4V7EVzqgf8szK2a-YgfTTe_YfuAvRnDa53nOaUF-pJK3FESkobwGEuf6wrFsVopAFjYr8-RXEG7XwHDwhVV_7RpB6BuhHGlaagIo8NmoYbD4T1AdsOzF9ATZ2E1qZOaGDBMMk94Q_ahP7wKkmSqXN1nXZdB3OphYr2hpMrDCLL5mQCSY0w0Vsr1Pqh6f9BvcEWyFSJFlQHBrHcXLXORF158zT-ofw6GY64jw5IU48k17r5h0pGPloSv5BhFjidtY5hFbVbUe92nuQns6qbt3I6fIbh8nmbu7zLd_VUKIl9ixmXYdFRVtV9WSCzTIof-ydlQ3XDvxVHKV5Bz_tzb2IYi-B12EgsDUgbEiMbUdLlgaVzw9ZrclCogZkLHOoCb3TKm-nTYsNTWOgmshD-zltLYDBDlR7cetGFkZLYIE0eAFSq48FrcB5K7g3AmAmRDs0Cd6IUdfpcjyZNQyZeRAw-TEbSleFu9J10zpoSx63G1E5tWgOTQC1t1WxmMjxexWTxAkgpe928DzzK890HxgQAlhQmSisPGaw7EZFn9UcDEN7VrjKWyzDJ9BHBl7Dr1B71p9ke1bdPqFFtQf5OAvxYlyDXkkc_dmVjHxs8t3l_6cGZqwi-WJEQ5F0qdTV5aAXup9Ad-LS96_PGmnwzsiHhnDZGuubuaN031bhXNU5qkN_hGyCJB_2YnagvEp7FMcqeNJlCa3NrV5Er6XCW3I6O_11xU8Hd4GZsVMVkuhEUFALRd-KesHEDhmMc3zq_JrNUfhr7pr-PDNtfzG1okJb9qUu0BNFWtoo_VKpZwKgGyPBJ4HFdCkrEyTVL0WgTgDHnmpzKDJCgYjudISdTpylcX7HQe2R3_Tz60nU8MXvC1LMK1AWOd_ELkE1Nx2iJQFnhfHfaV3thhU_f5ZKJUdHjougV4Q-1c7LlMWp__xi4XXWG8jIPzOgL0apGCCO9bLsW07xFK8yatF-9zj6Weep-AgPcC5wZ9rokoniSVOssTmqWJnvqALxPN8SnPtoXFMReiA2MgOnZwZVdOot-pN5AESJkJRwP0V8Ke6LOtKl6OnjLT9YasZfUmTweHRbtbvJeUsJCK0_I-eaabOvxIfmj1zXktc4m4XhRfApoeH5lMlhJqjrZ4g==&xkcb=SoCN6_M3jA5I10TF0B0ObzkdCdPP&camk=C3EPSzFlQw-Kxz8aVjN35w==&p=5&fvj=0&vjs=3
"Senior QA Tester - ETL Automation experience (must have criteria), Hyderabad - Hybrid",Syneos - Clinical and Corporate - Prod,"Hyderabad, Telangana",https://in.indeed.com/pagead/clk?mo=r&ad=-6NYlbfkN0CgLV01otWyadW_0bbvTXVl61lGcm0U3Pj_PD6e5_oZlJjK7W9KuetcpJ5DOQ2ko3tB0eedR0aMAaTLQhVc_yyayONOIOVEOGY2Jk6FyrHzhB_GeJYK8SyvMaI2TLY2LxTolotKtrqVI_uIl5QW7eG-FOKRps_PjfvtDFhg7rXXb0BhIzqvKLXLPpgtBkMjTLUt2hZSzehANgvGCTl6QoLz_4Z5IDgMVQUH3h-ddteixyYIiCLb--co36CNNnoeFkggMCRefJg5V_A5mNcVKQGweabWgeHay4qVxdp_m7-x1Jyz05U6g6LA03AD8ZXXDz40pAYAJe-4eY1zbpV_aBLzQ7cxJSEFebhJ8_8bHaNJSKYD3dGB8OEr0ag7kKsGqQZUgvowO4oBDOWkqInhTZgWvmsTTZQQFXLVTLF8yigZmQ66-lV7b4RpXyAybDBhZD95TAT5kjVdLpxHLnoTo8IaBtExn4SRXO3JHrwk_VBHhBh4xbkVb4IVK8ldP5f3DPHOYNJcbjkt1RzIgH8emIUWyviEItZo7NgfJ42BsNokJ9mzLvkB9yV6a_sfnmraMDz2PLDz0UjzoVCMKyqG903jt6MAls6Hc_OOf6kaP67VHpUFsS6EwijA2QWNGb8E1n6B52FE5WqU9o9FJxIJEwmLaANdTqzo0qx5q2qPNmejNZh2O-Dy-NxWczzQ2XIOMy-Meb16WE2r1iBsr0JsjaiGp_o6zZaP7eJgS1bI7AUWqHOUhcDo_juueAyLo2OPH1c-P_pNUPbUvhiemkVqoleJ-b8Y1nS6qyJfrJXBijg12DINucfc-xbw5umQRUVirXkrUtwBIIyI-oM1cTjO_yPro0KRi56-mmdCuXras2Sek9diU4qAXQo2x-Z3Z1umvhkXW4tRYeqnpemCkJ44JjbZ3lwD36Lus9adcPTkUtMNluG00OYjQnDw5CJ3n6SX2FI=&xkcb=SoAQ6_M3jA5I10TF0B0NbzkdCdPP&camk=C3EPSzFlQw8cXur9s-3rAQ==&p=6&fvj=0&vjs=3
Lead Full Stack Engineer AI SDK,Boston Consulting Group,"Gurugram, Haryana",https://in.indeed.com/pagead/clk?mo=r&ad=-6NYlbfkN0Ad1FFWZOsBBwBZDGouyCcICeLSd3pQct3wJ1q5dPO7JNFPcbpYQ1XCYdTOV-ko2T6O8tkf0MVIl3ibCFhOvPKVOC-7-kKW3rFfB03J5CvLewofHk8H3buYa-UUEBw_DtDb77AwP8S8js6IViIyTiYUlzhNFW5CbaYOQ2DswtQ3DCfdCifSwaeXl7q8WUr17iYHlyjDscmTB3bCdiIf40CKWoR1G8qkDDEXoHmN5f-OYp3XzSq3Jt945GwhWOneFmnZNZKVIV0X0Z_dScgwdpp5QCviK1hWeMAjLzR4AYAU72X3vJGaBDPOlZcAeenBWcwlqaUioHz1TDrp7IJquXk2-CN4tLi1cOX-jbMdDZPxGmqkQjHqkdPVZviRi31mOcZY7LrRo2KUQiYeQajywDVMoDMDVpCrLOtPPhChby350i6Im3vxRe9EKk7XZNqLmcVHJRPGBIneDX5lMevoKdOk0yPzzLTYqJmOFICmVBbHjN4bQLUF0N_LDJkXb6_DbXrZxl53zQGMM5-NaKU9tJRBbZP6c6bFtLCMupfnH_cOJZcCm7MFtZ4eN_GB2_mBIZa4yYE8KQlS0X4VBkvhlmlrfVwmhtekCXB10HL5HJdUunUK7CNSmkWm3D99FqO72usxJLKPq5yQRVBeIw2XM1lF99MIiw1UYiPJaketfuvDKjfDrYU9Ul0WLtS0HCdBhloQM24U7m3C-1PuOd3Nk9-YCw-zikXId3WxBT5Fg6Vf3E4iveRGhtyMvTQzPVaYUAvy8K3tXTsgnDTbikRS-RurGEytXTGpyFWqvXyZykGHnMUzWm9G9lcdwMcofe-sdD6rQ2m5lWbteNfXS1L76deS2r2clNGhXC95ui0V9E36qVjJM3L8rUHsxvv1I05wtc8yVnBc209IydWhkXLeJlYah9FuSDK5adE0DWvzSdGfxFkxfl-7duVrdulZAVl04eIUR226Ly0nsXLNMtlevcpmcV5_wvPi9EusegJ_6hjPny36LN9RIKajKSqsWlz2Ov0CY7f8ZdFus3MxxQymYCWX0kze3j3Ir5QEM4MRSwNVS6Y0jH_NgzF2in0JnntLzXDJ7nvUbb6Dk9FF7wYmbYng-dkMmjctZNyjgUyWlw_MLX9BsKq0o4IK1wzRI7JjrbdiCxJ0ttzlSAO8JXkCMFpmABPYVTjjHcZNp0dl17Kh9AVJg0soragV6eIPKj1GdfDcR_WsuT1s0d3eRX1VQYUfZVLmV-FWjo6Lg7-EXFZA7DxveBDsK-WJGc8rYtU0Z83ERK9enzjxdT9fwONN9a0lRKDUrEs59Vmg412nXMRt2x1aMYtFQ1X8Fj4tIuNkizBJLoimbsmJ9Hb6ufGdAdFZMCg7imHdJrAm9fsmVNQWYMHrb9v-M7ywchUyswmBvL9vB4QR2TSXDg==&xkcb=SoCk6_M3jA5I10TF0B0MbzkdCdPP&camk=C3EPSzFlQw-Kxz8aVjN35w==&p=7&fvj=0&vjs=3
Senior Engineer Software-2,Empower,"Bengaluru, Karnataka",https://in.indeed.com/pagead/clk?mo=r&ad=-6NYlbfkN0CyJmwgmcHBoUwL-M1HuuConG52jHt21OR0WSEVXD54SWSUdQ3Cqs6QALrHEpC3SBG1y6Fo-PF5atPMzcKQpmuRRY-p4qPpS4_gb6_D-QEnobyRXiZ6o3DO5lfwFyJqYcITOxHRpZ2GL6cQ05dhgM42h11Ev_NY_MfuLoqFiQMVfThKNtfqEz1H8N1UTKmzMLjx9T3g88o5qJbOE0_G4ZMr3dU9YjMXIjHiQ5xbNWCT-yb7WVdBDL87sfd4wjW2xE6gKC1HQhhvPcsQVRh4ylGspj9fdPJ8qJQwOVv_vw0mXjiMpLdFubK0jGAxVv_qdh1TLndsJL_KJKhD75b3bMjKyTOr2zl17NZF8bQjsKHuWM5kWRe1iBPw3R5YqviSoJznndjC6_J3CT-2D-WwhBudb1Osq47IhB28ewDJnPjtA4ysV3wGE9rlSyokKPJcpFFpVnYznIZJ7sSwS_6sse7dj-mjJ4ig8QI6cvu_jSl4db7Fs6phEQTduAABat4B5VianU7DKn8eDKHjPXMURKI24YaQug356xImcZiEwJcr66DVgwCPXhqj3jqGFnxwS6E23L0ncNbDa-r8RlhAlA9JByX-rj25ohb7Xx_4IRwlqyL8tDNDJKXlo1lMuTdg8VKO8lEo_ulFdCcU_yGalR5TNRAv-whp01qrI6Nyum45CK60pFAxVPwFEwW58XHDRHx56conZf0XzOoTzgFssPcUCj6Llhkxa08H9Q02hO9OXZrXT63-GNREIR8uJLx6kj0yhN1jTI6A3K8zH_DRMtAKvFSpBAYoC7KDzmfe5n6Mz9Bq54EXYDXA&xkcb=SoBN6_M3jA5I10TF0B0DbzkdCdPP&camk=UoKtGZLa3XIxOc0Ffa_ziQ==&p=8&fvj=0&vjs=3
Senior Software Engineer I,Optum,"Chennai, Tamil Nadu",https://in.indeed.com/pagead/clk?mo=r&ad=-6NYlbfkN0BWpgndjYL01xMr26yTqLCDFb3b3BUdaEwmMV3w6lpNxfdb7iEvGm0gmfmM0o9B9H8-x4ZC7hnD_dT-Vr-CDApZBDPkqZuCPmXMbLpAODFooLzShI-yup4EDV83sDAyEUSWhx85zuJCF7CzV3m-wvJK5z9oU2lMvo7RP2ksfMSqcpZSiYLTe6Sf9vrWbe2c9sD7y43MQNAw0k9tJnjKKOtaLyGyyK03qbBVSA0Rh23589-9mX8vP9rlv09y_JfLeHzwjrYMioFcBJOml5v-7VTq4Qzx3aohm4FGQO8qpIUCXdcW1Ij7gBRFHre0qpN3t5q_BDpxcTzjCIRkagecUd5crlnLfKinJhgtonvLkhuD-Yarx2CUu5RrLZfZGCaFcVfdRxtrWMcDAUf0AODdXWCSMIefjo1mxmYCz0JPqCWoAWCWp5hjl_3mYywoga4qieu0xdK-0VJV-Yq8hj23tg3sV18VrznxEOvSsKhsS-HYbP8RiuqPAB9bWRJF8X_w3xFOMeliA4Pd97C78M3BFFUyiLs0wHoK_ZD8andxNyGf2-ShLfDdGkjU2PSRZx72p6zR4jUtjZ9zDxlKPKyUwPiEiTT_ATawfSmVvtZb_gxvSCpCEi9LbCyavBVMf7z1nCdZGSHQhksd3ua0AFUg9mpPJHqBQ8VdcYGUEjD0NBl0WKjjNKqNKbhcFF-AdBQto3RXnU3GTlnw8wm3jE7wLpGgBaOjVlve2m9U3aiu8xUbkEsnZK0ynfoDnLwNgk5fJpcwth5j1oWobdbZd5JHca8psPaQG34DqFS6uHhHF9o6HJwheekeiNB5&xkcb=SoD56_M3jA5I10TF0B0CbzkdCdPP&camk=ethIe0s0hed5mhSVDYdqwA==&p=9&fvj=0&vjs=3
"Senior Full Stack Engineer - python/go, terraform, public cloud",Optum,"Hyderabad, Telangana",https://in.indeed.com/pagead/clk?mo=r&ad=-6NYlbfkN0BWpgndjYL01xMr26yTqLCDFb3b3BUdaEwmMV3w6lpNxfdb7iEvGm0gmfmM0o9B9H_f79WC9FQaqhbsz8_eZFMBnbkvWS4uof7neQ9Los6XR5v4RsBBSZL1W38caOyXjuRYkHiZSa-9-WTUdbFYJfNX620kmw3m-L66xjjg8JPs2Za2Y4q04QdbPi2wvI93B2kmGtWxHG0AWJkj4SAExEAUcJIpq67XBfQT7dPfewE5WuVRUlhNFL7MKxQ4XwRv1OVqD5ldEFUkaZjtELFnDI4JXjJhWRBIQXj21OFa2jIgpMnWYQYfHVwjtOq9K3yrqDpePcMt1EqYL6eGU0kG30OUJMettPWTTclv-liCEIEl58dJOrCIaTaCeNiRU2z6NHQM-L5TuQpdQXTvvEPXL14ZO847e3kvUASdoFyjazRsXc_CbXisXOHdr27OfE9zDG9Mo6P4Mr4DVlgTmwggegUi6UTIe7Qdru5MnubbkW5ICZBCpcmlMinFQ0sF4TT0pBNqQIX8_l__pOybEsPjHtjWgoF9dueA8ywfX99ZuWH245TZgl2V8U4hLaXsUjs0KRkpZeHBDbke7eALzJZIbU5CNGBaWiGXES_-SMa9ULm3J4t9AHE6yJs78S4YhQ_U_GW0oyQLqIjDEnDpjm9PWE0tbhjkThpIAHHR9YGiVgBUQKpEhayC-dycJaX6Gz57IK2DlWnZgkmSNCsJNczYkKxzPqFgmC1XQBpS_an3csrJnOgBPpta-6CV-vtvTZ0N37eLup6Or4K1kQ8rUrFgxl0MX2QUfzTje1R6i6WrkDzxsRSOV6GZNKya&xkcb=SoBk6_M3jA5I10TF0B0BbzkdCdPP&camk=ethIe0s0hed5mhSVDYdqwA==&p=10&fvj=0&vjs=3
"Senior Full Stack Engineer - Java, Python, React",Optum,"Bengaluru, Karnataka",https://in.indeed.com/pagead/clk?mo=r&ad=-6NYlbfkN0BWpgndjYL01xMr26yTqLCDFb3b3BUdaEwmMV3w6lpNxfdb7iEvGm0gmfmM0o9B9H-2gDqUDz3f1qPiJKsLutGFoUjFYmgKVkxY0JUAwM8JhO8bAtKE9uduA4_qZpToJ8Qz437Oj7YEjz75RHdq__YsXJUbEqCfM3LApXs5l1JteiZ-fEi6L4z3gyZWfxUO-mva3oa00_7rNSskU_OJqcPhcy49fZDEJFfcFnZo_jJK22husCWm3F32CqI-ticd6wkMBxU8IyqOVkPxEKACuTyfW__4v8STcrADh01cr-EreNDCgX3AcH5uHzINW54vhClnLNXAGQ9By3tU09cqxKZXTKLcS5m348tMncwnjCmn3DZEuW4W2O0Rtj38HZuKRmuXOzhiCSeX9nxEyAljhIYBCZa9AzeoKcbXoZCoj98FSWp-kNpZNJ5Pj0AyqY8HUTTF2Ol5wOSMlMASfBAgZb-L9HeRAUkWrFcbBskaO6ghWlen8nG5ZfiyzrQ7-huHGcfvtKvJm9HGK6ZHnh5rjDmzPqlk-d-FRe5PBNtyuAjV5lIZFW3t25JwdiZm_ikkWm7c2yg8HfEEV6ECNmJZdx7NgP3iWU6-s6lusIpXmQU7D17vm12udDjDopzEnenPOZxGYoy2VDkINKaDxRyZh_mKJMGZe2j_mqXDWb-5fkTcg_sHuZzMtD07T6ceYYFUzxeU3yRdaCm7v6-kyeXtUlTr5PtF3KZHX9c680XQhD5LOxyVldW3-g9Zswjfp09KLcvSbBWHLCvF9HrSAPWq4TZw80yIGq5mssxSqzPWPOet3eqkpit51EAw&xkcb=SoDQ6_M3jA5I10TF0B0AbzkdCdPP&camk=ethIe0s0hed5mhSVDYdqwA==&p=11&fvj=0&vjs=3
Senior Full Stack Developer Digital Product Development,Kenvue,"Hybrid work in Bengaluru, Karnataka",https://in.indeed.com/pagead/clk?mo=r&ad=-6NYlbfkN0AnH6HNl3qg0QQoMtxRKZBdeOxG4LsryWJUV6u4ORaRKqUckZGVeOJzLn0Eg6o8XYLamYRWnQNUXSnGuYe65I4lzO5FVhinuDSMqlFGx9Rtb8voEJPu70ePqtxN9cu2pbg1oXJn1Dv_aXSZQwYryEA3uZlxmFV0QxLOzCa_rS3n08l7miPQ3YL2xNV5hcsIbqFqYiE35xH8X87GnjeTFXnxZHP3UIk8YOV2dImfGKOZ5bhnlex9THbEfI69b-YavHvEgLSIBixE5KHiUBiXiDjYHl9CzLERUHYee0RdW26oFtN6UwLJmEk1r25IJ7Vx90JY4KzwKZpUAXGJKMDzLYlYinKIzHYX2mqm6QGNl24QjB6cZXmNhP_KZmcVO6fsh47VaRwzfeo6yUV4f0nH_M1WaqR98uHRMXXFZHWG_xhH1MNZnlR498XgE_zhHu8zu7eDDZ1u-1MlpbqbfhCLJCYYtqcKhft_47-_juuOA1GnTs6VOC-pJPwkiiA3zBTrMzp6-H_sungJuvUzQqE1yxMNZy07SNthjgcpVK2em3BJCCjCiT6f-q1HDK9gDN5t7wD_dL2V8kOyFe3zLxiVsqIycZNgeHivDaRFHINLerNweEavCpHcrfIher0k2UmW9twboQS-7q2u_xaEjZzk9rPrJdZ-buD8QYs29IKY1YUfeRK58S0UDqzSWy4WXCIsdEWhCvkcHywC-5JiDw05UP5z_dSTQfrYLt6CyUaUGMkDYHLglIYWnJtSSqbNvu50faYhiIos9zQch99WlLa1IrRerbr0N6SZvr9wD-b0Tf5LJoLnKy25PFzAUUZrgn033K258tELD66zLnNsqTjOQG9cIkARzJgQyU-v87M9dx8vdA==&xkcb=SoBe6_M3jA5I10TF0B0HbzkdCdPP&camk=C3EPSzFlQw-Qts97afg0Vw==&p=12&fvj=0&vjs=3
Senior Manager Software Engineering,Optum,"Bengaluru, Karnataka",https://in.indeed.com/pagead/clk?mo=r&ad=-6NYlbfkN0BWpgndjYL01xMr26yTqLCDFb3b3BUdaEwmMV3w6lpNxfdb7iEvGm0gmfmM0o9B9H9azCCnJX2KME_qHOLeGb5YEDof9yX_3qyS5TFjxs_kRf_2D5rZJ81MNM3qbm8V5xUfS9YncQpPn7LQnrZZW3mHNWCCuNm0uypDIf2q-VAGXhCSbya1zNvOJDGd01KTiEoQwexHWlJccGHS-OLv4_M6IaMs4qW9XvrH6SG0HT6L7PSruDakbZeRoznOmq2bJA4dgHvkVZo_S-F6JKQ4TQSHMfv7YhXVRXn_XzNwwp2sudcXWoKrGY-KUTaO1K0Ph-TWCAuqHXS0wZK41Zsst2FTHLQMPx7wJT5WBojBWRNQHQIeWNQL6mKJml0Us8Eie0WhpW7kFQVn9Uu7ejGtSV6lF51dwCdtcolbw7Mddicp6F6kGGQRfYTPf88LyaYFgVNQIxCcYKPwN6xFw23KJje5XVgwrZyFkIr3mRqjFH6aoiLZ0e-_e47eoi-YNTkgVcrnwrZx8v5byNk5rnlPy68o7Sslslilc72wJE3hyzMcCkHVEBzqurOSD0CGv3Op6Qn6FTvcuOBmaNDdLdtXzbBo1qlKNlwq32QntXhtALqufnrEQbjz1w6WR0B561UFP4yB82ndwwZ431rUywuD_8u4mY14j19BPRhCagUgW0yilgqlp0SPO3K3N2ZWKK0gCKtPSl7nsEitq_iC6ReCSpW6g_x6Oi2cq6T5It6k4CxqMpB2pe6pl9gWIajw40RG9ZWi7tsLLNnrLoLoe0M11zOOyVrLX8Jj4-uPSQIUdtnXNQ==&xkcb=SoDq6_M3jA5I10TF0B0GbzkdCdPP&camk=ethIe0s0hed5mhSVDYdqwA==&p=13&fvj=0&vjs=3
Senior Manager Software Engineering,Optum,"Bengaluru, Karnataka",https://in.indeed.com/viewjob?jk=789abcdef0123456
Python Developer,Stellar Digital,"Gurugram, Haryana",https://in.indeed.com/rc/clk?jk=c983653636dd8120&bb=S1i0O4WZ15ETs50sMEn39r84fIhzDSrt_kmfqVMdUVMyNqCWk0ZNnqLwPmyzUl21YpK17-NqfCD-l607DGqilRt-SAmr8tE-wy55wPyrPArWQlYAPZZ8GtAiaXGsbdmsd5L5qWG6bxfJ5Ynb_7Xqew%3D%3D&xkcb=SoCD67M3jA5I10TF0B0FbzkdCdPP&fccid=b183d88315206c36&vjs=3
Python Developer,Stellar Digital,"Gurugram, Haryana",https://in.indeed.com/rc/clk?jk=c983653636dd8120&bb=1gmmV7hyXvG9APhXzQTSffMQL1q9RP6_h2a1cSttCu_yzuYCKLgAT4Yv9PW25oeugOQGEwuHfNyZK87jCTdjarmxLOwgGB622sL2ORq9argv5IpugQizjTCqcV0D2vhBzgoZlv6JsDicPUJL8tHJ9Q%3D%3D&xkcb=SoD767M3jA5Gc2TCcZ0JbzkdCdPP&fccid=b183d88315206c36&vjs=3
Python Developer,Dinero Software,"Mumbai, Maharashtra",https://in.indeed.com/rc/clk?jk=32ce9159ce154040&bb=1gmmV7hyXvG9APhXzQTSfRUbHbiDQE4DgCkd4GqgcgFSOgVoFdQ6uz76r3294oZSHaOSWntnPIkWR5zwYnuALDpocSBk9mQPazvV_zTWPIMdGoYkVd-qdFxk2L6sycbmgbGJqZAHGEpuCPhDiuSdDw%3D%3D&xkcb=SoBP67M3jA5Gc2TCcZ0IbzkdCdPP&fccid=b921c3766a5a307a&vjs=3
Python Developer,NSOFT,"Pune, Maharashtra",https://in.indeed.com/rc/clk?jk=081d917a41f31fb4&bb=1gmmV7hyXvG9APhXzQTSfVimC2VkVvndaEb8BH2j34JM1fg4EViv8bFZRbnyAQejBUiX13WxLiUF2AebCNn76qoscU1eTvDGO8-8KTTXQkek3BUu5K8s9GVQ7ilbqM7QVWWxJFUo-v-UtmvyZr4dpg%3D%3D&xkcb=SoDB67M3jA5Gc2TCcZ0PbzkdCdPP&fccid=c313a209e4d305a7&vjs=3
Python Developer,Indiassetz Infra Services,"Bengaluru, Karnataka",https://in.indeed.com/rc/clk?jk=8889cfcb4941f7dd&bb=1gmmV7hyXvG9APhXzQTSfYu0Zkem1c8f3fHd92kx4HZ08gYLKTiF9wve8J1WqFMiGHsVECj2IbbA1L_0OUSAWh_qSoJUyW3opiBOSErXGXHmlAQ6me8qgUULaUIwnQa4Nkcop-6La6SBBoVwrbmXGg%3D%3D&xkcb=SoB167M3jA5Gc2TCcZ0ObzkdCdPP&fccid=69aa728724137b7a&vjs=3
Python Web Developer,Onprice Infotech,"Bhopal, Madhya Pradesh",https://in.indeed.com/rc/clk?jk=e34ab78f91f28459&bb=1gmmV7hyXvG9APhXzQTSfQK711cz9LWtvv8g0Hxxa1EcWEdFdFzgFh9T_Gy2QzNM7e3RsQobFoPcujxXlCs_Cqvtzrb9Oqx5JlJHPN4FwbCrtF-lZGCs12QeUq5pYbCyiWQOUMUBS7KcBLwd9AbRlA%3D%3D&xkcb=SoDo67M3jA5Gc2TCcZ0NbzkdCdPP&fccid=05dc020b15e8589a&vjs=3
Python Developer,PraataH Business Services,"Yerawada, Pune, Maharashtra",https://in.indeed.com/rc/clk?jk=51e1841ab52eceab&bb=1gmmV7hyXvG9APhXzQTSfdn0tyqqYlVw_upFh0AucdQ5jhl5jPhaKbcYKRC-fDA94C6clOOGWzgkLYrswyT8r4cvnerj3W4s-IngBzhTo-JQH7krfceQXDn_Kk8CrErEsf5sr09eHWCtIlhXGHWPWQ%3D%3D&xkcb=SoBc67M3jA5Gc2TCcZ0MbzkdCdPP&fccid=57c19e8ee6f6ac57&vjs=3
Python Developer,Citta Solutions,Remote,https://in.indeed.com/rc/clk?jk=cdf034b3c404f489&bb=1gmmV7hyXvG9APhXzQTSfZfm1nXmNqI1t8vjztBIS1RKa4vwDyr36zwsm8qS6qkc26K9ZxdN1QyIyTXllg2VlDvlrfSY5azy-IVoTx7QYqGRFF1g1XEgyYk24jz3HT4YREVpGlWTnUBdNwX_z_gS0w%3D%3D&xkcb=SoC167M3jA5Gc2TCcZ0DbzkdCdPP&fccid=b07410713742fee4&vjs=3
Python Developer,Pyramid Global Technologies,"Mohali, Punjab",https://in.indeed.com/rc/clk?jk=bdde8ac0d5052831&bb=1gmmV7hyXvG9APhXzQTSfboxfrIzCdulohXFqvewyMPcOmbmhwPjYtaAPU1HHaQqMyo2c87Hj2OMQDPlvAUurd2PcS5ze1TVFIZw4hXRFqC5_NPp3uG49bBUrJN9kE7KXYozrLH3i9AEK14g3-D6cg%3D%3D&xkcb=SoAB67M3jA5Gc2TCcZ0CbzkdCdPP&fccid=00d4d1f9ab402961&vjs=3
SOFTWARE DEVELOPER (python),Convergence Infotech,"Bengaluru, Karnataka",https://in.indeed.com/rc/clk?jk=47296f3254fb7179&bb=1gmmV7hyXvG9APhXzQTSfdn0tyqqYlVweV9eRsPR55j75HSer2gskUme8WO8KQtWWgGiBf_Sy2U6vQlaNtNnEefrq7rL4rhcfmkjSsu4WgXzWl7VUC_NZ9x-0LYjWsZBJ30gvx4Juby1lT72xJ06Fg%3D%3D&xkcb=SoCc67M3jA5Gc2TCcZ0BbzkdCdPP&fccid=7348e3aa8bd605a5&vjs=3
Python Developer,Helius Technologies,India,https://in.indeed.com/rc/clk?jk=ebd5952fbee2e868&bb=1gmmV7hyXvG9APhXzQTSfepP8GqqMtMFshyuFTe5lwdpCyReO1YcPJXezJcMQ1N-oduE0sZ1jv7JuqehREmmm7mWPfOV7thjAlQW7hoTegY0QSgNo22f5tgCeeFzZo8V6sXafU7rDIB8vJKRb45BcQ%3D%3D&xkcb=SoAo67M3jA5Gc2TCcZ0AbzkdCdPP&fccid=b3282c125f18e0c0&vjs=3
Software Engineer (Python),Electrifex Technologies,"Kochi, Kerala",https://in.indeed.com/rc/clk?jk=8286b7d4a642bbd6&bb=1gmmV7hyXvG9APhXzQTSfRDG2OcvZruR-DPuRgQRE3XR-E-yPQiFK9-oJHDMhLNUYO3wFdosZo77ti-P0NIREEUSGN_vpXyjBdkALLv-KbawCHt9B5_eNxNF45SryT8Gx8ntD7tInQx90CYQ4GcTXw%3D%3D&xkcb=SoCm67M3jA5Gc2TCcZ0HbzkdCdPP&fccid=8ddc8a8df6afab44&vjs=3
Python Developer,Reward360 Global Services Private Limited,"Bengaluru, Karnataka",https://in.indeed.com/rc/clk?jk=ab65183b87776017&bb=1gmmV7hyXvG9APhXzQTSfbDPVR5qF-SDuXXUewn2li7n8BAMPQZX78a5dEFJDT82NkW6oCom_avhcqoMgan2Z27Ppiov_zpmohWibWkCD-dKQ9dI9Uz0i9viuuNuEUZP4R1qbXCnThskgcDQP4NuRg%3D%3D&xkcb=SoAS67M3jA5Gc2TCcZ0GbzkdCdPP&fccid=a6235191e3da93b8&vjs=3
PYTHON DEVELOPER,dJAX Technologies,"Bengaluru, Karnataka",https://in.indeed.com/rc/clk?jk=fea6264513834932&bb=1gmmV7hyXvG9APhXzQTSfQp2aGoAEMg45RCrtYPs_yFu8UvX31DK_jMcXU0-GSJICTZkQbJfsZeKVS4xYv8JEmYUpA8YcD3Jps2Z3tOMoeLwJh83-n92ETw4IfbiXtR9PxRzwgTFyNZfmweB2ZjKtQ%3D%3D&xkcb=SoCP67M3jA5Gc2TCcZ0FbzkdCdPP&fccid=5abc3e3e8df1cbda&vjs=3
PYTHON DEVELOPER,dJAX Technologies,"Bengaluru, Karnataka",https://in.indeed.com/viewjob?jk=789abcdef0123456
Python Developer,Carvewing Solutions,"Bengaluru, Karnataka",https://in.indeed.com/rc/clk?jk=da83eaa7b804a773&bb=1gmmV7hyXvG9APhXzQTSfa3ymmYhYmUIcoKpkXqHcvEvPjAj8QJLvR_w5hOxDPzmwSth_9cUAwXdhegWjAZWNfV6I3HqcaiBQAYrocSZnuVJ0VZ6fveg3Q59rjTPF3uP87MFQYfw5BCiZ9RQWC9HLQ%3D%3D&xkcb=SoA767M3jA5Gc2TCcZ0EbzkdCdPP&fccid=8409cef8d733af39&vjs=3
Python developer,BestPeers,"Indore, Madhya Pradesh",https://in.indeed.com/rc/clk?jk=1e760d92d87dfbfb&bb=1gmmV7hyXvG9APhXzQTSfbDPVR5qF-SDqn_5OECPZhrWfmMddZ8fyCzNpxzkd2nwnfEjKgwL-1ZtAjMY7aa04DQ_axJmvcPLJFOWz1yFltqM7SfHbzHgSd38bB9f2JtzNEFW63ON1LoTMioVdxdgwg%3D%3D&xkcb=SoAc67M3jA5Gc2TCcZ0bbzkdCdPP&fccid=8762559812883305&vjs=3
"Enterprise Data & Analytics Lead, Data Engineering",Kenvue,"Bengaluru, Karnataka",https://in.indeed.com/pagead/clk?mo=r&ad=-6NYlbfkN0AnH6HNl3qg0QQoMtxRKZBdeOxG4LsryWJUV6u4ORaRKqUckZGVeOJzLn0Eg6o8XYINw4drc9-uZKdBrKKHmgRcEjNqzX7NCY7HgT4F6Zs2DGGZ9k40JPFCiWmgeJ-1sTL1nzKwKSGz8h6ItQ6cBr_fgD31pnuxsiClY7Frgh6SscXXSLJgK26pZrwdIqdNwf0Sj-c97OW4raYSHScYoKr8B3Aff1EUnbfRFKUnLNNIBWNKCmN7doFtTNWHi_hKJHETUoOTPNMSOSCZ4PMn1CUAMxubs5Hfm7xDat81h2fQEy7qFnUcvKXBEs-GrdtJr1Q6zPQw5iX2Jogd7r8-M-X1IVpjRtnv_9HjGAsBMwRqOfFW_spcsu5OyXlbk_IBien_EJFuHvmD8iZwf_fXfJPDZw0jcwEaZP5cqLIRbKwWdfNP3JfyIYPvnY_8D41a9HJZZsQFrCac7LRIqfGapFj6oTm3B3uFOcAZ_Z4vIHYsAD_glj8sbKTwo3mF0oGsiNL0Q_hmDonLjThIfXB0NlbRgsmtrY3lZ6ZK-x9lbiy9r_203y6Xvz2ChDvbvEttpYm2DjxtfOohxXOqSVMzgYoEDEzAckKv9zarl-G_64P08DNnbv3HwFYlfLZuisVwL9Hs3Jd_E2TjkFXBHJ_U2SetBKYC-mL0ew3XKc80B5cIIi2WPk09gamu8GJN0D52lU7r4VMG_QNVFrI_nlKUajce-NLGSCg2JxGFn9ZzbECUEnL_PPS0V3j47vyJnF0bwAOZpgK70IafB-_1Lc6HVTDlXTQFqWieX0KMqPvz-YAfx2Xm7kDnR37KxsuinQfVa3Idal9EDyFZq6TKQ6JfP_xLR4hMdxGY1QA=&xkcb=SoDE6_M3jA5DXoTCT50LbzkdCdPP&camk=C3EPSzFlQw-Qts97afg0Vw==&p=0&fvj=0&vjs=3
Lead AI/ML Engineer,Optum,"Hyderabad, Telangana",https://in.indeed.com/pagead/clk?mo=r&ad=-6NYlbfkN0BWpgndjYL01xMr26yTqLCDFb3b3BUdaEwmMV3w6lpNxfdb7iEvGm0gmfmM0o9B9H9azCCnJX2KMMN-8rap1KKiFz8Db0HW0PHWwjDjf-ccHiq9-2AeIyGUQF4uShrPYJ47Yq4DJbHHq1Siv84C3y3AIXYzRtQp8K6eDj0RDx5kmhIdwxqy___DO-CVCo1xwaxBy3WtfkqoxIBbC5BM0LBF5txBJs7qsdXK1TANv20VubLvB3R73vebj6KuvWV6npin5H6MZY9YKZBamgbLbW3D7GXtvB25biej5CTBuUL8FQAyAEtYIknCxR67r3rRXclz8RqY7hvJ4jEtAcmTGYntfBre8EvEodSH2wxjKUOx79cehuq5ViJN_-XT9f3cdiIz0LCckL2F1cyjWBw8ZJwRPeec_fpnFh0DVvlnGcyixrx1k3j3d1G92czDsDPRi3u5-GDONLzvJC_xnHhbf7Tod_ovIwsKXSeBvkLXS_2LZ08uCyFQC4LgL3nJY7N9T7FoJEfl4s-MIMoqsiGR1_39g039hZm_gkuyC5tjqBNA_0KsOh7QzM5KRIkGS72_80dTXe7qdFtauoLucZ-UnnRc57MkfcdALWwLjdTINk7_EL82xHKrp83E4HdZb9OUH8PXyhtbsybmAPLfcfYIQEB620JDOfVSq-NBkbG9GtbQeSMyB-nzFzkHdPOtBrcoSPPq3YuDEZi-2l-3oZ-yDCYD4buvtM35QuQOmJc0ZF74ur9d-DVRjJt92szknTbwZMDSKeaiOrGo5SBBKPQbM0PmzRE6YDbAcorBSMKUFHNgJA==&xkcb=SoBw6_M3jA5DXoTCT50KbzkdCdPP&camk=ethIe0s0hed5mhSVDYdqwA==&p=1&fvj=0&vjs=3
"Lead AI Engineer, India - BCG X",Boston Consulting Group,"Gurugram, Haryana",https://in.indeed.com/pagead/clk?mo=r&ad=-6NYlbfkN0Ad1FFWZOsBBwBZDGouyCcICeLSd3pQct3wJ1q5dPO7JNFPcbpYQ1XCYdTOV-ko2T5m3PXCDVDvLahu_A8SRgzC2biGd2vwNe6apWl-fycjnaADQd1Gy2rfuxx4M7Sa8ODTiSrkVS-zofGFrwFEL73TvzAKiLlffPB2DDsrcFE-P_sPx_X_3Kf1OcqLvg2oN0Zku8i_K0qKBqn8W7eNBIhVjIG0tqQuemMVHQLkNBu1w-d53DjRkF1_-MRpeJ7N--7cxtbH65Nidf8nox-nmxDu1IYWAkDYrJ0yeVB6Fv4Vkk7NTKwPqLxOY4YvyulrRe1XwrTk2ffZmFsr2L09yeayw76VZ_fkIReCqVmTlDDgTpzRgOTwKlAZCy_158hI0offvqGu0-OLXf_5VPHgx1X3nu0S1X_VC6BWkdkrEmKivNwTT9EyqY-Ly-rLm8s5Asa7pvb7sqMu2w_OW3Y5CWzdgAA-ZXFQQanM1TSE-0tzuXzlorXtcVZ1Flyzd6X5Dugrq06mCSLazDUOMqVQQR5EtsTGzOl3Q28d7rHj6JjXM-iOR732Hon4kwgyTjvebWuARO1q81l4FoX-9wXwn3Pww-JlC3mWpmKgWWOcQeLClg4wRwbx_vrFgDWCSscL2zgtbJO2gyRMi9PH_2di-2mXR56HMe70qLdUwRSBv9IgZCtWcNJYj4dUA-GZO-VoEYLpSNlQtosbdpTdK4u-0t_mtm9VOPmz-yeLxkvJN9nTGKfleeNX9IoKouGLJVX9t7YBh-CjBTINf3HXMn8H88OIBbTBJ8DTSndIeGQijJSpV2TVobuG7qGCg9RV8waVGTAS52eIIp6ZU8-melDV_n9Dn5kWGamAQ34tHzfEkQsbDboaVfREV0OIBNILYteB0LSPi526lGxPwJao2-_bs03HUDU3gRykmBW6Wv3YL-ILTLPg3H7H4ypVvXHvBdy8EDr5XsXdyQzX2uZSmteuI0dQJijq_rwSAc-UZiO1U4sFjGAA-R_qXjoO-NvHiOuA7RmO3e8MXRK4JMCPoUKmXPPP_WjaerL4GQQulcJhwagCJ0tSiVezgUI_1tReRzxvAojt0zlN5b0Cza2UUm4QzsXEJ1tMe4xUKpZlKPlbg0Y7ZT0IFwH9p294x8e2DTx6t4CMcsZSVoYnfB8OmIrvVUsbTWfT26ab_-2G2rn24btghGuAMNR3sy2vGRQoMRj-ROvUlN_W10AWbYtTrJXBsR2D3N3_gLDbhlASZICQ9YHHgd-A1ehPwCVcNdaHBjps-rpuHyHk-VufBn1bxM99v2ncDEyErWl3zaldwr8RFCQHnoaO2xroczs3oqqZppEe_-Rt2S0Y0FRj2pcBYWNm1UTonkaDgJeM45lDQYMPSSFeAT77d66d7S_FXr5BV2M52EnpkTNBQno_2toThXgX9Pl_&xkcb=SoDt6_M3jA5DXoTCT50JbzkdCdPP&camk=C3EPSzFlQw-Kxz8aVjN35w==&p=2&fvj=0&vjs=3
Associate Software Engineer II,Optum,"Noida, Uttar Pradesh",https://in.indeed.com/pagead/clk?mo=r&ad=-6NYlbfkN0BWpgndjYL01xMr26yTqLCDFb3b3BUdaEwmMV3w6lpNxfdb7iEvGm0gmfmM0o9B9H9-vYCdyBADKYJ2XcAGaHOr1FF7kmZBCarKynACEG5Vg-TAEwXruiDkq6uzhx4b3dh4aQsZhAfsaiFGiJt17pfS6erItOWVkCy4oSoDGSD0MSAHxKrj0UQuwBUJNg1vSEE1LDeBTu6fdMVrDdR3ex7-PyQFfRhGvWBd4W0V9VH22ZVpNB4Kg7ZRL5x-gOrKfn4vuiKElwnOFoLmlRq0I0kp_ivmBv6qGedhpma5vwiPOCOYQliA5QArCftv5kz4GYIfwpzfg3z6NT-a5eX2JFK57763RMbImmtgRj8u9ZO4O5hwQmerwp5eJ5m0NZl6Fd_dABV-5TI2bq67oiZanmDVgZ6mfhDQThiOBLvPy8-xmcf4KwZdQtRJwQ5qtM99BOzRC_BXcRPr7DFVHNLaOVimd1HYsi6gaNu-4ii-gxykH7O22X86EYRxiovkg1IcEeD7A0OSdoPqyBOa1Vr4VjQ9eRv9YayuM-jezQoK56ckKm0YtJXfcG3hj7QDl_eHXSPUSTPG-fDf_COtWUqE68p_0dpo8X_lh52PgfVqfXpMbicKXfI8dPIjjqe_bay0z-fC7oTo90zgMXX-b9mGyWZXue629jppHDmOh5x2jLd6Z4-ujHGEb2FMAVR81YGwo0cxRgrT3rII4VZbZdW8VEuvw3HZcbdpXxps0IIWdLK66KuNHgApUUQEPyI1Xv21B9XAqOu8-GVVYvpHiU3Mj57MQ6_Es0yUX_ShLU4yOZN4Qw==&xkcb=SoBZ6_M3jA5DXoTCT50IbzkdCdPP&camk=ethIe0s0hed5mhSVDYdqwA==&p=3&fvj=0&vjs=3
Associate Software Engineer II,Optum,"Noida, Uttar Pradesh",https://in.indeed.com/viewjob?jk=123456789abcdef0
Lead Software Engineer,Krimatix Private Limited,"Hyderabad, Telangana",https://in.indeed.com/pagead/clk?mo=r&ad=-6NYlbfkN0B8TZEFDRaCPmvRhFCuvRxvSvOnj3sVa4otaNkvkvLpQyNSDsb6UXYxbY_jIdE6pEUT_G_G8OGm7iNeRvs5sVDD27NKtLPW9khyWGYmQ9UtoZCTMReVZhoPecJi_T62OTZxBijzf4NNZucdp1owiyJUGkZL0JJMC5QdhNtr1ENYHQmxTJ-KQoC2GqcxwH71JcwEoz-iIay0ikOgSjkWFOzzltdetDKAneV4fULVBr0NE8OZ8qhoZ75BQvVRakuKYFkcJZtrv3tUbvO4IpF2mJLWAMPvOq7u4YwrV0mvh8m3numn4rbu6ksT9LQfc0baEef5Vdynxs0QRCeCaRasHM7db7QEDYJtnBr_G_FSL_StLDCjZ1mqXsg8ErJKJcMyHP7jr5VKyvpx5yPvIpJHqJwCPxr8y3OGX4IkvAtt5fTuIvFVjfJco5NuT9XJbggvWSnudPjGRlTAm8Wve4z6dYMdtUzTDvdXdPksWIZLZ_oN6WxSn6xzYQfHvqV7qNKC81VJ3j3YylQX31v0pe77p2EZ4Yu2xoAc7nYOay99nLX8QbwqPJGeOeFg9j28RF3LOddCwVPTyxrv0admcmwdKGumSUBbmff680VLpyX8MQA3kQ8HRHvq6Vo1kEOKva_-4Om7zREkVDHDycVFydnPLGMTWBkpo9ODe0ut7Ay9Nc6o_Q==&xkcb=SoDX6_M3jA5DXoTCT50PbzkdCdPP&camk=C3EPSzFlQw8mP0qTtbJp5w==&p=4&fvj=0&vjs=3
Senior AI/ML Engineer,Optum,"Bengaluru, Karnataka",https://in.indeed.com/pagead/clk?mo=r&ad=-6NYlbfkN0BWpgndjYL01xMr26yTqLCDFb3b3BUdaEwmMV3w6lpNxfdb7iEvGm0gmfmM0o9B9H9azCCnJX2KMEAeH9pP5GskqUS1l9eA3KoGhVGFFbfD-P9jTK8Wn-eH9JpMfA_iSdF4eo8RyLp0Go4G65HtrPYLrr2ulnfC_DHkuAGaeZ_UVLsMCzIkz4lysl47m2N_uWxkX1228FifYPOSgLmzpURfoJSPRkF8arXR1jN6sCT-5yVDgowylkv7h2ufXSJlqASP7-Ts5yBhYE1Mq8yNRzfn_AngP51nMEGLItQY2UxHlA9LAMgscSaA_nPBF2NO2eKJklUFq4gqg8rOHvikw9aqumG331fxkKD35VPjpaLQ7RtJ8xRCPPaBHvGMA1KQt2oy-SpiWFmAVUr6DQT_FJp2lzGKEypAVRKDqbAG0HFN4kbho5i7pPYFFg5EcwxoSpBEugpoIUMo1vMqfB85ZpEECBgvYhxJTmftXzlU05eADWDzR-1g83sr50a9WiwXKG9WDPzKQHjPhaBLK4ivMtZT2P_qDq7mKFNIFf6TAfJsISFHC3RvBgpJ7soEojrpYuTOUaU01hB_gzUylIC1xbzQ6w1y6oGPdsEnc7RtmjccNniC6ppcyeN-amQQuooiu0xxiG28pZT0rYzH6w-OxsHrp8YjkpN-cSZlv8jOQG-ocD_KaOk-IbM7AzKelI7WGeoNzbEIaFMDHbAsxksKpu6C-N0p00XnyIi2qx4o8gAF8eWNq63kzxRDYZSGV24MhzkFb2iJrPd2VEKJzzyCwlRmKpCMo4-VlPy5NRrFB1G6UA==&xkcb=SoBj6_M3jA5DXoTCT50ObzkdCdPP&camk=ethIe0s0hed5mhSVDYdqwA==&p=5&fvj=0&vjs=3
"Lead AI Engineer, India - BCG X",Boston Consulting Group,"Mumbai, Maharashtra",https://in.indeed.com/pagead/clk?mo=r&ad=-6NYlbfkN0Ad1FFWZOsBBwBZDGouyCcICeLSd3pQct3wJ1q5dPO7JNFPcbpYQ1XCYdTOV-ko2T5m3PXCDVDvLSMxR7dUUxsw0PH90eXCeW9LPt42DUYgctcKv_Ups5Or2Y-Y3VDWp5jOIo2aliXtJY5fLQszsKr9Ci6Mf3sEzdc_Ti_rmoemBbI-v7P0ICRz6QDjBjIZCeguGvVBFO8mPlFDK27Vv0dsWBACoLYMgiE_NAKFQk0PFZ8q8jaZM-j9kTNDdqRkOmcQFr1eLCV7rZwJn54Q6PYqO06weKh2pXJ_0_C3uqEHFDJv19tBahp5phKaT1oJGrcUHbjPHEY-4KbTx66XslPOoko3dkrQmVKi9-ifGO9tNqt-a0GP5dLOCCHomIovM_5CIn4w9ttWRFwYTd3RbN4JtRDpLviTyduHDaLbxpJ9gElqaxbB5TdIY9bYLmja3L5iqclVX9CmMJQyc8Qx5b34UU1v5ClY_A46CsIsxrO0d8dH0BkifZUF1wx4MGlBGnIey7TYbE288kuiNUUWN6lj7PjNWQJLTUmQ2dVsXfiGajw15Q1rmQy_74oPan0GNeWKhqj2Vw5AVqmgbT8UIitTaF_vKu9pMBTD50hOypmXwW1C3ukjhRd8HMIMCSgvS1bM2f3NxEWuxSEY4NG8_pRhNpNPF71jzM9_DbTFK-eqxx0dXljrwDT_cFv6mhr7vJAS_nsyMBQrT_t01zjdPc9Gpjc6MnyfbEZ5c4K0bTNjYNDSMTP_m5keacAKnJon_SjY84HqOid-AzuU1jtL7hYlvm086FuYYp1VFex5JG5plpWC1J9PtLp3d8Gw19HxxXF8gRRLzxApvMam-cqaV8Ta7KpLggSHKGPIdyNe5oU1nrVhbkLs6aMG_fnmxuH39g3ndo82JF01EdM7q2s4_7cF7dehAqgPikCurFbIVvw3YOeJXghr6IpsbQ283Dm3A4usf_baznMH7jQLURdpGo3QxYt2T0na8TiFvIUJkJQ_vRClWsAI5i3HKCEa_a2tYhuDRSe7hK-l_jQdFZmlwPt9EXwDpmojlWwx5qYrNc18QNS9eaWI8wV8WNXuhDOsHMaGXrMhOJWSQxh3_YPq72QQam6pwg3SRvarD5EeltsFsHkQCJcTiEG0duF3iQpGaUtVMabd1qSg-x3DrC8GQ6CGwIJtwWmcRtz265DVWzo5sOE_7f9fZVnvN4aUR0JSSVGl7C5VW8GuVx-BCDJFdgqy3LBv6eJsOFpt2yd4YnciCewnFXroD8Zj_0DJ_MOMaWDOBNBDhyWr5aW9zWTjTmWG28RFWIsmI4AJpgM8cjsbFbZUGkZlbsEz4bY9W308ZHTZk2DqGoRZrgSwePWg0BAQ7JQstmYhBCXLSQLQINdr29YIvZtRh8KtnlY_KS4lRRw=&xkcb=SoD-6_M3jA5DXoTCT50NbzkdCdPP&camk=C3EPSzFlQw-Kxz8aVjN35w==&p=6&fvj=0&vjs=3
Senior Data Engineer,Bell Integration,"Hyderabad, Telangana",https://in.indeed.com/pagead/clk?mo=r&ad=-6NYlbfkN0AuGb9Dem4ShGVwtCRHJKcvGuP-i9NvXVzJOHlKTXBAPouiHQ5QiSZ7_zkg3mFULnd39dDGK0bwfkoV4-uc6Tc1yJmLAGfc0KhSZe7UQI5wqoySeNHDucRv87H3qMTktqh6Sk2l2olYWveqzBqamxc4K_5vvq_UjMCSaCet3H8lwSb04O6NivapT70D8G6hoJJGwg72iWB7KMeGf3dAZKYw0Wkw-KOcQ7W6fNSicovDPFBaKKgX27HHF_kr5fX2l9q8KAGoH2omYhxLm_9gBrEewGUr3vFuHMVdiw3IgVtiuVEtdLhRhYR0DJqcqHlQMxMinpYUDlI7ccvsPjYD9aBeAK8LmZi8Fr4RtEiUJn0E1TbmRgQLUs9VWrW7oWQ9P-UkRNm6eRJB79fYd2Yf_shvUl6He5ZWv91daIhdtfNGEvoM_lVaa5JNFqo2AGhEp2RV6kbgCY92Rv8LQxqQxgg8Dd80FYscirVE7rmxIYwYZbEaSD6iDvUrD2EegVMWiOdkBcWGfXAFcXoOsqGUKejduxrow-AlI4rxX6CP8Gcj8dwudyINKC1NpTCw9JWuIES5TKigS8j5s_SzyynUmj3x2ecRq2RFsJFjs0puRfNToyIJhFBSd6dq9FZqGAnuNOzoaO_PJZ25v5FIK8uo_G_nwQiwzd3VyvE6HcRxQit4_U8mR58mRwcN34N4s4Qc8_Z48U8i4qH4rj5OvMph4oP1FnZiymLD0fz-wnnLl1HgIh0eBp3LiNu6r_Dl9PwptUuzVMfRFmnKO44t5rGdO-UQMO_Qml1_q6K7VlzQ-j4OMRuGr9NpiEZ-Ve6q9c8ltsDMm_voedDVt3ZoU_MNN3fu_shTZ8Y9URZgqvQD1NPwpdQ1p1zxMeEV&xkcb=SoBK6_M3jA5DXoTCT50MbzkdCdPP&camk=UoKtGZLa3XIpCAUMDxbk2A==&p=7&fvj=0&vjs=3
AI Architect,Cognizant,"Hybrid work in Chennai, Tamil Nadu",https://in.indeed.com/pagead/clk?mo=r&ad=-6NYlbfkN0A1rHqZLk321Q10RSLVBDRRuQAsr7HQrgI-4QF8Hc3LEfCRXHbSJVeH76ioZ77cX0flzTtwNnhVtdM2DBGcMN0B-6WQ395OKLqf0woz37LNNfvn1_UJM9ZOi0cLjV7qMNQgnr0O4CUEvTngcz1KjK9K9vYBcyPoVUbczE-Gr7t1wwN75DVtliUwdLsR7eQfcLIOrGdQn65qad71xr4ySnS1RNHobPWChhGS0TUvLTDqPVCc2nJSWLe9cusoSMve5h5ees-DWJGDfYn8LX411FocM35n5icIGBu7UZOhQPFpC-3jSIqcbcaiEjAMomuUtwo9NYhpjm2yYUeA7sqBUBC1YVkfc_4B-ZZdYSY-wtqNNV2fo1MpFiH3u0UIoTmrO6crNV3g7aokiVSV15jVA08c-CxtWLC6OVWWx7uW5IiqBvr_9in-FF9xo1IFcyVfcX4W5_QIM2NJRCqpxVEMRz6r6fxTULe5aBkO7J5GzPEILJAYK1p-E6IpbitLD9p7BFfHAejAaejir-Gj_kDukZ_T8cA9kemRR6kzfkDjk2zTd-dwjRs66VGFJSSMbrsxrsIf-O6_MUXTdklNT98x4Sd9-5LW7c8qhYMhOfYemRPT4PPdJept7KkWXR20yvFzfnAL83LfeEp2XgFqpX_Vm629KZmORohBsVpnrb7Z3Ehh1gcO4m2IKuDM_qKCnjo3ggOxlkELIXLnAK5RJfV2yLD-&xkcb=SoCj6_M3jA5DXoTCT50DbzkdCdPP&camk=UoKtGZLa3XJOwyqHzMPJVg==&p=8&fvj=0&vjs=3
Lead AI/ML Engineer,Optum,"Noida, Uttar Pradesh",https://in.indeed.com/pagead/clk?mo=r&ad=-6NYlbfkN0BWpgndjYL01xMr26yTqLCDFb3b3BUdaEwmMV3w6lpNxfdb7iEvGm0gmfmM0o9B9H8sAQHaSDZOWmFb8_ZU9OxpwcgRuAaee_qFmJZ-FUA0wH7L3E4r3bJb_YGJIl_BjjfSjr1Gi8lhkVvH7uR2gKMcTj84HlmNuWZ7-E564anVqQjcefdhVeTAm61Si7LZctaVVpdlPb4BEFngBLxU74zgadkKOrYzbE05ffChbwMLmeBjDQe4BYUMlUQf2hS0y1K9_Cjxi60UWhXX1EHgwUz9XIq9Oo3H95LvaMNU2bj4kFer0NinneYpPascN5ZZxq7mjpqfNYXHqhf-WHmlRfZov0_m7JVSKbXphZkiZZtzQg61UsrckNtC_DGYikxtEILTFCrztUTlFX_X_e7Pm-6eA3261SeuYkrIk3674sfhhDVOVOyHTRK6YrG4TfyfelZa5bsKC9etX7w5PMdK8BNtsLuhp4p_57VWZEqwjisyAVQ5PUmVzaLZyM_P8aKthFVoY0pBxJw0GSHXWoSVH_JVEkOE7CN-f-WIcHwA5BhGfDqxQQu3mZ67CGPu0Lbh0I9TfOjPbc1sNueGztAOrXaI4busQ_2Inxwg4RqT8ZhNucy6pf52rK00t1if22j_8iyk-p6pf4H87NtQEEQkGiJ4wVELzTk7S3YSgUwven6TJjGejfqeT6EJNgZKYpy1VgRq2tDxp3hhNyB3Y_A8VmMGTufDnm9S9kUfdBJj5x7x_NoaJ8KiSPVT1GeZMGTrDuJd2IKIVlXon496YTJC4qOYYEN8HFg0T8PTaRUSmpRdrg==&xkcb=SoAX6_M3jA5DXoTCT50CbzkdCdPP&camk=ethIe0s0hed5mhSVDYdqwA==&p=9&fvj=0&vjs=3
ML Platform Engineer,Optum,"Pune, Maharashtra",https://in.indeed.com/pagead/clk?mo=r&ad=-6NYlbfkN0BWpgndjYL01xMr26yTqLCDFb3b3BUdaEwmMV3w6lpNxfdb7iEvGm0gmfmM0o9B9H8sAQHaSDZOWq11ucAdr2DQJCw51HcadL3LS8DPfxrycfwm47_g57dwlnmeDsyH5xs6k4DY8gKdZdlQxojewl7Yzi7cnhXO6f4W-JBCd6wTne4UsEOpvrUuVueUUkBNBigtp6J4qVYIomX-vvy83QT9F2zGobl-f3BDb-ZNhdIZpBYb2njAZFN-z-Cnj5WlUJBnQRl32OW2F8bzY7CsGxHxNWOBzjBkFZ2lkQx-cfSTw_R0chcHRA1NvaSuC-BtOrRS_-1RzQzNTatJNmYMDcqfmA5gLthuqdSL98Q_VwGkl8-YK4mciNrvlArWjM6yEtuT4JEWewKRRZFWX0fbvQyINWFzzsEWM8loooyPbTEyAYzP_n-DxvUWxtSiYCj_cYdV6F-L_xz41xLkE2RpxELNLgMwt4jsd6of50qtqj_aio-lsjgB17xN7pmfY5HZj5SZD-3TrYrHB-ugQXCchHSUgKMRLJxV52pHpqGkPOnP7ZYI8_1Je3qjgTlRZu8yjhfqxjg7rHuPhxnxHjZYWeRaZgOvKFysurj9gSGo-yF0WE3en5M2rRj3IOWsXHTwV8FzdfmqbtSO4cvupoT3U_JZ4t1Xbn6fzQ-QaQwjJV-05iXQnawcvuIN7gj2vZRcdovTZZeqctnNIbPAqzMTKWiZ2is4GYOepHbkfSjGaiiap6biXjEWY2iTnOlLexVHjptGWvaiMBzM64-b4uDieKkXEUo-hoK2QG-tBBqCFOoB7tBaY1yi47L4&xkcb=SoCK6_M3jA5DXoTCT50BbzkdCdPP&camk=ethIe0s0hed5mhSVDYdqwA==&p=10&fvj=0&vjs=3
Global IT Software Engineer Specialist,Boston Consulting Group,"Gurugram, Haryana",https://in.indeed.com/pagead/clk?mo=r&ad=-6NYlbfkN0Ad1FFWZOsBBwBZDGouyCcICeLSd3pQct3wJ1q5dPO7JNFPcbpYQ1XCYdTOV-ko2T7nezE4HsVeyx6Iw3T6zS29GdzaUuXtF2ttVBX0MGv3MqQnM43dPg4noe7DabtOm5TDWqnqNkohcn7p_vLQduMI4DspDqMkDE6jGynB3b99vw3aw88caHRp7YKZDDZLCVnAUBkwueq8f6KLH1T_mSJzzhsea6Rg1wcMBuLrHanxbjo-c9Z80FiL3wj8E0_AnVch--UYJqkTNtajW1q8jjNvC3q8GMKJgt8RcUCrBfzjUfBJFPNTjU8uj54T4EioxcdeGTGHZhw1htSIqJxnq59EqLZ6FZI-fhzIBhpzxk4SLBnSlBpFKBBx7Dfu-_mHUBZ-ayY4DlxEmM3iZXoUdqOuUgHi9ytzz2fSa1mzeOA-l1xiNoAmvgpdEt0aOMB9wK6XNx8v8jgk-UBoot4BIU0Ys3kGyJJjxSnkgDGrzTGx-JvPqO6HA9JqQbWl79DN8XCg96P3ZkTf7bJWdTFN1_DvdowGzBQe6foOXmGgELBWxcv0BiT7LD1RGHkyu9U6AOK9Nqn46fdLsfYZpXC-VkZCRC3mIb75ffI5n-wuus1jwWOYeMpF3A_Kr5rvKLr49vjpEJ4quTqgpQGjZA-cne5ZMTLmGIaR3lPJ7dgu3QtG_FcZPWxOm0snA-WMwfA_qXYysp8iSGzb5EQaU47l4guInnrFgSDWFpKiSLWxO5JmMFCVYPBpQb050sdCsvjavA3RIob-eOB2fmBT1lYzx6NdCI3T3uxBdf5-QDCTd8gqCtsA9xCVDq368ZNglwlBbFdG0njaBTs8lQ57IVFK8LhhaJ_aofw_nzdRKScXwgRX10kUGJS7tkCopCk727UO5Lg_mfFLpmsxGApqHmW6aLKV_ktwmqTXHZj5WFVTYgTG6yrwd8iIxtXhgn0ZO_IsEdz0s8Hga9XwPr-HbbmH1eJZ3auio7MQXEP7hsUxQ8LO6X0-tDQWS5ADQK8aS9N1gCBzjM-elw4j5ukM3Y0UIhqtJZTboVFO-pFjWad-q2DvL_uMaOoIZt_NU_FvhagY6kxleYavTogYFobCifJIJOUXxPAk2tl0Dlzt-nFF8D0Fhqv5jKuvvgOZGiTTMAj0AtAcgzoGgKYwNxmq951qMVkuYgQObyFRPCrSG5hIO9R4fdIEfSEiNfwjXlBa6jiPZ8B7QvinoHXp1J_0m7pJzLUc0K3fgWEzp-bTxqVX4CvrTXnndr-jkbmNcekCvPrdnHMLu4InQGpGYcOxAVG3jrrJD3NEaTEMuqFGYxTmFg1seqnaXQLEbKuBi4mqt2LLl6uGxCcXLQtIrzOlYjeEnZjUL3_o4BZF-RHFYglvelaSuBvHfntQ-bUz9X9rjF1JdEn4iVxs1N80slKqHvwC5CDC&xkcb=SoA-6_M3jA5DXoTCT50AbzkdCdPP&camk=C3EPSzFlQw-Kxz8aVjN35w==&p=11&fvj=0&vjs=3
Global IT Data Engineer Senior Specialist,Boston Consulting Group,"Gurugram, Haryana",https://in.indeed.com/pagead/clk?mo=r&ad=-6NYlbfkN0Ad1FFWZOsBBwBZDGouyCcICeLSd3pQct3wJ1q5dPO7JNFPcbpYQ1XCYdTOV-ko2T6KmifjcajPnZF9_Nf3a0Q7sUOgEfz8b4FKzadvVlw1DYNstmjm8BchzuUqvw_dk91UKH9l6ctZlbXVe0u_1ydhW6YKAK9GzoqlA62yQev_8j2frZUcq85hm947Sqp-5pPNl6sf0ipMsxBg2fPaTRBN6Dn4QVEA--BcycLchWMyJoDlrTX2frtota8d2v9EByraJgtCPObshA1VP2UFdqt5lfrP7eUCa9vp62F_u63Yr_GnUfofCtIJInHSk2FXZfkB-4O_dmalI47kGFrF8rzN3Ejnt8yT7u_T_lkRXtr2IW33MjJrTN7TDJfVRwqTY90V4ExQVNH_t93Hi7T3F7gcCAkX2Gx_f7UlSe3eOuKNk5qyVHowughjpFlYnc0NYJdLpl7XlGbO78HDHAGkpg2RmCEwzouQ-imtJ-KdFmbKoOEm0hiwSmoHet6WEnVKurzOrwP2uG3B1KkEnK6Wf7fUHZwuUVJA9rMh8Ov2nIAwTaUkUeeoErwsUhRErioRblxYXSHc1e9OY9AXTC1L7h-N0EQN4Ch1Uva6_8YyckZqrMFz7-8-VAmw7aV7_NSzMEvJcTYBcF_olIguvIBSGAm4Fzgp-N8FeMcfMOGdTEQZRnqm8OF3FBbKhyL4JaVW-e7gVsH27ji9ddqyXnDxE_UgYC6qvqD_-iH7om45mTMt_rHHfCFyA0XBdozCqBkWw-L5cavxplB1RRTQYmuCm2N_tWhKIX2mO3FElfhGF3eD66p9aHSGvgI-u-fOGK3nLsu02eOCJn2p0_6Sr8IDKUIRWN83RO807FZdrpjLRaB0zL-OvTQe-KiluFxBqX8Gw8_a8I__jPTC_SRnyJpor5hgbmZWX3QF5LHbdMxtcYlCQV6D3b9m3BZvh9rUKz4vfAMSZ50DUwS8YHBG1s21WMpj4QDoawSFQaGlKEwf4HVV2HF-0psiS-UkfKT9hfdjwsxbU9DqILCGSyTHAfhZODgiV3cpEnvBujLcEwexpWzaN4leLdIkiPqV60K53ugQAUj7qRgUI4uzOfEHfxDLJAnXRd5MnQ60CgCRQKpvfeuJjcOwaLcqzfZ3BbXUQ4-fP59stP4TyGdsYmGPDy-79fKB6vLZSJojt_YaXZBC3FnfX3RLe9H1Q3LKx6dxauxtcelARIKwm_fYKuJlDiblk7EQzIKXC326ZLlVXl4Gr6xf742FUnG0_q4ckcfI6OUCUIAXE8ufI8Y2ziy2MsIci6iYB6H2KkeLdGpWQqQ1DqPoiovP_cVHk-miv9S35aBNHn4l-7vNj6lHSL8RwWciPustJ-n_BIzjipoXfmGgrAGbpolASpE8we271-g0OjvXA7Iv_RXy3YtJ-tarxuiMvyeC&xkcb=SoCw6_M3jA5DXoTCT50HbzkdCdPP&camk=C3EPSzFlQw-Kxz8aVjN35w==&p=12&fvj=0&vjs=3
VP Software Engineering,Optum,"Hyderabad, Telangana",https://in.indeed.com/pagead/clk?mo=r&ad=-6NYlbfkN0BWpgndjYL01xMr26yTqLCDFb3b3BUdaEwmMV3w6lpNxfdb7iEvGm0gmfmM0o9B9H9azCCnJX2KMHZ1MzTpWjiOVcRX7cJB2DXA5s3WOojImXbqoeLM6cFSsEdHbqm6p64HsMYrevaomVVzwUQwQgsOcRybtyegYyPVX-7vWEIkA2tnC6St2wjSI8-tpRkXDQVIfkCt8BFW2wJdhY6bqrrBy4kgxwWiK8lwELzQM7O4ImGXydMdtM-H60NQm7MdhXRdpsY0AMLVzGeL5dUEC-TSz8e3s6zg6Xjy2VYKhAE18_xP7OZretgUaz8t6SvrK5rN2FY4AphnaaGqNXFwxEaRcQKxb_7itBDQfXTFP3rlrFZo6EnYtT3XjTaez5tGbwC_WuPPdP57mwjMkERu9Aum2eFIm-rsyZ0j6Xs8ejhzBbD1cZnpCxQK02nlB_ldMAdKX2UZV0yWDnMcG0biX9C1admG-KPab6z7WEP1xyfDQrLmCyYeIS-vkmcCzEW4VmRMccpZlySPuclhd6pLUUTvYhQHuY-OlBJjPqBusHSG-ATsaG2-uMrIZsFIfcjfwTRtb_LrDWHMNdxhpTIi9rA7aIF4oi5tquQ_of0GsowIZXoiiSGN2asljBj7EvEasdlUN6nr8mBJfI3Hrmt-YLYcTiCiKqGIwKURtTebF7ZpefUl3_rSi8PwYQfCXO4tdmWxP1_ptbAZZyNVmC124dNQDbWiJJjZLED-ApGhUs4lvc3ouePFfuYOAmpeZinseHtBsDusSPXho8uSjKADF0dOug85JbMbhsyTBwMIK-dyjQ==&xkcb=SoAE6_M3jA5DXoTCT50GbzkdCdPP&camk=ethIe0s0hed5mhSVDYdqwA==&p=13&fvj=0&vjs=3
IT Senior Manager - Data Engineer,Boston Consulting Group,"Gurugram, Haryana",https://in.indeed.com/pagead/clk?mo=r&ad=-6NYlbfkN0Ad1FFWZOsBBwBZDGouyCcICeLSd3pQct3wJ1q5dPO7JNFPcbpYQ1XCYdTOV-ko2T6KmifjcajPnekOOgnye3DofCxHGwhtM8s1siMcogsnXNSFbeNB-KDw2kERAZKsppENdPhn52E8v2OaiMfApy4NUAWQR9Ueq1HXGJoiXaQm9NKMdKDzXvP1d-UM2AhI3uz7AVuvlM0EVe31rGKDDfB7E7WMMF_uj4bBfZzLSFfrQm8UXGKZZtMbCGFAkI-HJjN58A4WEQ9r1J8Qx5SeZRmkXbSTNtzCwcf7XYmzyA6AFpO_kxqQDgwqwmO93V1I4_wkIPXeRYeYqPESQ_JnERUxJRYyiDop_TDF29iYaY6V-7t35ZKSsin-4LpZbDDTtNnKpiMVDwSYun0LBcT2X_h_gLbif3DZhbm1Gxo90EJg--OeeL7hymwMaujT9yBxDVRct88Dus3AovaQflAUsKOhnY4NJwurB__zlfBcuIHjopkO-HFnd9gOhNYtpiNXITYYFu0RshiHqd664i86yYbqIh6wStGNIkLRuHU317rg4OSLygRsVRf5LV0pXo8tVGZF8HtDwHNw1NQ1pcQ_j1PF_-2IlWKvpsX47yRK4qmp06zmpLJuzwtjNpTw5MlDFmqKbchVimgqR7D-zChO9cBkAc_yciQakpxqLYArywEu8K0tDsvC629MpzeStzxXoivKPOJDRUN8J8wKTpNrZSZypDy6leUTS-KN29PAzF1a6e-E8re-IVyWABWg72kshrXkIxJ7gVasScD6vzhR96Nhlp7-Q34zLo9DkCWYh-Xhf3PHvORslN3HV6w1HoY2qgd6C2d_tX1rGW5o1coCFNWbKmPE1eUUJVhnp8RxkA981mqEciu9bHqz-zO1v_L259WMiWmhCINUd42L1Bh5Q9hCfgKzVEp8Ol8segi0f7yF4Rxd-er6qgi-JJWkH4_c979PMn7OM-jzY6hjNDBDHkS40E34m4-HaPz7uXU4QwgH2lVZ-u5PWZM3MRNxtCBCrjFIAWWasUcVS78BUFMfcpajouOp3QZksXtvJiOdSrqbmDmodhNjQh6lbtAg6-XsLeWcC8zSNWViWl7I4dEFFy1igYw8jMEITYv4MSQS86qVmnlM5b4Qt-c_-Unlce8zvhM784INe5hQIZAOvPA3-GgaScrRjDGD1X_p9pkWTK_aO0gZuIGFgU1cb0eA-RZiyVimrr82yhHhioUpNYlGPL5eKyWEGZu2gUFqxPInyVezVV91SBHf9NsSfFoBfhMCbs7P1o7Bob3Ve6sohGuKgfYmnz8RdziT7lu_XGVP89WhEgAw2tNaC5BC4ZDNoNzQANzUM72YjljMBAvtcZMlOcsQaNsct8pqoFqpdqyeq93yBySD5JPj_YKoVgpYQkitALw=&xkcb=SoCZ6_M3jA5DXoTCT50FbzkdCdPP&camk=C3EPSzFlQw-Kxz8aVjN35w==&p=14&fvj=0&vjs=3
IT Senior Manager - Data Engineer,Boston Consulting Group,"Gurugram, Haryana",https://in.indeed.com/pagead/clk?mo=r&ad=-6NYlbfkN0Ad1FFWZOsBBwBZDGouyCcICeLSd3pQct3wJ1q5dPO7JNFPcbpYQ1XCYdTOV-ko2T6KmifjcajPnekOOgnye3DofCxHGwhtM8s1siMcogsnXNSFbeNB-KDw2kERAZKsppENdPhn52E8v2OaiMfApy4NUAWQR9Ueq1HDsQxbt9xz1Xl71xsdcMKVOO3zHuqpTrjdVuBiaerZT6akmxNjs-vCGuNSuR1tE7qX5-EA_UbAMdqCEpG7-hPxE1J5ASlvr_uT9zT87oQ7o267bNwSCw7bKa5IoreOnomBkHLanoCkXxcuWUN7oTH9QOJXXzdMDtqav2BPUuEKuBc5H12lZQ9LDJp1O7_v3Yg3ryiDWW7f5t8COTb4WOPJs02VWkCT7Zff4D4y8Fo9UqRplVpxforBbskeiN2EF64h_IrVeeYfV4kC3RbVsiFdf_SGchMsyyEbCTCPUZMUDsBnPmqRZkcS0LU0VD88QFczkTlTljrm7xa4L4BRH7xi7z6GEknCa0KCjnrM_a8hPvS6qvqHzx4C-RD1SOlaB5Pqpf0Gjr1l6XQtzzAKK1uYr4X0OGpv-69SpTnvxifd47GbNSwXPv17TWq5dNB4MPkDMUyFLph1IB4QOtWK7r_XMd3PMhPIPW8R446uOj1FXlocadTpCX03AzkAfEmCgvzncK9AocQ1Zg1HmrpwkC4ygpZO2gfeQIIRzKmFPz_1gEteCVn2mPJ2A1sRafz7HnCuzrtw4lH4J74gtr9YHandExUTOjeFFxcBqn-y3tHk95AthVwa9d-sREtQkJ3lqy_3FkG2mRKJC7cOdp0f3QDeWY3Sxs7YaaPW_t6SPNquCHT5qFGskw5cl-9oop2nYoD1OMoRAnfj4eE1Rawjad0V_Tk98utfcNULkiSaQc34OBDCzJH-Nd8QGiWekS4jzraBzWt5PHdxmgH5QODzfb7lEBkSZGmODs6B2vvXdddKbu2NRzmWVG50PxkEaPwVEAYwFNAky372MgTvNY4x4YNnANt05TsufWs58bVHLJQmjBy8LwWP3pamcJiG7AL8aPvbiLerRESDrvfkojMCrMkvGJAfzgBFucXU76PnSmigM_-3JCwOCiHp9FR1C7y-pOWAFyfQRcxhcQMzz_9C3ssshlTGfg8dZR0zdgtZlgzd0mXNETg2jHVepIF1CJX8_yq-G1rZuN82NrKZGZ_oZlR66hYmFO2xs56WqnrOBimc5TSJpZCdknocX62SBhmHYinGE18Fa2tQEon0kU39rLWlf_xHqOMaWP54hd0HCOOUtyFmFbtyDQ-Nc209BN-ZAlHbKJFhsFqDT1YHDrZHz3J8xyrv4833yFXUcHLgKgfJymxdqlmi-tq8hQg3OK5GBuNmc2sUqjFg_a-rgvdYcHZiOW4wcNDmk-OwUGNCg61MEA==&xkcb=SoBz6_M3jA5ATfz4kB0LbzkdCdPP&camk=C3EPSzFlQw-Kxz8aVjN35w==&p=0&fvj=0&vjs=3
Associate Software Engineer II,Optum,"Noida, Uttar Pradesh",https://in.indeed.com/pagead/clk?mo=r&ad=-6NYlbfkN0BWpgndjYL01xMr26yTqLCDFb3b3BUdaEwmMV3w6lpNxfdb7iEvGm0gmfmM0o9B9H9-vYCdyBADKYJ2XcAGaHOr1FF7kmZBCarKynACEG5Vg-TAEwXruiDkq6uzhx4b3dh4aQsZhAfsaiFGiJt17pfS6erItOWVkCy4oSoDGSD0MSAHxKrj0UQuwBUJNg1vSEE1LDeBTu6fdMVrDdR3ex7-PyQFfRhGvWBd4W0V9VH22ZVpNB4Kg7ZRL5x-gOrKfn4vuiKElwnOFoLmlRq0I0kp_ivmBv6qGedhpma5vwiPOCOYQliA5QArCftv5kz4GYIfwpzfg3z6NT-a5eX2JFK57763RMbImmtgRj8u9ZO4O5hwQmerwp5eJ5m0NZl6Fd-W5spuMz9Q6eLmSny4pdFAFy9SgfGPkHOfZQh8lyb9W0tjuIqwoeG3s9ilqa0F-hx7KaPJXNs5Cfwpf3vMQS6O5arpWqqQmIzNPlBqtzIIusXw1eoTCTbUouYTrl-tfy3HCzYHhaxgqOnVIyRx0CtBotgUNr8xGlxClKIkJH4ydUHNRuj27e126sVOlAevlrGxsZh9UMbBFu-SgNHhh2ju_MGmDSEawaekYYvTuRoATgNwX-H4E6zvBoHHvk-Ru6TNZvlTTrDEUYTbA6tVRw--zA7BWZxfwPGh8XffELhncFQBd48S89tllkA-2Z5n8eHMs01iroGy1gAXl_7w0R3Ox1Vs_dOkQZArac3rYv1ASUS0kV2uwYPLDQcdP7IPT9de0BoKR7700C3cJr4n_gmhjagOvGWLRzziQOhC3Y1ZVQ==&xkcb=SoDH6_M3jA5ATfz4kB0KbzkdCdPP&camk=ethIe0s0hed5mhSVDYdqwA==&p=1&fvj=0&vjs=3
ML Platform Engineer,Optum,"Pune, Maharashtra",https://in.indeed.com/pagead/clk?mo=r&ad=-6NYlbfkN0BWpgndjYL01xMr26yTqLCDFb3b3BUdaEwmMV3w6lpNxfdb7iEvGm0gmfmM0o9B9H8sAQHaSDZOWq11ucAdr2DQJCw51HcadL3LS8DPfxrycfwm47_g57dwlnmeDsyH5xs6k4DY8gKdZdlQxojewl7Yzi7cnhXO6f4W-JBCd6wTne4UsEOpvrUuVueUUkBNBigtp6J4qVYIomX-vvy83QT9F2zGobl-f3BDb-ZNhdIZpBYb2njAZFN-z-Cnj5WlUJBnQRl32OW2F8bzY7CsGxHxNWOBzjBkFZ2lkQx-cfSTw_R0chcHRA1NvaSuC-BtOrRS_-1RzQzNTatJNmYMDcqfmA5gLthuqdSL98Q_VwGkl8-YK4mciNrvlArWjM6yEtsAs9phykW82RixnUsvTjHY0kvKxtcWIw2eIzrPscYpp0NINVZ4FCZgvx-N52hI0N_mVi0aB0O7nr40LcByUg59ZB7alZRNQ00ischF1c04X-ESXc0zjDtv6BAJOKwNZki7ii0X6WLVV3rG5z7m3TAPEVNA18eGveE7six-tQ1nByOPseea3T2RKKwxcREt_ASy_bZTatnJlkrIxTmkD-dWIR4NGnsnYJrexH03sx73RjqQPzAH62X54A23Ixuo5pAOkB11_zjiK-es3pkUBHSjmMx_QYfj7at-Kmvs4dBRrejQUMn9iFRsFKmaeC7OJG8HYudKd2Irhb3CX8OIlpUEi2zSFeBS7zsfO50DFlvoNtcUfPaEVOZe6mFMcUjhvv9iZqyWc7Q7vr0c-86coJ6mzhBdZyY1xhvdI_BJ36LhJu2bGjV_ytB9&xkcb=SoBa6_M3jA5ATfz4kB0JbzkdCdPP&camk=ethIe0s0hed5mhSVDYdqwA==&p=2&fvj=0&vjs=3
Global IT Software Engineer Specialist,Boston Consulting Group,"Gurugram, Haryana",https://in.indeed.com/pagead/clk?mo=r&ad=-6NYlbfkN0Ad1FFWZOsBBwBZDGouyCcICeLSd3pQct3wJ1q5dPO7JNFPcbpYQ1XCYdTOV-ko2T7nezE4HsVeyx6Iw3T6zS29GdzaUuXtF2ttVBX0MGv3MqQnM43dPg4noe7DabtOm5TDWqnqNkohcn7p_vLQduMI4DspDqMkDE7NZiRRxe0pKaFkyu5kMjYAHSikYQ3WrsnYzf4GiRvBjzG8q9KgEmZwDvr6nOmoKwiiQ3Sd9CUR6PGGCLpkaStZB3fWZ8mBRiwRpdSiarzaoVITvgkb9v6HulP_xfa7fPoMTBARmh3Zz3QGW7F9Oan6rQyCIn1zwKNOBkJ51UGn1m8A10GIrAJVTbC3XAOm5AfZVMtaVhdYU5oe6BDuxzZs23E4eRXVh0oD5bppulpnbOalIxgol2lGWR6VIOpUlZsE64hnRV0bWkpXw_dFQmK-x4O-vTuFv8AE_Hj2LUGq4jWztBhv5fpiyWmrR5h8UPP_4ONjY-a59OoLRtaV6UZfUgxGp2OdesMlJJugYQEsmKOlG-Nhb6UYT6hJrjhDEUS-ZRJsIQ4JcdA4wWEqqMIHBE2cCy42Az2qcLCOb7zmqlcDvQDdcoD9UlOICjMhKjqqbhlYY0fjFRtsXvxigtqTEXYhlvWx-5ZcHuJjTSboKeFXiM8zIaG_xLkhg-evcnxBSAwRyRN5CwCVqZD9lWsiCMG04RXymX9_CqJUAJaQFBWcxK13eRhXE1TSFhdXa5qVWHeuMSmfsaawGSmftb0a-mkGhjNoqfipA2_cWssDJQNnfszs_MFvb45ofvoDM0MyIJ1LJZSQQkLT9RBSkHL4VaC4WLaCOr0oUvc9xtl_Qz6vXEQSQrX0Ud-DGek7bWxKte5phC43Lxap0OF3gxAikfurcay6XecHVcjXg_xysXGoEcscMHMKV0bsBa4QlT9d_zDYd1LL1yHsmVHWyulPcPNYdkzQKpbEGieL0szzZ1yWcoISpzCzJXwlIr0VqV6kmoDo5DurLsEtcumBz-3LZ1cTBQSwypnD1fEx-0lhYtDyumR_kNSMoq1P3Cu5sE1krA-W1VBB0wLFt5PCgVa9gZmvOIj3vGNVLGstXwWjSMbhlpZeiB8ojEjtmueYeETL_C7cvRgQnSUc3T6GvPm_5DaJSVTZbzR_FJm7AJXuUxGzyLRtEWC3L8aqcf1I_9hj0qGGgzgCafq4akHT1VO-L_gAIcZc7yiXMu_YUGmTR3K7ye1XPcZmuQN6hPkPyZsT5k8u9Q5gG-YX1E6Zszxq_BD2rBKRAoZzfKDRa4vo1lZB5ft_1vgw3HGKkNdIUBLoFzvI0LF60oKSMg6rKNUg8CDkxYXZLTIis_fisyfgAFpQfv6gpupMzGl7OG5xVPo6MEKgBXt4M-rG6A5XcI1KG8jEutCoil4ggbzZ3Ft1yC2m8QOykFqJ&xkcb=SoDu6_M3jA5ATfz4kB0IbzkdCdPP&camk=C3EPSzFlQw-Kxz8aVjN35w==&p=3&fvj=0&vjs=3
Senior AI or ML Engineer,Optum,"Hyderabad, Telangana",https://in.indeed.com/pagead/clk?mo=r&ad=-6NYlbfkN0BWpgndjYL01xMr26yTqLCDFb3b3BUdaEwmMV3w6lpNxfdb7iEvGm0gmfmM0o9B9H_fQy3IAV1ut-KWvCOqzUIE49DZMJHgWFCT11aLVqflo6QfxogYg-A0foR5gvDl3V7tAMl7dWGAyqshfFfyBXdLOgFzPks5AE7G8h52oN3j_fVHXPY5VuJ4E8Zql3j18MMiLBWgb9N1EfSuQa6exgVgCMGF62Q-D43spo6Bzm45qM3XulfqX1802xYlTWeU3Zlgi9wAZmOpftsp7WWAhoMUPM94jSDK8ItdxktyBFqyDllKmtupU8SLMK4nIWH2aNLpUVrjy8E8p-fBuipdREBpzOaJCI-9PV9t2k3ROev608O6kE8Skg_-Xu10zZAedSyPyShpBR5KOgBFG2MU-zZsZifzan5_ujq9YFhHTBlqArIFxBKCrAQ8q2nIRAGls4XVkqdI5IWQor9N6t72494Qo-XdD2K6b4nwMRvu-UfSDm1k3tEw1RqW_zllUuumUoZ2rPPfp-z3MNqUAmr2Zb4qDOS1d47svDc9tGvdoI1gsgzgtS9R6HeSgOuF5y2_CrcjtKd_hoKx9SPSSyzbkqDqNkExFzNVx2Inw8j1jJkDuMZMbrShtcyyuPTFYkBrESzIHpJAp5hnqfBQMvlYTXv_eWmTQg13CGDxO0LE_AAfcm1t1gLo7MS_zTkKH1QduLruN1DWRQOUwtgvz0tQpy6s4xxBHFrJ57QVgF6_l3in-cK3G9_p2j7mYSevgAAGrMs6CFlAWhPP2RinJQ60zu8ot69FDueEyLm-ZJTBajtap-wLInVrj707&xkcb=SoBg6_M3jA5ATfz4kB0PbzkdCdPP&camk=ethIe0s0hed5mhSVDYdqwA==&p=4&fvj=0&vjs=3
Senior Data Engineer,Bell Integration,"Hyderabad, Telangana",https://in.indeed.com/pagead/clk?mo=r&ad=-6NYlbfkN0AuGb9Dem4ShGVwtCRHJKcvGuP-i9NvXVzJOHlKTXBAPouiHQ5QiSZ7_zkg3mFULnd39dDGK0bwfkoV4-uc6Tc1yJmLAGfc0KhSZe7UQI5wqoySeNHDucRv87H3qMTktqh6Sk2l2olYWveqzBqamxc4K_5vvq_UjMCSaCet3H8lwSb04O6NivapT70D8G6hoJJGwg72iWB7KMeGf3dAZKYwy5uXDU9qYWcg50ouggfrtB4aA7X5vbW0cZA6DJxdsTQ2ZbLoOaciazg146eS6HUHlV3JZcvUXER7JFwwhRJbPV-LegWaAc5vcHqOvm6Ro4HOa_hmmjwrQCLs-PfIEV7g-_xW6674o4s38I_CaOLxdBoQI5vSfGNTYGO8RKJXY_n8LXwT7uc4AVG_g1Ql5dXBx4gvFzq2zhQ9FYwP1tpc61pOxrZXWwkciltCW-81pUlveHn3ZYTK68RsjK8-3EjqFlhyHSOi0Ok7GksLz4se56KxC5MQKfs-S-WVDvMFqNF3RjSDBleIPlmoARjwQAYKWoicl4hg2IUPGqlzBrSkKHXci64vuYVUkzT2C9Ver8zObdSgm-Tv98xykPyMpkLTGFxzBKf0DzboI6_6r2LRhp6kpDFXNmPTs8zdLI_5xE1ILmS07GbhEDVVuoUg1SfhWyZvi_JDJED3etRcqMpnkKb_VlrEvlf14k3m7hWplF_8L1FA2mYGZcPQ8kC08pgW63vYnlS4Go7-SYhJjRvVKTphL6grI9MS6vaAz2Xw5HFnj0DvIQC2thVXQ4gCBrcy5v1r86cAQm77rGl8rKxK07i7Ku7rRNz_oHFwzMM8IV4vKuqojIXbcIseNi0AaipaT8WuvBTnWTowvkLfTkw4Wj-8SC7Fx3Vq&xkcb=SoDU6_M3jA5ATfz4kB0ObzkdCdPP&camk=UoKtGZLa3XIpCAUMDxbk2A==&p=5&fvj=0&vjs=3
VP Software Engineering,Optum,"Hyderabad, Telangana",https://in.indeed.com/pagead/clk?mo=r&ad=-6NYlbfkN0BWpgndjYL01xMr26yTqLCDFb3b3BUdaEwmMV3w6lpNxfdb7iEvGm0gmfmM0o9B9H9azCCnJX2KMHZ1MzTpWjiOVcRX7cJB2DXA5s3WOojImXbqoeLM6cFSsEdHbqm6p64HsMYrevaomVVzwUQwQgsOcRybtyegYyPVX-7vWEIkA2tnC6St2wjSI8-tpRkXDQVIfkCt8BFW2wJdhY6bqrrBy4kgxwWiK8lwELzQM7O4ImGXydMdtM-H60NQm7MdhXRdpsY0AMLVzGeL5dUEC-TSz8e3s6zg6Xjy2VYKhAE18_xP7OZretgUaz8t6SvrK5rN2FY4AphnaaGqNXFwxEaRcQKxb_7itBDQfXTFP3rlrFZo6EnYtT3XjTaez5tGbwBUTfgt2Czmma0s1cYv3osRGvc8tz0rWqjJfnEStjnFbV70om_GzYBERf-3WvM_5Sw8agjBjIz_3gBWsKKZutE6IWhWyZCHWfDn-L7Lu1JTZ0LyNQFn1zXTT7cI6AxsXDslUvuNpSJ_1el7FgzaXsMZKsMlyTClQL3bEhvB9WSxh-ODG1wqLFPJsJp7AKLpxnX6_EL8lqFDQ0i3pBTRxVbY_JLmNO58UZm-yebbIQXsvTmezGSXIBAhmnUz_17GS_ORW4BF5hrn0_uhaTHXOrmVCZRUMHpS84Lc4uzii200ZzpTan7eCsVANVpNjb3GYV7ex4j5Alu0iCQfX2wm9u3QDhZIBzATND6VWw6SMYAtxpOrlnXlzsQHwb2J2YwfYeZCKkwECDnlWi0shLLE_PtAIoPi1UIspbwudu2Ts5Hl6w==&xkcb=SoBJ6_M3jA5ATfz4kB0NbzkdCdPP&camk=ethIe0s0hed5mhSVDYdqwA==&p=6&fvj=0&vjs=3
Principal Software Engineer,Empower,"Bengaluru, Karnataka",https://in.indeed.com/pagead/clk?mo=r&ad=-6NYlbfkN0CyJmwgmcHBoUwL-M1HuuConG52jHt21OR0WSEVXD54SWSUdQ3Cqs6QtS0hX4i-SzieCeOtHQymFGTAZvCLXjwCzhTQdSs9TY6ENc6aIJBhD82vvWbzEa4QaAnfSvmm-GBHom9moibWr7EpzmzRhHDzUbx9ZDGCxIpTp48MKpTyb886HpoUDzZG2PrNulu5ecy0FhDOaQxBfR8VexpZ0sG034higo9IcuEzKoa4Brqe99A6PELZL0ijlZQh59rRgWzXdefGUOzELZKxb-Vd7m7yVLHHs2_fdDqWZsRr8lGGnL_vpA3Zb0h3JzM4X64AT3RD8svRjfgPxfzsJsM4_nWraRzjq2hVtok6L3T0_ZZoGcQnqs5M9IwT1_Y1QAsTAWzEXkszEhLcD35a0QF0zEc1AhasvZrErY7eQMR6VgNokCWEI_dhZSmmtWphV0Q4_rIZi--_YgBIT7eCsxHaRW3lllioZp4vM0_JVIZi4qbcBaEOqIi7W1LJLuSeVZFEq3N_e_bEGTLu17NE5nYAC3QSXwBkfXVENxbwbQcJQmzb30TgKn9vrTjUqw7x3egQaCw709RxTc_g0d-QrPSx48TwIXpS88jk5B5ewIXp0LQSzbcbX1ihzgX5JPwmNDBVV3YH216d3Q-H596LbuBnwQacyFS-d_ddkM3iym3SZIiBoZNxhUyiV1HpnOZQFoBDfZTPzXA-ojEAHeQND9qchbezzUk1upHbEyinLbtXMhDAGs9TxoJ0yE0eMue7OpHcfhtDD2xsoMRSPg0GAK3staDxmbF2AeMlcuF9z8-i-B9pfg==&xkcb=SoD96_M3jA5ATfz4kB0MbzkdCdPP&camk=UoKtGZLa3XLmuL0l7WR5JA==&p=7&fvj=0&vjs=3
Senior AI or ML Engineer,Optum,"Hyderabad, Telangana",https://in.indeed.com/pagead/clk?mo=r&ad=-6NYlbfkN0BWpgndjYL01xMr26yTqLCDFb3b3BUdaEwmMV3w6lpNxfdb7iEvGm0gmfmM0o9B9H9nt1LR1u4YCT1HWwi5naoyZ9ZIE6RD2o-wr_4NkPS4NRJvlFkZxb2ZPxsT5yt-CVU-fUI0vrlnLAb2bVHd0c7alK3zo2lDn1AArVEOI8QbXf4leiozKpqLEi4vUIY-HYcKpDZRmllotuh3ECvO_aA9VVWWtFNePq4X-WIuutv6tRLoJke-b04rLQ8tptfIFrDVyF8nW0U7U5n_W5Akf47ScjXYTslwvsgXLi7NQBraxFKGXpL6p0Mlg5lucYp6QITpCo1tm7XWX3EeTDtjlz-lCWsp9F1BcZzgRYEIcUlH99S_s8PftistpnCDpLzzb08GRLjQfbJT-0wNjubZWNmui-FzpxafFIbdClDdwp-dZ2b8NvdWSQl1gWOGXQr6eK3lspSqYXm9zm_m3N7FfCNHA9PVLykrK4eoRMyoyt3XRDga30216zIQUO96UAoga1cswL9HjrHFyr5sYvstEV5KSLIiGedMaNfsqtOqrM6J4U5MDGH719fODTLOJwNa8v6PDk_3xvM8lpkhePyaqqkEf8KcYfCpyrhGS6iwsbLbZ2QzvLZ9ZxTC89kmTMERRGKUpRlGY0ZPgs6dAsrOYjyCIqaAwP8WtT2VZXb8TxmoNv4G2x0qt4-0YLuGthszy-7L293qZJk-aXYLe5WpSwUjC3USQI86tk65FXD2wqOEve9YwsEIdbco8ectKnDC0dVSPI94RBdqi_ieplc2ChMJUBa6mqnuthb3fnBjIVn5VA==&xkcb=SoAU6_M3jA5ATfz4kB0DbzkdCdPP&camk=ethIe0s0hed5mhSVDYdqwA==&p=8&fvj=0&vjs=3
Lead Full Stack Engineer AI SDK,Boston Consulting Group,"Gurugram, Haryana",https://in.indeed.com/pagead/clk?mo=r&ad=-6NYlbfkN0Ad1FFWZOsBBwBZDGouyCcICeLSd3pQct3wJ1q5dPO7JNFPcbpYQ1XCYdTOV-ko2T6O8tkf0MVIl3ibCFhOvPKVOC-7-kKW3rFfB03J5CvLewofHk8H3buYa-UUEBw_DtDb77AwP8S8js6IViIyTiYUlzhNFW5Cbaagzfe4OtThDlt1uLLnbTHTb9gvNsqIwF1hH0K7wu4ryUf454zRiGKRnSq_i3G-0qq22tKK5pl6ZqD9QCyrS-5DTQW0Q2X9_mcxQuajHntLAG5N4huU8W_tJ49Oii8qZtd48ZvWvGP25Z_WOGF5eLJd1Of1KmHPH3mk06j44fVrHbgQI_qWU8ccVc2HHNzmT3r360XwT7VL9Fp8yUV4Id3Dxb0aa60HaYejl9mWhRXOvY1nkHrKjvKSEoHSGP7BpNabEIVw6ETrEG5Hh2Azf9U6zAoVtbM77jHJ37L9XGsJPc0wWBaspvX9IbMlsyOykhyjIxxVekEI6XJhJZ9aEp-e4PonmKbPBUut3ML8fspuETafv50UPx8wNY2cFSU7Sc7e5Mnay-kH7T9GTVEQcBVKEzNqX4mml_cjvQj-v5fV---IeQuKFiLjcV5igoYKvPU9xaQYj8YL7-dIJQ4F2c6qHmGbsQtg-Y2WXvmE61V8T-mWUJ1r9n_ZqpoL7WcIMQpUG4pVZsJTgoBHe_sYpU4V3Imx2ESx_pm4A9W4HOvGlouuICze8H0WI0U-uagjLz90elWjs4P0CRI3W7cm9piyS2a3R-x-59yPJidbBQKvTNh96D3-pRD3WwgKrOGoLriH-nJ-B0oBta49pmie3Rh6qSHsp-6MHIoqHTdm0kgZkSHwzieUQrxglOREU027EJjUkkZXmgiOjVS4O4_ijDfGpQtjxrp-3mHtm_-erfYsBAw6TOVsS2zlo0nmCYeXhuhbnVewWsyLG5ceZEY1hfd78viBPTduINVwcVu1FAcbyDOJDkI5dqEO3nrWWd26usszRajXCvIsEtzKpTfNvKAZMP6mJCQihbasx3-EYWV84mqbZIgxr9ld9Xw70sJpwCoNHCOpBj2Dv8Mo1I4a3lrnu1nf_bDHxk6p4nRDXtZJHKnGlCcSorVPKWqnli1heGNylpUcayfIerwWuD7Jf_M07IYWgEgZbfAXvrh5VnGHDPpuAxZVFTuvGaR5Tzc0HDyZdOUWbspgvtZNhhFunOubsbjOMx_hKGbGkzJ5ZekWmmHl82ARKFh5fNqUVzhx_ZWxQ0XpGst956sHoRIBK7SmQc02rkxWsCXn9ZDsv8WRQXdDM-tWyZxsKWVd4uQk1h_5HShfW7qEcnI5DJElgNxNiV_Anhh9B1W8OFfaD5_bv73hBDj3YI3W3b2hVRIcf5wgjQ9aQaoENh_T7mrcf7MbszJC3noPTvL4IB8DDoNG_Q==&xkcb=SoCg6_M3jA5ATfz4kB0CbzkdCdPP&camk=C3EPSzFlQw-Kxz8aVjN35w==&p=9&fvj=0&vjs=3
Global IT Software Engineer Manager,Boston Consulting Group,"Gurugram, Haryana",https://in.indeed.com/pagead/clk?mo=r&ad=-6NYlbfkN0Ad1FFWZOsBBwBZDGouyCcICeLSd3pQct3wJ1q5dPO7JNFPcbpYQ1XCAHtAAJhKZCbZ6-q3Rcv2UfJ3lstHgyTD91r3QJo98yqX02Fhvg63D_2PxuMuUXobjc9kehuz07RteRzdlVUtqyzyucIc2mdr3yLWVL71z4MjQu3WF7J7RTChGf1nVkRtRL9nV1X5d5wRvbY0Sk895pKCbaVe0wELTV-qumbNYfLCiKpycmbVbRiLd3vXqpItarS_RL9s1SMsGMMYoaNgHSA5qCk25e1zKpHAbmReCJJD-6Vl6O7-4zKm_Ys9yIRlnLzg5QQhz-uL2uP94sAl7-WK-eM7mtzM5O_sBT8K2Bki_z3xVEa9JG_I1oBapF9RmBiVh2uN9mDiX-gXS-ULkapxE_rcYcy7HHWej0HmLwPJ0FbJpoos04itLMyVqz_eVBz5x1CRmVKTwdszhwTAxD7Q8tMLx1rQqGFz8leFUaGZbb7YW33RFtRYvwGDFlN-GyeB4TTh_taQd0IbK_Ux6V12z9NgZ6HldP1HG1JX-VzsCps0ujsN5fzQT1a405aLaO5W5ibD-L68lHNsesP1RoPGgE6MhZNf5IzFP8dq8Gwb_ROrBAmOPcU-WaColKJ85c2bFe0idSHCsG__duyWub3O9J0tjqF_EadpLJNFtgk65knbYvdzO6A3YV3NhtW1J_DR8e4hsoVc-Z5N8PIZQbdsiolKGxqrIKxY7UCkb5DWbXQfvceKExaXrvGxo2nnjIdnnUu4I0rpKwViaAxbVgEBipnkVE9HRw6IQKUgUdtKB54PBrDDkg2EQmcFxsuo1n6Ybugf4erhhQeBfh0kiLwdipeTbQzVEaEwnIAv0Hhoz8LOCUCiFi0EOL7kzS4-PTAqkTpRBWcwBn8bwMxfR2ao_uqgilcSuMjPRWBWNTFk9EIObDzaw7_suGnUsK3Xfqh3cr27Ueoim4GdPcz-GKdoo_JnDaAnOhvNcL1cUnmZMxaIix24oEyiLg2lJwgz4vWE3b7xmkomlWm_F2cK15SLG50QABtNqOp4yi8WLH4pXJ0M-c1MdI8pySFfxPIkdg-SNL3-16S-RalTEI6frQGtUvz-1QbaGplUjpii9yzjVUsP7_IgSy1lOsxLwm_bwWXP50IrH6dciC7y0Ru-GJR8lIt9l2pPK9z8sED4NCpC5nlu6uq7Ac9oNxvEk8k42Wilu83u5owlPavC6LegDrlZPGQNOJ_2s6GaDPFONqAabJhQiYt-8A==&xkcb=SoA96_M3jA5ATfz4kB0BbzkdCdPP&camk=C3EPSzFlQw_yEGK4nS0jOw==&p=10&fvj=0&vjs=3
Senior Software Engineer,Optum,"Gurugram, Haryana",https://in.indeed.com/pagead/clk?mo=r&ad=-6NYlbfkN0BWpgndjYL01xMr26yTqLCDFb3b3BUdaEwmMV3w6lpNxfdb7iEvGm0gmfmM0o9B9H-0CEbCCZFJv0_NMlLHxkZspOyxvSDWH0ZZtvfEQuwny0Ba9IDz0dVDVFiIu7jWASwvQ4Qi8TSrr7pQFkFcYZhfoS0Qsy4IlIfe4Gl9QwbduJV3i0MUY4Bz7z7pFLEY0SGRON54PzgB9QICOVYC3MQBM6D1vo8pxL7pXmS8kv4bInBB8ffeqWgYswygvYQAM4sUC5iNEcsQo-MYg210WfNYERDeKSFs5e753TADChI924DSKhEZB4cd1oMfKXMq0aShiYR7hGZnFatufu0llpKX3s7XfBd_DX6g2TAyqLY22hR-NpcXhldVB89RjPBKruShTr8AIQ-LFq2_VlJEXaOeiIt3QCUUKqhEnIEbUdC24l3ACfvC3_nEPF6X2xgu2tNpvxap3hvcRXUVRGXkoHl8ERfxVLYffaBaMdWJeAvJZMDAt7V0u7Df4hCwP87s9xdXpzNC14cVd4ouVXwP_Wr3ZM9YFsZtmM2fKumaCRoN43cvTY2rwMMuY8cRIaju3l4ySIiP-JjYgkUdnR35bvX6dvpepM9POLoj9BfarzmW2LSGuJRkkp3ek2AIqrCtzE6xTdihpjnTm_EvLQ8_D2dffAZ0YxB93JQwce0pObd_PeVfLFroaF8SKMZZ31wV5RAiGcTlD0n1rCaaiBMdBze4_cWTp1y_7pzUdZBmKsxAHKMn6WCXzVH3nzO2oq8RJVMXyrB6efWwIKTvPTGs9b5foH6AV9N1TNiT6OZnm5wPzg==&xkcb=SoCJ6_M3jA5ATfz4kB0AbzkdCdPP&camk=ethIe0s0hed5mhSVDYdqwA==&p=11&fvj=0&vjs=3
"Engineering Lead, India - X Delivery",Boston Consulting Group,"Gurugram, Haryana",https://in.indeed.com/pagead/clk?mo=r&ad=-6NYlbfkN0Ad1FFWZOsBBwBZDGouyCcICeLSd3pQct3wJ1q5dPO7JNFPcbpYQ1XCYdTOV-ko2T6gAykM-5TFFLvOEfBtyxvMtaGFID2djxYM3DjIQUnaYlcq-wyU1nfVy0pWxOgzlXbS1HfXqNB4ld5Prgkbn08aJC-IZOCDHjittW4F0T7l83Z9snGeChSHJK9jebUIkkJ-hd3AS9yE7E_L4764JVab7i4ZYHVtydr4Q6XYEypt4uOSWC_Yqhbebs3PFFBcPPO5GnsIToh0uyhYNE23kjaFtPuAhEe4WmMXMJxqRnlxPLePYT6Lse8UczSf8tUuCcvyucHRpdRBH-CLrZzg30qWKRLTHyPq5E_cI3Izl5pR7waVhRR8SHLBqOtFDUESufuymNvHiU3hi5Z5bZpTpjTiaXfVvmvLjWLvMCFIamHrThzYwoxcvskcpJ8Weg7wS4Z233m8Knr-lHZT1Sql920ssofBZtrxW3CgRnx3HWwsOBmbnwtbUSETCLjS5G8tiHFl2vA8zHX8b_Psqx3MNutywFjen4IYYC-ZxPWE96jYDgZdwZbTItZX1tqWfWl2GUDI9-BPXjGXJJ8aG-PKulAYxTI9ordRc3DKGyyRFq6252XC_ODTQAozCW1gPoLfsc4WidX5aTSA2Rryfb0I1Ud3Myz-AU4lvNJWmSEhjRMwBHEN9FmdNYtCoUJ1QLV8BbVPgOJqu1TFMVXqoMuM7WBGb-vbwhcjlxB8uIDXZIpwKtlsyDDvRykmVEngP6XZh-S6tx9D-WgRSbA-IqIH2jS0xgUNOX-RBtV8sCk17OSD48tpvPkS-82p1688Xkk_Uf7wKmQAhAlXqOkzRhKo95Cm41MzJ7Iz-psbspmCFGh_q5OL8tlngqAjhQbtsUY9SJT6PMP93QgRnF5iyuhtzIRfT74OTTwY9o0XAO0FgAZrjIXC2pRu06HV8cW4IVVcL62pUSOCANuh07UVNRW2wEpa9wQ6I6Vr6WHYZyjnb8y5NSFL9C3j-l5YiYJmdVkYHA9IEecwCfpF7xJTXE856_UkSX3muu7BQWtJom9uNT2i3EBO13FyoRId63JM1XFFAw9IAajJTGMWqIyitWWDMjmvc-GvH5obN5zyzOZn7LJXwd0NXe0r6rp0VHKtUKOFU18-ZqfxZ-oO2FkoXhYCMpJA1DxioYS1-WJmlqitl-QHK805MSi1LXBabxEEFg572Ll-lgke5rMnt0RmMyfvQHu48ycPHa2mO4tvORl_Y_THqTg8CZJ-I3KoGEE26tLPoXzKVolPcQ2WXsXxUrfCHQnWXZZs-VmOiA4qrNzsHnJ0dF8We_zwe056KBxJY8GsyxlKnf_8IRZ42NDLvln8BXWTAGMzx8MpmGP3XFtRozhrPOzDsyrTZaY-AknmB3EM8_LJGD6nZXyJp5Az025qSkbPQ4mQ3Z7TXe-HpiCuwiMJMQ==&xkcb=SoAH6_M3jA5ATfz4kB0HbzkdCdPP&camk=C3EPSzFlQw-Kxz8aVjN35w==&p=12&fvj=0&vjs=3
"Engineering Lead, India - X Delivery",Boston Consulting Group,"Gurugram, Haryana",https://in.indeed.com/viewjob?jk=456789abcdef0123
Global IT Software Engineer Manager,Boston Consulting Group,"Gurugram, Haryana",https://in.indeed.com/pagead/clk?mo=r&ad=-6NYlbfkN0Ad1FFWZOsBBwBZDGouyCcICeLSd3pQct3wJ1q5dPO7JNFPcbpYQ1XCAHtAAJhKZCZ4-jt7IlAE0ayERTFXQgQUoBtuXtBklWnPXFtrm3YpoAearptRc8UNcCEAU98h3eKLuFphLWSqvxuOZqlX_fdDEibTC6KcvvZFhLlDsBWNb2f54dz58YBwmVJinIT3zntc2Eh8pCh143hnuCxitsQJTQACF-Igh7eXQYDhCFnQCJYdDn7m_WmlSett2sOdXALQt9UafVlHPLH5gdmEq5YytT5wPiAelHFoRXmJOzx8jyxvX0xO4MaQZ-gtQF46JwLX_CoDFHUGvt_E_-Bl1m1gMjGYxedRUztfGZu1GFne_HGAQ4i2L3geOFykltoADvI9zQ-zaxym9jJn2y7f-H-K8E776tzxOeXsL-3wdf1hBHNHSIctDXJBgGsdy2RKO8eD7nBDTaI2YT4V8p0hiTR28KECHC5KjBIYpJQaiU0SMDwMT4rp9q-JkMiJMTikgWFKwLop6-dbLnlbg3gOfYU52_GxHl3kaEwig1NCZpxmmMkKPinUWXnOu5gGRyRu7oxiNsGErwz270n9V2cPLvg4FRdKkFqyjEvvjyYn-RDyum7uTS1wxN0vlNUEQ0EwogSiLFizxrIfH5gPpWbdquea8IC6CT-k_9arShS537KmmFs-L1bR8_9lPU9G7q2JNXc1JRVg3tF7uK_n2Ebpd5zNgJhK6XimZxACQzUysarz9KV113Ti3kwwQLRh3ZyM3R_B5ozu07YPiUm1cKRdA_PbWMiYYJTxAU76aF5oUm2Yz3GY5RISr-QrqdOyuXpFWbpFMGtswEg8HacgCsI93NfkS2Bn3lIKnfBRb3Gwjb72Lbx1TMzVreQJpUETjvf6pL91V9e4FeeJxfRKPvNJPY6YynJtsU337r29cpAP1oeLbTaEVqocyAMNnnUWMftTiOXJRnAA-fD6btzGS4n7YAm_GQyH88PK5Xs3rP9zp2vuWay0HTqRY7_5c5wtFllVzeXuSU5XV6JAUtb1DJsZu9VUbj_XmNGXDKyhBcGTpddeJRrh3UkUzT7xEGURd538sF3AmdSCApxhnIKqmr9PBf2ALhSRrSk89JwMCn02dvLEnP7npro-f8cvIi8iNQ0an-T2AJGIn7O1qyto9ANpPIylBhm7cxORkWjzQsHGDsqtX7Tmf-Vb-0hwwwE6OJcXIGiAYWzTkP061wu12OOXFjlXvjQZIuArq6qEr0rBfB9T2w==&xkcb=SoCz6_M3jA5ATfz4kB0GbzkdCdPP&camk=C3EPSzFlQw_yEGK4nS0jOw==&p=13&fvj=0&vjs=3
Global IT Software Engineer Manager,Boston Consulting Group,"Gurugram, Haryana",https://in.indeed.com/pagead/clk?mo=r&ad=-6NYlbfkN0Ad1FFWZOsBBwBZDGouyCcICeLSd3pQct3wJ1q5dPO7JNFPcbpYQ1XCAHtAAJhKZCYP9x0hcqyhDS5MSNPM5qw4YuX0besl0oIp5XMRtpbRKlx7lkDalTDg1MhQSbOT1Bm3y-Ziodwtg9PDyUNV9F6X84OPkrXEAPW8SqpmMx-y4zG6qURVNZ4Gw4mZkQB1dHskrPfuRpnxH_942uwGx6P4kHsfa4EbeNTeJRHtoQLD2KGSN5vWzOW2QpCJl6oS5SamqJkmfg7Y3lGzpUa73zwzEwSZxHoY2ynpbwINxjTFDH6yNtKgjViclQRU0zGBNrQkfumEirPGw4x-SFU40VbLAPDG6oiEDUfRMxPV6aNCj-qW1DVwRryG0m5nyyiEfR1Zx63F1g0iPpg01MucAVvQVd4mWLHhxugZVULVHojbB9pGpgVShkjIyXrgEI-hdNRRDHA6_bB05W7GPt8egI1gTTnQHu1Xq8HLWbG8SUoYU8a6oN5iDebJgtKUxlfIErj7qJPYIgDh0vwLRS69lpHOVmBRZCtgKdG_WHjWyJDNRYgoJwEiJ46vPSraWr1wGyuzbDmel28cxyhlVRjyM-TxQN-I2nrTnGFnDNhczuI3wGNK4MCHaVpmMafQPkoGDJt5CDBNb5hXcwWeZAhcMC3Cqq7T2TFI88QHjsLdZAyg2GXdPr7Ad4x5ckte0wiUS7aqlf5AHPeSAWA-eyAltMpLWAkxHBc6eix2iQ5cWmFvqIV5nGnffTgwias376QAR8Fs2ceNB7wUOPSl4qibwcUpst60a7LOBISJ0ZwBBdBezRdyFu9y_2nvo2DQ19S19lqb1kPoONQbOE4_W-Lf6UV7jysmiNQmqetuG3K_KLCXmrHzgJPJKCpTBytpKUFxy-9D1k3GW7IzrGtyNnUtygbcSOevkRGxayjsGv-7_cenP5t4yKow5tVn55Ldf92pHhMKlft2SmLQ2JBugGYuE368MiH7DoHDPvARrDAuOgD4LPSuw_MhRyQs4QUZ_q-dPCVzSgQ8LNHyXE_k94-65EyVI5Y53wSl-y9Gtd07QlGWkwkTL1PPpVWngaeVDWSZwDHFX87E1J0doEMLOPWIkxTe1XDiOJWD3pwRWFLmjLXkaLc4C9342yFBBF6g_X2IstUbMk-hWDvXt8DahVpjXFgJ1jUYtPRUJC3FkNQLY5qaU71KQdEyHE2_u9N0XRhBBEeM3X7cG-L1rPHchPh-C5q6JeXoHa7Ep0VcByLkA8p0VA==&xkcb=SoAu6_M3jA5ATfz4kB0FbzkdCdPP&camk=C3EPSzFlQw_yEGK4nS0jOw==&p=14&fvj=0&vjs=3
