title,company,location,link
Data Scientist - Analytics CoE,Hero FinCorp,"Gurugram, Haryana",https://in.indeed.com/rc/clk?jk=740265cb37f8137b&bb=k5C0MGW7E2ofX_ABdA8wBu3Q-LOdQ17x7T1vHttw4FRLBgi0P85nU8xXcc-hQsOpYmnHNFARdJ_a96peQyMrn0mIERapiTWhmfXaZzGZkUKHD4_pbTn9IDjLATgaX37DSL_hYoAQoGcojJ2s7w8H_A%3D%3D&xkcb=SoAd67M3jA7h1rz4kB0LbzkdCdPP&fccid=a230af6e56b7cef1&vjs=3
Data Engineer - X Delivery,Boston Consulting Group,"Gurugram, Haryana",https://in.indeed.com/pagead/clk?mo=r&ad=-6NYlbfkN0Ad1FFWZOsBBwBZDGouyCcICeLSd3pQct3wJ1q5dPO7JNFPcbpYQ1XCYdTOV-ko2T57wlnQKHsRLP7P7BDYnxuJ3YoleXL9Cx1xL2MIF5_jcaKBnnzI6gbA2EDK_URH6tGCCIecFq2Z-L3IJbvbsKbWnYrVzroWRFy-EDWH9rj-EjW9gh3z13tmPNjA-LXU188U69NhcT6R2OcOXFp3WSsLU8WuEAdM4G9Y1HPA5_j8fzFuvbpIXtZcrawCd9fpyo95EuQWEUeAglhXvzRPvPvyhoGCD-NJjmgSz6GXLwxbj9oOvIe9b1glTlRAncE_aqDf3j0kFbJhTle2xrSKngVdW-B966147F1yUWJE_DEB2QIDk2BJBGKQ-e_uWb1HENEQTvwuo2iUowSFarB2IB_GFudjmuVJp_fCMj9Y5qfQSD8NHkP6HzgmN3OwhSSkpIbWWZnoyCQW7D78zy1KP0pUM1UgS_zOnkUKRBIczQf59FJfIar8d0vlpdWwNI97ag_mXR3ZmKzcqB2wXXcSObv06qcgXm7fLPtFnU2cL3_cPaIydTgmA49UU8UA9SgeLhzt1pR1v0EutxRb0nZ3_EKtoFYlP8NwwCydWjuDu32btRmPh02B5jnNB_lBF6xqAZTSo22VGLyGel755ilRFR56GwipIkOCWe_OFG56wJe_l8WWjLdqAoJJrIQhtT5oY7iwUKjivlgR2sphPjcYbBZPQx4Qg46b2CllZ1OFnDjyc-u6Q71-8fdqECYxd1_NPrWQ1p9w8CVzrPq1CwLD4Mp9_NMnhCfLwwdpaK8mVIv01hBn1wL2jMa_RcFmWRmVmV_w9ml5RKfzbw9itwFpLmg_zdemKGO65wFqJ2CaBqkWvNZEjVSSrKhdBLhaM31aZyYUlaUxerG4qdm0xvcEPDUEv5vHlTGfICVrlzlekTaScRE9cEv131pU0Qo70p_Sgc7u8XRndL-z08WP7S1r8qgm1TqeCBAi-iEWCqCauRXDDKjsYRo46KOXCwDCR2baTvdggY4B6n2tAmoVZhkLIqrzpcdq9C7_dpVBBYy1lt9jzS2xK2CUjy4CaES4nvAZHmh1FimSXWD1l39NJsmQxCdxVmZ9cSg5VbPwiJBg0YMr3TcWWWdaPLxVuxcRC6GDloCU4Vo6gtQS2gYjhBg58p140hrGoEv9dkRE8H0nxQbF8lGZKDsWq0HDa-602KlG1O7VuSq5XKhnuiq478z0_KjJ0LI6JNVE9s2_tcW6qVORRFMXsyiusJWA_E7kT6xAuUPEa7trvesmPE9Z8zzCDlmhb99SWQHZ7_9oajgIvgOphg_TZrZvbVGgim6GlvcMcq1HYfOLT2igbEyGHAUcyXsCZMbQxtZNKbjx8G1soKTELaYEUgockIJ_Gfp-2lujwdA=&xkcb=SoBd6_M3jA7h1rz4kB0KbzkdCdPP&camk=C3EPSzFlQw-Kxz8aVjN35w==&p=1&fvj=0&vjs=3
Data Scientist,Safran,"Bengaluru, Karnataka",https://in.indeed.com/rc/clk?jk=c35313de6cfbeb62&bb=k5C0MGW7E2ofX_ABdA8wBoD0oqe37BmxvrutIZ7pYtN7RZJF8ywe96aU6ap_1C0NCaIU3fQYReHvpNIXnqxscIvudC1kFtHryw2Izc0RyXVCyVQmcNgH4QQ0qdAZxybyb1iDQnNR26xxSztPiIpt5A%3D%3D&xkcb=SoA067M3jA7h1rz4kB0JbzkdCdPP&fccid=b3885ca934ed0066&vjs=3
"Software Engineer, Machine Learning",Elfonze Technologies,"Bengaluru, Karnataka",https://in.indeed.com/rc/clk?jk=e46b5b833d38becd&bb=k5C0MGW7E2ofX_ABdA8wBsYMo4bAd1huQAqsS1QIcraYAtrV5aqLO6BK3Vy4laHyfKYNaG1s38GCMj0kFb-Q_Eiu4kQIcTUajJl_JieGNhHekWlE3-fyCkAG746a319durYgQoGvF-1Wnujsjb-NrA%3D%3D&xkcb=SoCA67M3jA7h1rz4kB0IbzkdCdPP&fccid=79edaf26eba600e1&vjs=3
Analyst - Data Scientist Machine Learning,United Airlines,"Gurugram, Haryana",https://in.indeed.com/rc/clk?jk=54836fec3efe926b&bb=k5C0MGW7E2ofX_ABdA8wBiypLkgzEGGlhnxGoI8_0_czwL3g02_FrOyHEpmtG8k_yyCQujNukkDNN1x3bRNwf13yIW97ZCBS7EVIBwat6ZRTMrK_cJCpbuV_P-mtrENamgQL-TbT_HK6if-OAkBWAQ%3D%3D&xkcb=SoAO67M3jA7h1rz4kB0PbzkdCdPP&fccid=e69f69636a9997cd&vjs=3
Applied Scientist I,Jupiter,"Bengaluru, Karnataka",https://in.indeed.com/rc/clk?jk=bdbd333f00d07ebd&bb=k5C0MGW7E2ofX_ABdA8wBhJ1s2bHREPXzscC8LvPbnHeUzx1cLz8hk7FGNSvdd-DkmSPt3P2MK4AR-5EhfTaXHWJQSxQPErp6yFeLODxyE1-8GdTnq2QmHdZGQpKpEAmyGMwIOcRL_b5MsWABWsL9w%3D%3D&xkcb=SoC667M3jA7h1rz4kB0ObzkdCdPP&fccid=9f39685625c31fdf&vjs=3
Data Engineer - EMEA Data & Analytics,Kenvue,"Hybrid work in Bengaluru, Karnataka",https://in.indeed.com/pagead/clk?mo=r&ad=-6NYlbfkN0AnH6HNl3qg0QQoMtxRKZBdeOxG4LsryWJUV6u4ORaRKqUckZGVeOJzLn0Eg6o8XYI0hVg-_8OxkUp-ja1iL2bwBu4z-K1yF1MCglep1Vz7uuXK0TA8yW0uXFpgYvXDwBLqhExhsWWOoigB2_LC3J4C33w0A80fJsN-dPGmYMl3fnR_jfuKtfaVZ-eL7HS39LY4yMaJUfrHX2Y8FGbceDivdY7YvRcwPvj9nN0aqOorv-EF6pTJMicsNnVCNocdH3g1Pmt1gwXG8E_UW3rSrDwqYvC4T64_FERmYzqJjjSVy1kFXyvN2v9WoHT0EtYbJau2LJW7FMRxXeF7UPyPyMnsgRRCWSgD_i6Acf1tPJUjxs_9TN8zougYRMJMdNAPyTm01v_3z7AWztZaonX3lRnxYCA7tK9WP4vnXl_jJrdydNHOZ5QKUQ_lYzSTpuQOmSv0FeV-b2Ey6Gv0PeMt6LEUiPzjKw_dHxcjhRMwAitrjtvHtJ89CICBxMWdTryA9_lj6WqqKFL-FbbCe1Ms-flhgz6vaknPjV0Xenw8u2dF0U5O2eO0jjbqm7ppCUGHqz8kOwkpjEjfMDSHpz_ZzrrguEZMnv5uiufAbCMMWUQseCqyGzIUum8SfSvSXNTDGVJEvNc-ImUiwsvRLODP3xT4AyYIgfp6x4G6GZFOEdzuMtUtKMhqMfguR8ppDhRUvGYY0gKFEf548DBSKeia9vF_V5wbY2bSIsMAPyUJ33ItVS5ZTPK65SPXVqps74XbsN_VqwQLdKKV_w-qU7NgUIPCKSivT4uPD0EMkai96gaAHpSgCNQHBr0kYj9JtRwWYYX-bYuWz-JAENEtp88N5lrkqXjF7UhKfIF-U2W3eER81A==&xkcb=SoDT6_M3jA7h1rz4kB0NbzkdCdPP&camk=C3EPSzFlQw-Qts97afg0Vw==&p=6&fvj=0&vjs=3
Manager - Data Science & ML Engineering,Zelis,Hybrid work in Telangana,https://in.indeed.com/pagead/clk?mo=r&ad=-6NYlbfkN0CMjQd6K-mJQmnXP0NIaacqgU_ZnGMdJ3ZujbgiYs9cqb3DtnC5QIo5ZlnIk30BCeG1aq5W8vQc9W9LZxYjMd7kp_FicQInC5eCCx5ffHnbLUwAoOEx8-Qzh_5qWAfpIBswUDzUq5gaW0HFKJOPuMSDoIQJGLLpPSOSo2k3aE47sXkPW-EkqimjffLbpk5vEx1LPTL4kOOV3UZLr7Rs2EtljpRWLPI0DS--MbUfA-udKpkf4JJBuJNE5MiX-EQNS-j_HeX6zpjTYFTDU71ltz0gIcV1nlzNwoEAzj_r4oAXBBsfT-F_bhvp_31YQRw7EfMqNjfNXymz0ueIzq9Hcw4VXlPfAwcWUBSi0zl3syZP_vzQVFYSDUsEXeF65HOdAES0OzCCktz_dt72mRPZAXDtAw-cnd76_rZERpa7iy77vQtoZJSl9T0lbuG7BvKYydTt8T_tWNRCE5HW-jVyNvsvj0GsYByki7LevJdJHWWSo_p1rBfokhZN4SZ6b8nseTq9iL6jL76NYfxT4YfwNjpQtiUqRoj2qi3imPmKxJKOuuEjhvkyh3Xn7noIJBCDTD3Z7qJoH_-GNJEe7wQtSlC6CCcpEo-fh_N_ofPppzjnF7biMZcYAlmG&xkcb=SoBn6_M3jA7h1rz4kB0MbzkdCdPP&camk=ethIe0s0hedhjE26FdisKA==&p=7&fvj=0&vjs=3
Databricks Data Engineer,Optum,"Bengaluru, Karnataka",https://in.indeed.com/pagead/clk?mo=r&ad=-6NYlbfkN0BWpgndjYL01xMr26yTqLCDFb3b3BUdaEwmMV3w6lpNxfdb7iEvGm0gmfmM0o9B9H9-vYCdyBADKXTsdLB5oujns_NX-8seANSigvCCTrBVlNDQx8BDYHeD-wbPxYjpd5J-gAEXSKjRxFuA2EzU5YP-52oXvYUV7_joQdTix1KRWixXdXxksEVvCMK6_NCi2CZuRnj7NtxDaybHC_cNfgXbI7tQf0BFnjYjT918dmfZqOXhEbU0Zk0J3g_m00NA32MxzAxnofwkeOUZ-RyFWUKPj0nqscBKZQwqxolHDHdlUmdFQuXJd9GlSiecO2EImV96eTbi4i5WyatWME9uFc2tirD3wixQSTf_HROvMnaFVcbCOJblxWws9Pq1d901xxtZhfL3mfuhY6Tz2_89gyYS9qdkfqxKpU9bH0D06Fdc8mrZOUxG-T1aVEi3TkIHsLsr-tBN5kDmpP5NvePfFWCIeMe4WWtCxqgSMGmFg_uMdnhaBOl3qaMbkJ5sAfYIVRcJL0z3sdrVUKSphbUtcfRLH-pM3b4OaAY3oHEPCs7gtafZYehRj_Vt4oRvovsnrAQBDfH80zEywhkNa-LP7AHWdPRjd4GToIzdNVvpzkskR0rxJVn90vpCoLdKICwpS3OkEWC98apU7AONCWKJR4dRDyYSVSxuFKL1pzxWGbuOSHz-7oFz04t1qvXH62VHT6Ey7Z2yn-Gt1jG9vEHoC7eAfe-GwDIaH-O8fPokVJ4CiZ_-yllxuzzMjgFXFLqs6znWY2lj5DkC6GLabSGxwAly-ZFDR7g5ANnlxQUnA2njew==&xkcb=SoCO6_M3jA7h1rz4kB0DbzkdCdPP&camk=ethIe0s0hed5mhSVDYdqwA==&p=8&fvj=0&vjs=3
Sr. Machine Learning Engineer- Support,Kenvue,"Hybrid work in Bengaluru, Karnataka",https://in.indeed.com/pagead/clk?mo=r&ad=-6NYlbfkN0AnH6HNl3qg0QQoMtxRKZBdeOxG4LsryWJUV6u4ORaRKqUckZGVeOJzLn0Eg6o8XYJq0rXzgfVppY3AU4oPxxA7AOSbJflPfeH9wzngAA1Mw-L7rA66RQqZUOuGcqPlBzuH5cVWXeALYoInT0msVWivpInrHcybyLycYBczmJ6kKbP0ExtKWNnlHHU1EubXbAycVpYBTJvXd0Y3WOynKiyUPzmAoW5ExXZdxu181hGzuuDlVaCirtNnNljvT75miQUEZ-sS2BM9nkx5KguWc6yWCpHwxJISihLcjbocVbz06Ozfb-yrDes_3uCgCBYxHLGH6ixTQaFzjglIznTjgkcGggvcRi2FU6OLqIXXk5lYAh6IOQNj_9RxjLooatBbHNd96tZm3_zYFEshGI2eUJGnNWRYBzVFd0RzkV3Vmm_KpXrN7uMrq7Cg7lIjZwL8yPrZaXEJPMcFW8q_7O51ztd383UPJdM2nedTFoi9lbGK642E6u7nZ2UPcgSUCn-CYMmpe5WIFYPWaeuG060tYz68Q_Q2VXxvHA3DQJrWD2yRAOQq7e8g5ZbcBQI0qEjEZwRPIl-zulKExmXrhlN_1cF0f8xoKoCjLRtvRy4fz2TXRMbFKTJpQjDXFicjRbh32W23cj-ZVT7ovQE6eICYsRMFERvSlPGG10N0ofomVYEppzR2ordeEcKNTuxOWGMsjy7TrRX-cfIKRO5qIS2ukzQYFQ_gSy-GMYzKkFgpAqKSmJoE2hzzNdk_VdmjKT4C686EXFtQQ-LAGXwSFvGIHXhqGmPqYFMOozNjVMiUHaIWPiKQsgHRE48SsyWeQoFbIBpUz8Y5cRR-c2gteHRwVqU1lLFnifT34Ub9yvXJ-8TIjg==&xkcb=SoA66_M3jA7h1rz4kB0CbzkdCdPP&camk=C3EPSzFlQw-Qts97afg0Vw==&p=9&fvj=0&vjs=3
Data Scientist,BIZ-METRIC PARTNERS,India,https://in.indeed.com/rc/clk?jk=aa6171aedd8d53b7&bb=k5C0MGW7E2ofX_ABdA8wBlMThhXcpkVtOxu23B-6HjiNrpBLESjx6uCUg_QZWDyu82yyQJSqnOhfMxL-JJ3B0ZhDEAVhwwNDAkoJ2-wMDZ8exwgGx72wss3JnBwtJpBC-dt3Od-gQNw_KvY4yICvcw%3D%3D&xkcb=SoBT67M3jA7h1rz4kB0BbzkdCdPP&fccid=0ed67941959bd3c6&vjs=3
Data Scientist - 2,SatSure Analytics India,"Bengaluru, Karnataka",https://in.indeed.com/rc/clk?jk=ba6b1e4950442909&bb=k5C0MGW7E2ofX_ABdA8wBhS3_Uyv90Kl5zllLCfgB8V1sQWlvyDj34ztRG4sbOh1Q_29xz0VIoNCq4j7_w57txfnPQyN6KIjoDyNNR-UO-kiQ4Atmo1x87VqEbV75WqR9LGi24WCoGg2RH3UAUzCyA%3D%3D&xkcb=SoDn67M3jA7h1rz4kB0AbzkdCdPP&fccid=dd616958bd9ddc12&vjs=3
Data Scientist - 2,SatSure Analytics India,"Bengaluru, Karnataka",https://in.indeed.com/viewjob?jk=abcdef0123456789
Principal Data Scientist,Meesho,"Bengaluru, Karnataka",https://in.indeed.com/rc/clk?jk=2cf18e8f8e60e528&bb=k5C0MGW7E2ofX_ABdA8wBgZC20Lk0Gz0poBi0bTBIf-7V7dt9Br2kNDQvGuLNFRguuTOlMNgB54-farpneTiOOl_l3SNtbsZdc_DamRCci4bvk9MhTG-JjBsnIH1W8xtTiPOsDsOhFfzrZrLLve4aQ%3D%3D&xkcb=SoBp67M3jA7h1rz4kB0HbzkdCdPP&fccid=a07125726ff9e55d&vjs=3
Senior Data Scientist,Bidgely Inc.,"Bengaluru, Karnataka",https://in.indeed.com/rc/clk?jk=1411792207fff911&bb=k5C0MGW7E2ofX_ABdA8wBhS3_Uyv90KlfnisADmx_60r9ZTEYa_66J4QakYaRwDlg7qpZhb_eQQlIP8V61-UXqa-KbREYxPt2QwoBmdNBxT0nrWbsf8Huj_P7j9jlbIZygLiKSSgj3u103R2oWusaA%3D%3D&xkcb=SoDd67M3jA7h1rz4kB0GbzkdCdPP&fccid=658aca4dcaf7eee9&vjs=3
Sr Lead - Machine Learning / Generative AI,BirlaSoft,"Hinjawadi, Pune, Maharashtra",https://in.indeed.com/rc/clk?jk=dc93a29a3d3a7b04&bb=k5C0MGW7E2ofX_ABdA8wBsYMo4bAd1hubIdqnIj7oQTqOYyRrd17e_k88zCyFNaurV3gM6wdfyoImZj0hW_l6GkkgmA8CjULKibfqbqxrFh5OvmSN3pGyPPz6xehbwV1G-qNZ_nfGPbHRSuLcBfORg%3D%3D&xkcb=SoBA67M3jA7h1rz4kB0FbzkdCdPP&fccid=1c1ed42c0be8178f&vjs=3
Senior Data Scientist,AryaXAI,"Remote in Bengaluru, Karnataka",https://in.indeed.com/rc/clk?jk=1243d51fee141596&bb=M83dw3BgmJtHU7Dei3WurCRTJ7N9kKYpQDs_YZ8vh39o3nNHerfGz-ITf_lxgm9BSvXZWAsyceGomk7qa-a3rsYNcYDFsNJgaKZtdcfKHN7c2RR0Wd0_sl71udK9FuCeQWJFe_uPSFNIl_TyaY5o3Q%3D%3D&xkcb=SoAA67M3jA7_OkTCYp0LbzkdCdPP&fccid=14b7c7f9700383de&vjs=3
Sr. Data Scientist,DBiz AI Solutions,"Bengaluru, Karnataka",https://in.indeed.com/rc/clk?jk=b2a51b53e99af3fa&bb=M83dw3BgmJtHU7Dei3WurNGVk5dbOmbaXL_cRNjZ2sLjZuGDnUH8Hv5vGnV-8aVG59z-K_OHJRZl_QFDwIXiMrG4jPOnl_ngzG6tqq9wOdokCS0FE1rACH-DNlFErHp_hCfIbLk9tJbHvVWgEI5KPw%3D%3D&xkcb=SoC067M3jA7_OkTCYp0KbzkdCdPP&fccid=71db1a689a90c68e&vjs=3
Principal Data Scientist,Continues Intelligence Lab,"Bengaluru, Karnataka",https://in.indeed.com/rc/clk?jk=db261f9c5921f4ff&bb=M83dw3BgmJtHU7Dei3WurPO_jPNF4MiB1RJmK9sm9KWLl7w3jC6gNUwo9-TlsOFJQa_9gYXAYipucz3SNI-MV5S-AK-B0MPL3NFkbq89DvOq2w_EeSTTLIyZf-PjY9P1Q4X7LSCSXW7eK44neUIcvQ%3D%3D&xkcb=SoAp67M3jA7_OkTCYp0JbzkdCdPP&fccid=fb880c6ee0681323&vjs=3
Lead Machine Learning Engineer - Gurugram,ClanX,"Gurugram, Haryana",https://in.indeed.com/rc/clk?jk=59732afb227d9dd5&bb=M83dw3BgmJtHU7Dei3WurA2pPlvh70Hs79afY8E6Oue-af0XZvtE_M2MVWf0ATDAA8_i--6xxcBEu09WWLibTH0_4RKxg6oaH3XcrwzsUY-BWgqAWWr4-yYURlrP3R7P-vKat81DJv0W0uVbpzg_Rw%3D%3D&xkcb=SoCd67M3jA7_OkTCYp0IbzkdCdPP&fccid=f1020d68f89e2355&vjs=3
Lead Machine Learning Engineer - Gurugram,ClanX,"Gurugram, Haryana",https://in.indeed.com/viewjob?jk=f1e2d3c4b5a67890
Senior Data Scientist (Gen AI),Bluevine - India,"Hybrid work in Bengaluru, Karnataka",https://in.indeed.com/rc/clk?jk=22147f3ad780f029&bb=M83dw3BgmJtHU7Dei3WurCRTJ7N9kKYpMssxZTrkMVCsbfXJjkK4U__5u9COZ9zY_TVltnq6hI3oQ6D71F9Op1OUNmBXtOpmj_nmXhNdzWumNVybeyrXRlxRglSjwnzSe6CsdkP-ZfPsA_Vze0XODw%3D%3D&xkcb=SoAT67M3jA7_OkTCYp0PbzkdCdPP&fccid=3c2181d40a370308&vjs=3
Lead Data scientist,Weekday,"Mumbai, Maharashtra",https://in.indeed.com/rc/clk?jk=8597cc7282e8f396&bb=M83dw3BgmJtHU7Dei3WurOK48zpkVQuRm1KsJfbkETXODxdek87M1U734ksfzrTIq-b2_mXdQVqW-MTz_EYWsanSiy2c52mDuw6chzDnYBFIjzZBh0t5Xk91VKCQ0TzaGVwr6-d--Ka-0STCchQqJQ%3D%3D&xkcb=SoCn67M3jA7_OkTCYp0ObzkdCdPP&fccid=bddd218f3c4f6f22&vjs=3
Data Scientist,Renovision Automation Services Pvt. Ltd,Delhi,https://in.indeed.com/rc/clk?jk=0aff5007e1211dac&bb=M83dw3BgmJtHU7Dei3WurJWj6u5UAx3EejsixEUJmSQ_3JQtPpQ0pKvKjCSSGgNsLFBNIGIRPf9JhLSwSvnGoQ-eidD_HPnm2BiMsJ3UpQZ9z5dMwU0z3FIIHOC6INcQwWB37OTXUY0cPR8ZXfIG_Q%3D%3D&xkcb=SoA667M3jA7_OkTCYp0NbzkdCdPP&fccid=4821a309869eefc5&cmp=Renovision-Automation-Services-Pvt.-Ltd&ti=Data+Scientist&vjs=3
"Data Scientist-Snowflake, Python - CHN",Photon,"Chennekothapalli, Andhra Pradesh",https://in.indeed.com/rc/clk?jk=cf9e8534e1845e4c&bb=M83dw3BgmJtHU7Dei3WurEPXZMDCVVd7a4x7oN7VF9plxXKG4IoY1n_Al0a5lswDAs1tYqCuVEqoaR9lYm2imOX52zzVcg1c6ZBmJi1i4v0d6__krnbTS4h9zuGM4Sa61yTxqNzklIS3I5FOyjHSpw%3D%3D&xkcb=SoCO67M3jA7_OkTCYp0MbzkdCdPP&fccid=2385f8ebf01f1b76&vjs=3
Data Scientist,Amgen,"Hyderabad, Telangana",https://in.indeed.com/rc/clk?jk=20f7673c05e8df30&bb=M83dw3BgmJtHU7Dei3WurMdhqZ-rEhyKcXvP9WHaGK4eEeuXQEFTsP7dbYcZYmqDQj83UYhUtGCcgICf0iOJAiq5sKHbflDQ18X_y10EKUC6av3J9D2mnAuqasq3f8b5hJnScxvneb40Qi5a1H1Yzg%3D%3D&xkcb=SoBn67M3jA7_OkTCYp0DbzkdCdPP&fccid=ec34037a9c92d805&vjs=3
"Data Scientist-Snowflake, Python - BLR",Photon,"Bengaluru, Karnataka",https://in.indeed.com/rc/clk?jk=aa73faaf67930cae&bb=M83dw3BgmJtHU7Dei3WurEPXZMDCVVd7cVSJtRE53eFkz4eI5QwxYkOjIWl9455gCYi6ljpDbVNX5S6rNdkd7GVJvdhHQ-LzcliHEyHg5snQHc7fqbSJXgXrSZ0XH5M_Iou0FXes8BBPJtptcl3Qfw%3D%3D&xkcb=SoDT67M3jA7_OkTCYp0CbzkdCdPP&fccid=2385f8ebf01f1b76&vjs=3
Senior Software Engineer (Machine Learning),Maropost,"Hybrid work in Mohali, Punjab",https://in.indeed.com/rc/clk?jk=366c83bdbb634c26&bb=M83dw3BgmJtHU7Dei3WurE_Bkkg93FhT7fOkc-Xf_zcdU30cEvvNvbURMnuROB1VZbUPjpSjliwGkew15JNCcVCCe0c1M56gxrQI2N8G7gvI-uo1x9hzeV1kAeTirTeJE6AZNA7d-bW7O5vcG8052Q%3D%3D&xkcb=SoBO67M3jA7_OkTCYp0BbzkdCdPP&fccid=8da401461eae8c93&vjs=3
Senior Machine Learning Engineer,Wabtec,"Bengaluru, Karnataka",https://in.indeed.com/rc/clk?jk=bcdbecf146696b03&bb=M83dw3BgmJtHU7Dei3WurKgapg51KNEeBmh2iesfnmGB70FDHDD5Eumhaw17QRoOq9ybNUE375lIRoXog8Fgh46rIXw5Sa9FlsrIoMoNNx5DraRGdAIf1h8UcYgvWrxhYJJEgG7jB4TX6Z-Sfl29rw%3D%3D&xkcb=SoD667M3jA7_OkTCYp0AbzkdCdPP&fccid=4f4e9de46f588f62&vjs=3
Lead Data Scientist,Chubb,"Hybrid work in Bengaluru, Karnataka",https://in.indeed.com/rc/clk?jk=50f6dd6f00965f7e&bb=M83dw3BgmJtHU7Dei3WurLiHZcxxH2YdSnAT_Z5TPVqnaSKObfLDX5reYShdBDQMZDOFTmKWLOowLWK3P3RQPeN_HNwQTRAHNyfqX_HmBCF2K6b1-d7I72hqBls7zVXygN11wFuI51j5D6DxR3WL8A%3D%3D&xkcb=SoB067M3jA7_OkTCYp0HbzkdCdPP&fccid=a4b25052cb0c9989&vjs=3
Senior Machine Learning Engineer - Remote,First Advantage,"Remote in Bengaluru, Karnataka",https://in.indeed.com/rc/clk?jk=bd428209d1e9db59&bb=M83dw3BgmJtHU7Dei3WurKmDcF6zHT_PC16BLfkBktML7cRcWU3hCs_0RbgAd7idnQAls5nhNIrvTWgccShS4tdH1uR8XjBucJflNqM5VQEfaD9p5N5eqinVzx4-oRdqI5Pb7AbmWTw-kQkqy3Lmgg%3D%3D&xkcb=SoDA67M3jA7_OkTCYp0GbzkdCdPP&fccid=3e29003285775ee0&vjs=3
Data Scientist - Visa Consulting & Analytics,Visa Consolidated Support Services (India) Private...,"Bengaluru, Karnataka",https://in.indeed.com/rc/clk?jk=3291e4b274977c2b&bb=M83dw3BgmJtHU7Dei3WurCBwDdN9WFzfPqwqYvL6LlFQbPN8qSDCB3a7s-Ci5e0xQGrwRH7j8_GP4mxvCmlrmQd8tEh97xbwZH1bIMh9Bn3xf1XC_6ZtIJDy1UySsjYPmdrKOai2xp4FDm3C6YLyvA%3D%3D&xkcb=SoBd67M3jA7_OkTCYp0FbzkdCdPP&fccid=a3f737e511d9fc8c&vjs=3
Data Scientist,Indium Software,"Bengaluru, Karnataka",https://in.indeed.com/rc/clk?jk=b193183a617b0e3e&bb=AFsGf_5JcnsmESCmWcgKhbFf0rOUr-pjj3zsMUNj5ednRDQh0Bq4Dvhu76Dx8tuLVYwh5h6nUxZBrtywWRMMyvMi-pSO96o8SzvRgp7CUJvhynNXtFmKbap6_negbBv9xbspnwz0rGwgJBusZh1j-g%3D%3D&xkcb=SoB567M3jA78Y5TCU50LbzkdCdPP&fccid=a0543e7c87369495&vjs=3
Data Scientist - Innovation,Comscore,India,https://in.indeed.com/rc/clk?jk=1fdd0850cc4e9fab&bb=AFsGf_5JcnsmESCmWcgKhfFh8gtd0v2ktKZB7_Lf27wEk7ZC-WZdEVVHhcCFXBONPAPElZ6KbVnp6VgkRWkSSyJrdd7N-5K2_HeTZl9AIbBHYo5agUser2slX9mhUqWS4U8OAaymOJMlW9QxeORl-w%3D%3D&xkcb=SoDN67M3jA78Y5TCU50KbzkdCdPP&fccid=b39fb6f124ce8586&vjs=3
Data Scientist,Greyamp Consulting,"Bengaluru, Karnataka",https://in.indeed.com/rc/clk?jk=d284106e0cc9df42&bb=AFsGf_5JcnsmESCmWcgKhUO35ZeHQOPuZjB03HGB3O0SYMvaXMCgzd49Vcy5te6poJOPD8QeCPmlG17_q5gGuxaWs1_b4hSrAjoWPGk61cFM9TEKtuu-HXkJR0IiIcBDdJhCYJ2bkMA1jgeGb6hoGQ%3D%3D&xkcb=SoBQ67M3jA78Y5TCU50JbzkdCdPP&fccid=516af145f4bf7825&vjs=3
Data Scientist,Thoucentric,"Bengaluru, Karnataka",https://in.indeed.com/rc/clk?jk=1e88886f2774dde1&bb=AFsGf_5JcnsmESCmWcgKhd2RzTdsaUwd4hCLlkjuSjpED8tc1waAkZk4JKLrbZ70QYnFxP8P2WA4klJj4H9fAw0kjluWE-NczMGmq6oFi-UHbeTj5C65KV0iRruiKtXT5Hx4CD915ovWy2lKNW6gng%3D%3D&xkcb=SoDk67M3jA78Y5TCU50IbzkdCdPP&fccid=deadcc7ca64ae08b&vjs=3
Data Scientist,MobileProgramming,"Bengaluru, Karnataka",https://in.indeed.com/rc/clk?jk=7929983d7edc990f&bb=AFsGf_5JcnsmESCmWcgKhaOt_EL__yGX-CWCSoKRB18MrGGrSRkUlRHmy19VkH_v7diJnTayUAwHUNbop-nYLtGEbsK4IVbOjy3uvO3cwXO3qOYa7Kae7nqovbUldY8FMTL3ZhxV5AEFECVr69WGDw%3D%3D&xkcb=SoBq67M3jA78Y5TCU50PbzkdCdPP&fccid=e70d0cb4e4e9ff3e&vjs=3
Lead Data Scientist,UPL ltd,"Bengaluru, Karnataka",https://in.indeed.com/rc/clk?jk=ab883c9d5686f225&bb=AFsGf_5JcnsmESCmWcgKhVeiHU24_e9QiizD1AD7y6K8kh3V-18vDlfhuqGRhhLC8UvuSaXHwDmOA8mWRnSzMg0f_MohRJmdeKG1jK4RBx-qAZxmXTcL3bPLIv8hiA607ry6Iq39wmfBSFdPg-NoEA%3D%3D&xkcb=SoDe67M3jA78Y5TCU50ObzkdCdPP&fccid=7f9e38c338b1c823&vjs=3
Senior Data Engineer I - Marketplace,Booking Holdings,"Bengaluru, Karnataka",https://in.indeed.com/pagead/clk?mo=r&ad=-6NYlbfkN0Asx0rKiHSXymkO8slWtT2xWkY1-oduHI0IsT-7aqdY0OCwOFuYw35h6PYkRa7j_YPAXVrS1bdMI5WRzIvbELDHW326Z96mO2uTZtWeDPL-XQl0rZXWek9cQWimKZHx-l9Wom7lE1rBZTVHNycyv0y-64pqlZEuoyFCPj2iwIvWXsb-ohkmvwmVGquMYabsdHV4KAEDtKatMsaGe2CaqEuRUFiYVSQKEYraiIEZi1Kr0Vsu11EvVAKU3vlDEM6oM0nwoA254AQaXgWgm9dUB_rrXr8JzQnbEM947mJEyA35xNSzOclPuJ6N9EQW2cCrXs6nbOkOYrFZSmpus5kS-0n2K6QKrDEsc0uc_pQTuwxG4e8vkRjwBUFnFRT-sRtuZgl_kq5hr0rPSPUeDzRVVM_5IWXqiw4b6vzspDW5xRaXBP8zkUDmoLXg1teOkJ_gysZIuXyNMpTj5oFQFW8R40S6LdpGV5U0y-g2LJI0EL0VozLtJwPueBWsseC0l4btWQyYY1BMjOfha8pyAYB4MRuWm3jXPfZ4qKoth0Eu-o-eWIxwLBJWh-DYottoXYDd_ORt9r1J4TJT9PPTSRoPkEa6R9LTFvbM-eWtmIQLGaTtuePINAsa8btkVOCb34Babxcsz6sqKxpL-GcJ5r6NZG-2dpVmvh-jYuo0B1Gwa8A5Qi25NjMTgNDDmK_VKyOjfGLfTY9aUs2zH3WoQz986NLHwd3xy7Hk2I6ClO2Mi4GZFeeNFc8TFQnZRU-_5Erjshavb6XTsnCSxB97flfwOj5P_2ZYJRlWwmNNlPiSzqYdIarq_cPpR2iQ6o-1qSFieJG7y4-cm4lpcWhBuXd9R5oFqhW_O7K-trtbzZTiA8ofv3OZ6OL7fwRVu0fx9fQWheRkVfnNhQdQcLEW4fa9IFdk&xkcb=SoC36_M3jA78Y5TCU50NbzkdCdPP&camk=C3EPSzFlQw_ZGffWIKGdrQ==&p=6&fvj=0&vjs=3
Junior ML Engineer,Adela Software & Services (P) Limited,"Tiruchchirappalli, Tamil Nadu",https://in.indeed.com/pagead/clk?mo=r&ad=-6NYlbfkN0DfsCiTW1a5A25yJSvifo2CnpPFPof-fSFDTma1PoK-ptpobxHpaWVq5OxFEmfJC2aOuufrLkHZjNo9HVS1BxZyXGduYEDie7_AtFoQfCdGeEX44szPQRByyNNkLZuS7IG55_JyLmRoISFCqlFoCYkIg8gZUsWvTtOtIlqLNXRJINCdnm_TlIDEivBYPYbFw-8X-SdjLWoiSYVr28xrbgWFaVUTXLjfCQNBDFfAy2fn4gLFgJfN7oS7SF0jxuGMF5Tr_5MOQdw9st1jT9jxoUddC_3KO0mj9Dv-Cdvdk0DQCxf9Af9A2IxwRD41KG49RPK0tZ_I1K1vd-DuuNwbbG3rA0tMRF8J90lOIdwI6l98jeBrwuVBVo7KIbAwzzHaifSFgn7FsDvDDqkXvJJPQJg_6A4bO3a2TdVmJ06bSuHsqBRqTQyRWC_Z1LOg30wePi8Bp4e_DCgNxjNrJGuCaTVwzsklCC9icggzUCR3IBWNg3PbHC5XvQ9DEAepg5v49OyxbWAFC4FR5luQWXLSUpws0AyVnYdDz-0dJgCQZae2prQ10zlFpvNQr-0eiU7U6CfQUGgJSwrjAbHCIx3f_J6nS9q4g1nBnyZyKeoVM1vF4_Fxve9VmfQ2rC1MTcWnKiH3sDWHIkHlkidPltwzjxyu&xkcb=SoAD6_M3jA78Y5TCU50MbzkdCdPP&camk=nUmJqO2E8rhfG5xmDoj2jg==&p=7&fvj=0&vjs=3
Junior ML Engineer,Adela Software & Services (P) Limited,"Tiruchchirappalli, Tamil Nadu",https://in.indeed.com/viewjob?jk=789abcdef0123456
Manager - Data Science & ML Engineering,Zelis,Hybrid work in Telangana,https://in.indeed.com/pagead/clk?mo=r&ad=-6NYlbfkN0CMjQd6K-mJQmnXP0NIaacqgU_ZnGMdJ3ZujbgiYs9cqb3DtnC5QIo5ZlnIk30BCeG1aq5W8vQc9W9LZxYjMd7kp_FicQInC5eCCx5ffHnbLUwAoOEx8-Qzh_5qWAfpIBswUDzUq5gaW0HFKJOPuMSDoIQJGLLpPSOHAjpFpWcxofu8m5_fkP_9fztYEkcDALyWwy3kH8-o2BWQL6XKzx7Yhq2Khkme2eLQc_yNG4MRb782Scqne9N-YiKU4Bju3mXaCccb8B-ynr_MpEhf9QxCQpAtyIcSvCQGfbzzcXF4XdbPhn1SCIy2svfxdnv1khOmj3jzCdudNyDwjJq2h-lAzYwnCnk1W-fC3bQ820LOh7TBgWqF_G6gmD5gfxbxWToseedB2J85dQA1VPgHezUg-BRzfNrKmzgSR7H5f51_l3nR2YVSdmJsHYrJSjJIpjwshBVfuuKBvlN_721EQjbJHHhKlIWK-H0iq8D_lbOWPS-WG0Q2huxNUKZdDjkiOMMjAVr9sq-28hmIT2fJsRxuzy2Ywq7i6jDTOs1aak1n3f9XrF5IVaFy4f-OU1sTuLBjETJM-p3vEOXLFDjKQK7In_6pbl75y5R8gUYKkmQXA8KdPi032WET&xkcb=SoDq6_M3jA78Y5TCU50DbzkdCdPP&camk=ethIe0s0hedhjE26FdisKA==&p=8&fvj=0&vjs=3
Sr. Machine Learning Engineer- Support,Kenvue,"Hybrid work in Bengaluru, Karnataka",https://in.indeed.com/pagead/clk?mo=r&ad=-6NYlbfkN0AnH6HNl3qg0QQoMtxRKZBdeOxG4LsryWJUV6u4ORaRKqUckZGVeOJzLn0Eg6o8XYJq0rXzgfVppY3AU4oPxxA7AOSbJflPfeH9wzngAA1Mw-L7rA66RQqZUOuGcqPlBzuH5cVWXeALYoInT0msVWivpInrHcybyLycYBczmJ6kKbP0ExtKWNnlHHU1EubXbAycVpYBTJvXd3imZhnKGyQbnsto7jrVVjH-LLkqSaQ_ad5d7f8Ym3YgWnfM6P0QLskAaUuzfn1pacDO_CvvX3XD3bhbm6MMPc2q0CafgxueQEUbVOwH3dS9Csmz1ZKUfnWg-WpGKiWj8SzLk4uJF6ifpizgYGDszIgK7rgRxskSR6bXirv1Od3urMv8jMoBBR6L28JSurCohiJRolRG9XuuRARcbNOPkjKU1bB6XbSMszPV2sBFDzQtDRUbxn8glr_2k31t8VWOfOwqfIA3vMZE-AML1VoZ7omEX6q4ZeOnpTSjREdn7VVHgoPDFSfmB7Xn7f0z8kr1pMoV2pTgJjiyMKO42Tr_52RRqSftkl_AkMUFGUHkE6vV6p-F4_0ig3h0tqCv5xXklTEMgvwQqgE-Cuzt3ZrHpOwghHOrS9djWPxR83cbuzCWdJQyNTITBZgeqxBInrQ5aLpqf1HhTCqC0wf54fmmcaWu7WgAiZiWzn8aBOaILhaTgoh_g4EiD3V8FChaF0yYsjJS4iFYwD0kQzzex7NiOAcvj1115aONMkgJ-EknGf_-3AtFdhDX0T2UCt8eakP_xQtJgT4WLhqLM2WJj__wTkD74x6CPlUaujQMcxEZsG4QWw58p-c0Dv9wQUV4VAOJDTh3GLbhc8i5xgX-NY04PmU=&xkcb=SoBe6_M3jA78Y5TCU50CbzkdCdPP&camk=C3EPSzFlQw-Qts97afg0Vw==&p=9&fvj=0&vjs=3
"Senior Solution Analyst, Responsible AI – X Delivery",Boston Consulting Group,"Gurugram, Haryana",https://in.indeed.com/pagead/clk?mo=r&ad=-6NYlbfkN0Ad1FFWZOsBBwBZDGouyCcICeLSd3pQct3wJ1q5dPO7JNFPcbpYQ1XCYdTOV-ko2T482Tzza56cdRvUJe5FwLgGROYqsGP4HJiezwX01m1qXmEGTNK5ThVavM4tA8QcDCJrgP70JUN8JiMlUzIY_4__6Kket4InE03i6DRQiJq6uMfoLMm2kYrcjXc22UBXV-knMwLIUGqWwZ1oz2pN8RBpUw4-YsMfhS9rvdN6yuIpS0i-h_q6KFUFg2XnIOGvPFWQXSZ20ryocR129LzhK1jE78bEVKFMdneO8LeI6RF0GvBJya0L7KR7kBSy6Kae3dcCe7OXMiyIc1IiTChIdmgATVu_qNYIEANRFp7ZI1bBpPfLpJVlpnXrHAm9WFeq_5MoFIhu7c4c7C4pWPycsdOa5VB9igrEwbXhE2Dj-AioYLhcBfO_LxNhC8J40NoE3KU2hb4xPjx5ao8uy0uRuSjDTKvVOdPueYyn6PcXSPB6Q6VznJfWoItlCSfDxVs-SPSuV9OZPGrA8ILfLAaSI0pXVoKm64J1KH245neUL9Y9sUT5mq06gS2Rqe4vQrnIUw3l3pJBw16zcCROn9O5cdTNG5NbHWP4Q2mB8bNTHoOy6z1GQzuatv7J3nOKMgIni40xLCjXlg6ZD--K-HNY0OB8_SZMk47EB73HV9u_2il07sJ71aooHAQH161YVy9LK5xKv5oboNmVoaqdxhzanoVGmmQKjtJf28Nd8_dm9GFBL7pqlEjKb_RNVJgBDBr9Cl7JeTRer1yMnsK64XAgAaiBIer1wCApnElaeXm0r4pR0FmDUJqxNxysQOvbyChs9IRG5Y3K7gL_ULpvH14_yT1boUGHU7f9KXCzJW3IgkpAB-O51f7Sax0znrwOE7pMK9Wv94ktDYoX3ejmKnFMhMcwMH3nXGOyKZrmvSLLrIja3Gpx7ElA7To4-dMjrpShqLfc0jGxpCICbzN17kWHeqNzvsLa2rApsqAmXZ5ksPSliXhZdWnO9Hhe1SD1v8-vhbfXA5Sm5O7DCHMZBfwKdBDfhjsxX8hB5qysd7znxqO7YjYPEhQ0qq52uuNI4-OYyB8t4OiNMg5IIWTuVzieINZOeG0pGgJ1OTR4DHfyUPR_dw2NOlvRqYVWZnoHRX2pq3Wv4ycTvDacfMGT5QO5vJ7wMLY5usw_LlVAtBXUPt-p9FgcFyYILmhTI2qTVOxDiqa1bj7jYTTXeyQhPVq7JVxt1-xHoBlsWdG2S7Rlqf-_5gT1_CjWT1-X7ZDcE3wF34jcCH919-Fx0fzh3vbv1KifUGvhFx4Vf6EBGjfFPlZ_8DMDrnlvmdRtnSKbE7ppSRbtrBxqlRUulV91WjSjwP3OqkCwYi6lr4wHG7q2fTOXw_vfj7r0YpqHNoa3Vn-wZK8JcFf5aHGF705aC8ZTKBXiDcM1bazGx4xQZNvcg-4Jnlz3bA279DqEa3XPVwGkXiLi9SVI5cDbmQ==&xkcb=SoDD6_M3jA78Y5TCU50BbzkdCdPP&camk=C3EPSzFlQw-Kxz8aVjN35w==&p=10&fvj=0&vjs=3
Lead AI/ML Engineer,Optum,"Noida, Uttar Pradesh",https://in.indeed.com/pagead/clk?mo=r&ad=-6NYlbfkN0BWpgndjYL01xMr26yTqLCDFb3b3BUdaEwmMV3w6lpNxfdb7iEvGm0gmfmM0o9B9H8sAQHaSDZOWmFb8_ZU9OxpwcgRuAaee_qFmJZ-FUA0wH7L3E4r3bJb_YGJIl_BjjfSjr1Gi8lhkVvH7uR2gKMcTj84HlmNuWZ7-E564anVqQjcefdhVeTAm61Si7LZctaVVpdlPb4BEFngBLxU74zgadkKOrYzbE05ffChbwMLmeBjDQe4BYUMlUQf2hS0y1K9_Cjxi60UWhXX1EHgwUz9XIq9Oo3H95LvaMNU2bj4kFer0NinneYpPascN5ZZxq7mjpqfNYXHqhf-WHmlRfZov0_m7JVSKbXphZkiZZtzQg61UsrckNtCE0ZPbAtZFUV26bGUy-nVMQhSiHKRf6DvbTK6Z0vbUrhSO1zDNrXF_ucQylSyup5qCBqdknivAqmueqHhQVMVbeLYpQkuAS-KczYK0-DzeLUWvrxB0O9Ugzg6hl6d0IdYesxtAt8LFDKNDHl6Qz6Q-IC8s4-5ozHZDTLNka8cdHYeqeuvt8aEJg6gPkTX_A3TdR8yB1qGafNBYVR56GR8URuzzp9_SiT5-e_4a89WhsFdO0kycMiFUL8feBF9Ja-kI61kCRK5bkc6c7q7KpCA0cCuz3jJ0qM12nBO4_Foj5BNtAfvZ0oDW2c3otSCzWYp1u9itZD5HnDn482OXbR2UBx3xEaB16tr7U2-L8GqID4XyHsTFmqE05CsZYE5l25g2-3Zd2lZI1QIyJrOMQNtbFjudCJ7FV0cPUMnlSdDQ2R17U2wQTZMiA==&xkcb=SoB36_M3jA78Y5TCU50AbzkdCdPP&camk=ethIe0s0hed5mhSVDYdqwA==&p=11&fvj=0&vjs=3
"Senior Solution Analyst, Responsible AI – X Delivery",Boston Consulting Group,"Bengaluru, Karnataka",https://in.indeed.com/pagead/clk?mo=r&ad=-6NYlbfkN0Ad1FFWZOsBBwBZDGouyCcICeLSd3pQct3wJ1q5dPO7JNFPcbpYQ1XCYdTOV-ko2T482Tzza56cdYd2bq6t0b7o6lLDqO2EnTOWaVc_9Ps34LOf4yytLQhN9DZ2PDMvrqH5QhRK9ojIH_Ld8yWjVKmkObLePVXglgDo5xJ6qMBUKN2V71_slj3-DqJfPbfQoX0uxHVU85dxX8K7-jc9rYjr0FbiYQ3Xcfq-jS1bsq-2ttxkbLu1IdlL6GRZlzzRQWm4IH7HcBktZrF_xgx127VObxVwiw_JXpCPcoyHc84jjFSC_3gH89eO4x0CP-oRfvMyR1z1t9axqpL8wysskXIpkQMeYIXePc_CCi1WSq5I0abmSyGGf57GYx-NAImZ6dDtLlDWKQ0NcWngg4HJemww6wYZyBg8m1Ln8vStWqQELretSLepx5y49sUyejiXDJ9A3eypjcWOBJ9jRzpiiBUs6tTF4YGePdxN-E51LFwbDDgEAMMtgTZIB2-eC-OxcaEEcog9wDgFydzkU8iunACSdk7swG-62ZineBj8k9g6TWwiPeflfWwN_R7yuowPTdCyleYYbQoqQzLGWzQ0RAgJV2Ep6-s5PFv3E6AAONyxyj33mcvSRuab-V2ykTwcrTbEONok04qwv3OrORSbnM85W-AgeU1EwIvxEfwTg8CHcRhaMzs2MB6hJDJcOMNideBGGfhiaj5Hs5on4va4Da3_t8nN94JA1t-VAGYxlTVah0pTYGSi3Iad7c9Ini2B1iHmQ73rrVx_1Fi1ZRysnf_EmGnUarHXJZvgcoqSQlH6E4C2On51fKIDzb8NldFgmavXjOeMP4Sy8SBOFWCQg-Mghs38eb1Et6jCi2gXp7dnQC_XQicFnUyHcH2oSFknVRjUpvkOOijI0eP84y4GFUGijiGs69JcYQqyXk0Ya7JKl-WjHGPNHDgp2V5_6FlaK4GEwRWm9ivffrZTEIHrO-1rwQKuEaTxhkSFxS-tFk9oehmzeHpSMOgYIoN1uXiawSssb7mLY-HR52AyC4xS8hksL5jnDIBAKf8zZMRBZjyvzyj0p7XPy4NVwKjxWYKdShJnJWVDa8vJaaQcw0Yg00rf_pK5VEeepJMVnjI8s4A9V3sZWHIDhvICDUGtH6VSrzW6-WMzKqrP24uviQjnQwlgPLKovzbkoVXggndTnlK3yaWuRAyT--HR4falur2zZFPxuKsObfh1VlD8QWrbVZJ5xydPu6FYmsYFxaadkAK5n6vSfxRfKbze1gujR3gaV7alISEvATyIEsZiPMnP9RvDkKB-GWmYD4BiSVgLAJhCoHS5pYiKdx0uPjBjfq8ttg7Pr5mw5RaNktrxQ7xt2mWj2pclQY_u0GkAIosDPL1uhbbkmiZlPU-ZpXiBwcAAY1d91zQwaR2eXgq5AQFMmrtSWZTqJP8pRHcmAH7HG6QasEFE-022oZTP&xkcb=SoD56_M3jA78Y5TCU50HbzkdCdPP&camk=C3EPSzFlQw-Kxz8aVjN35w==&p=12&fvj=0&vjs=3
Global Data Science Senior Manager – Chapter Lead,Boston Consulting Group,"Gurugram, Haryana",https://in.indeed.com/pagead/clk?mo=r&ad=-6NYlbfkN0Ad1FFWZOsBBwBZDGouyCcICeLSd3pQct3wJ1q5dPO7JNFPcbpYQ1XCAHtAAJhKZCYBPlN17-871mF0ucw3ChA7XYLAByElf-8RGCK0JjxkxJUnsQfYzuoPG-1So9rRCfsF8D1O42VWKFjAXDhQ5sxmS9kFZb-2LDOshjnkQx2EfWRQ2oQYjwFSt_jfJrmtJpVP3cFRyUeR57GnyLBvZIRd0cM9wrrOWBN8I7SUP4rRlQpZBunn494irU190e0ezBkqFz3ylKUiXiYCjVKpQE7u9ft1Fdm4KVNfenJ99TWdxJrO84ShcQOoqe4NMNftPtwitq6dfQSlX9LmpJ5svQ6q3YXIIuKiM8nhjg9BW4aVbSv6iD9erNMFd3MZCm-E42AXx5PNv3tvVvyUCRDYvPbIzqYQCGGqirHJo1LPTwEPr3iylEInkuCH1VU0R_VcIDOHM6IHtWfEz9I0Thu_AAKa0TN9ZQ2_Nj9OpjgOtdCu6LgSnvEcXVhiWDMcg9swByRD0QxquS0K8bEshoyRVMCa4b1yset0-qqV7W2ZHcCVEZZ0xohYS1zy2nUj-K81NuheYP8hsv7Rdist-_aKpRKfz5FwTMJu1N_NtEWbDJ-kPPstw_kqiIzKAxT1sTBy0skylluUj1_vMoeFV1hYb0MwuoKfTCIWJhDMY_85JE1fhrP0ToJK06ez0Znb157CZJvzUF02olBqAfQzI2ju8ZAOWLuGPZpsEUSohBVtkznATj8zpjxIY3Kjqb2-sAIjYcAU9TWD72-t45-pSmPepHu_s4siGlSO-i8SJKNAWuhyr81iB28tx6QaJUSL5tiW3emyeKX1mqH1qKBbYwJIPG695Sky50F2LCY2Kere5CcsgrVa3nRHlnEjoT4cmwgValuOXk6xWCkAdhhY_3NN2zWjNfL0PQNfI953gO-9hQdrPEde-dBSOhMj5IYx3T3J1VNCmdpyKnyHuYIP0R7Q88Zt2rqk-DS3yz7Fkv3mt7BLZC2wju_79ZVNHup4S2oV2Htf3vIxQEfCbiY-uLo6Y6eVg3KYAKXjvOd-E8wyjaCyqXra6CD_qR0j4U6WgBArjY_-SKPWxwS2R8H5tkvnVoNbpnJOfh94mMwfFhlgOCDJrhHLkKjqAWOu4_cZgQr_WjNiR7Y_IVazJv9xi_PfICSJoihH6NM5_boFH1V3I7GPv3su3ncqCkFWQJcTQm6TzhGVbDsleI9viLNlqTb1gkMx6QPChXAXD9cJYeepz7vvpi7ZJWfgm2VZmGZ88r60qYN-wGlE8cPMHg==&xkcb=SoBN6_M3jA78Y5TCU50GbzkdCdPP&camk=C3EPSzFlQw_yEGK4nS0jOw==&p=13&fvj=0&vjs=3
Senior Data Scientist,PeopleLogic,"Bengaluru, Karnataka",https://in.indeed.com/rc/clk?jk=1505bc5258fd78ec&bb=AFsGf_5JcnsmESCmWcgKhR1YvGIIMK4XUUplmRb9WDMPxCoVlmr46xrgpFyRcVJtrKWjyW4RYLICEtEiCmmyuAC1Y6YFExB6l8L6yFMpNSEWEY5U7Xj-SJdMtooW_ABP3IuicTdNWTJWs9QwGKKa9g%3D%3D&xkcb=SoAk67M3jA78Y5TCU50FbzkdCdPP&fccid=ccc0f3723e7c12bd&vjs=3
"Software Engineer, Machine Learning",Elfonze Technologies,"Bengaluru, Karnataka",https://in.indeed.com/rc/clk?jk=e46b5b833d38becd&bb=-hVIZrT74NvMvaeZ15EGA9vVlYXDGkI8YAhdXjR9jzpNyXCc2FZhSuW2CN9zV5LvUqh3FmHHLS6Y9P5kwxHgwxgom5zx-1s04gQ6651jQeRgOI5Qim5NbcUsmsZ7xUZSrRCG211W2Ya2TosLvAy1MsfhaEF6T0xoMJFOvMLzcO8%3D&xkcb=SoCW67M3jA76IvTCVh0LbzkdCdPP&fccid=79edaf26eba600e1&vjs=3
Data Engineer - X Delivery,Boston Consulting Group,"Gurugram, Haryana",https://in.indeed.com/pagead/clk?mo=r&ad=-6NYlbfkN0Ad1FFWZOsBBwBZDGouyCcICeLSd3pQct3wJ1q5dPO7JNFPcbpYQ1XCYdTOV-ko2T57wlnQKHsRLP7P7BDYnxuJ3YoleXL9Cx1xL2MIF5_jcaKBnnzI6gbA2EDK_URH6tGCCIecFq2Z-L3IJbvbsKbWnYrVzroWRFw_NyMWItgCR_FPG9nAVfQOkgwiNbEitXaS4zH-YkaarsBc6fgfcTgsuxWRWi2BO-Mr9sZeznjPPf1g9c1ugKmOYa_sQrU6wn9VU6a8SAgeUaotTvjC6nBLVEMKNtzdZmUMnQW-EaHZhfmbuafI75tud2BPYjfCfu2fhKT3StdZ5DyFiv1TEEO_hcWD6Knwv5y5ldsa3mzHNSrM81WeANmnA0W0Q5KttpCRnxisR_yKYHp78BFl5AKJzMkAnKsU4UVIQNTgzzaFnn9XJSx93Vkl7JtDycJdKwbzUHQZhqUG8Y1aKmflnCODLdUqHAq6_5-AZs95bvooOT04UnAPVG-jGOYxp9y3azwY5lEc4LkHu9FSCL32l5cGczPoZld1mWVyEtBdQOvsRvlIGPYBCdHxzGC-jEapoUE_ex65v8xN2W609GLNlKYmwFsvqv5VdTwjIDdRtI_1oAI40BND_N0Z2Fr08BEwpkxplImiHtImQNhQRlz6IVSHT61BMYcLMrmoT9_6kPsH_e0jfndvoPa185TJVlnccAeSuYRL0UnUa3T7jJ8kJ5wAr0ui4hE0Qcfp2jEzWv3gwWSm4o3PL0dGuCXx8smySvL5rOyrJhT_j7l5GRBzU7GuCC8Pe9gR8CHK9e5Za82lSLC3urBEKBfxeYW2e-rby1NsQ_jwCaDqtRCjOjKVHh5BowcboiMih3jhm6Rh3oZ2phZCpw4DWiYsFevuXM8PGH8r8SVdiR5MzJwiAuLQSzpOvrfLAj_5eIcO4-LzExTWZkQGeGzI64NwmU7VvXkSebQHZa5DAK4HabGytdetKkCK7IuyqmXmY8hUeRjjXNe2qpilKBV9pNcziyU8iOskvqymHegVnVdkc4H4txKPBOeTQxMd4xXYFzlxz4u3c0S8-wz3jFy-CtsPX1gB_fbsBmfCNiLb5g2yVsUjqqCqdmzESXVoiDk7nsz-lIfvTtX_LXRgDpslQ4DAr4CDKnHLrQ1OVgs1hiruPArPceW7mIDdQPScshkKNnT-rzT0DiTLM_JAp9RTTv2xSgB71e4PrkNiEAUQwK7HpyShW3TbHVPOJr4bYnhaOHL8_ZhgfqXr1xtIIJwWEOgSwqjO1rINR00lwWqH8Twdm7R0ErUEMfo6aqbiKOLHqJ4cUoitVDqXIAR7bpU9UTkMx-zOmHHrxuXsXWrtk0Br8PgXZxuZIR6kortrKtCGjvRLzcIOtqMX1fOHwCMMOSwA5nCe8tDfd7YmJ3ZKC8rF-81iXopHP8I7&xkcb=SoDW6_M3jA76IvTCVh0KbzkdCdPP&camk=C3EPSzFlQw-Kxz8aVjN35w==&p=1&fvj=0&vjs=3
"AI or ML Engineer - Python, Scikit Learn, TensorFlow or PyTorch",Optum,"Hyderabad, Telangana",https://in.indeed.com/pagead/clk?mo=r&ad=-6NYlbfkN0BWpgndjYL01xMr26yTqLCDFb3b3BUdaEwmMV3w6lpNxfdb7iEvGm0gmfmM0o9B9H9B0ZyZORxvlUf3qmUdLH_3uy5rhqnVMCVxyvqp94Vq_o7O5wvI9BtHL8DJyJTMBJUUZvMIYGRf3qXJwoVWMI3DnEsDejxkRgctQwR1IyzD-zDF-dvtA8aSoLqEJ8-tCQGO1pcTBpzwiE0PFKH4ENGBsDjW1II4CFrVzkhvKR4HRMbbuA-eSRiUei2zmKpdVfKt4o7JeynvB6rOr7XBYf2RKcw7YHVe0fgvDEh4fSpqg2cqCGF5zmJNjQT_GcyqS6BQdKIYTPIod1UrlYB7nyjpW8wG1UYWhgW5DwmeVjL62aS979QQ5zp0rwHo1r7mdfxH6W4a2CJpb5H3RGreAidBXWbLY4A6obZM3mo_e0Efka1guq2XmWqvqtPlq4pqYBaRRUveiADNAeAdVTxQ8bQcr9eervw3NSe4Q_hlR9Gr8nJfEbCabrhQ0Ht5eVudXJJMErECKdoZuHmSCPkDND-3sDJmeZs4V1UYVSxxjXCmZg0indBoHWw1DR3TqNF5R044GlmJQRavvTpFqe_iZ-Z4JgDxUeZdhf3LmkcyrS18WllKp6S9n_VWLPWVmsmCu6Xt6Q3gyronPyGwzQ4TYdUNg6N2A5KJ0MjiduET1pqCYf0ozhef0aF0kIONs4VJyygefnP_cZ6-mxcjR07Nxn6xKgRrSuKQPOswNvNsGLGUxvW9sBVNYfpdY8xUy94mTkufNnjQHLiG5foI0_Lbv83jOWDJEo1nZK9gEs8BmXf1Q6ag2I_zX4RU39BsMejUCIU=&xkcb=SoBL6_M3jA76IvTCVh0JbzkdCdPP&camk=ethIe0s0hed5mhSVDYdqwA==&p=2&fvj=0&vjs=3
Machine Learning Engineer,BIZ-METRIC PARTNERS,India,https://in.indeed.com/rc/clk?jk=c8adfad80d84e9a3&bb=-hVIZrT74NvMvaeZ15EGAzEJzsitOSNeJUZZUANwb_1cb8J9lXuPHUGT1dExOxWoYhovOeXpCXRKRsOg3u4nRqS94AvIT8VNX_b-pGckHKybkwinTOPnTdWJxWffRFh8bfCkAHD2crvynje19X2vM9JCSf_nCxbK027mQwWwt8I%3D&xkcb=SoAL67M3jA76IvTCVh0IbzkdCdPP&fccid=0ed67941959bd3c6&vjs=3
Senior Machine Learning Engineer - Gurugram,ClanX,"Gurugram, Haryana",https://in.indeed.com/rc/clk?jk=3ccd7f88158ce88f&bb=-hVIZrT74NvMvaeZ15EGA9vVlYXDGkI8EXQ-5D17-PQ1nZgxxRTEnDFU679Xnb5hs3JxTf-X-NUx7VWX3_MBgqMeTXTrVUIR3GYj8jpzACFsEBny5PCtJjNRqVli-vG-CIlPRlUcHkLMvbF1yYHf7DzczVt__hGtI-FrhgjjMeQ%3D&xkcb=SoCF67M3jA76IvTCVh0PbzkdCdPP&fccid=f1020d68f89e2355&vjs=3
Machine Learning Engineer,Amgen,"Hyderabad, Telangana",https://in.indeed.com/rc/clk?jk=f19d076e0c925582&bb=-hVIZrT74NvMvaeZ15EGA5REvVKU18iW6z4JzFfIdoPt9YgyDs5PeSOv4FGEGNpYbIyBwRZ7x0fbqtb0lDtpD74gb2vNHjkTaVFC_ng5U9Cv-dhP87-B2JPEqfDPwBQnuyrgcDrPx3dfghY0SKUdSeUJWkWskXz_&xkcb=SoAx67M3jA76IvTCVh0ObzkdCdPP&fccid=ec34037a9c92d805&vjs=3
Data & AI Compliance Analytics Engineer,Booking Holdings,"Bengaluru, Karnataka",https://in.indeed.com/pagead/clk?mo=r&ad=-6NYlbfkN0Asx0rKiHSXymkO8slWtT2xWkY1-oduHI0IsT-7aqdY0OCwOFuYw35h6PYkRa7j_YP08ywsBtsYiu_dV2nlsnV3Ek7t2lvflJFIBixrqCPCkmOrmsxwXQFGxfhs-1FdCvfmdoPgK8P2_MulskqldHmAAjjDDRlZhSBgDImH7UzXVFLI-b8qXjPuEiqyGyDZ4vEfDWq9VuFGylBdEOaravo1nDCk6E4nR36dAHfDJjeDvwhpkX2lHAbXUyBQcP0aLyYoB6sqAQ31pvbm1QGBtjL9FXh4AGCA5lo8vDg3mthOK8kCMhdW-1pJh695ydTJfYrl9Zm3M5h3p_qa6zWcwvrLKczmqisjO3xy70w0ujoB6fWMv-fQL8wUKDrfk780m0IbqFq0oEg5DHlcF_V1nn9P7MCIa1x1JAaDb79IdN2DG0EXJTWuqTWL9DvROdGGUUhBkazTqY3YmwL5d5MoMdyqeWxL7-FcKBk-NxzcAMLUzGt0ET57TCR7kD6XyYOED3HytvQI5Msmeb6CXE6kR-N0ZbsGgadP8yi3_zuIjZoohWoAMaQuek_9ex2YU5zDQ04DiVYWuX9-r21giUbq0J3rB09gRnQffS0_YbZ0KAMn03dc1jd3y6xgvgxopfplWS3gS_vaMlCm9wGUyVyPveGdYesTvwV_U6NmkUtQxz1ocx3NHe84LA1VYHXvYBrUOfLNdl2ZQfBILd74ZjWE6Qfuvgo3vfYLXZRVji1td0Jn72c9C57hxDC9I6HTsInpasEhJ37sp7RqdAO9y0IyJE3jjmtLkP1xnl_Ynegp1QuWZjhgHoHdxkRDdPUsc-m8u-VhApA2biDlIGTEjg_WqZpFwA_yxxhLU6TIpNizjI3VSWcPE9TuhRziykoQqhDGslC0V5Ho1abTUFU7IGWSk2rhdktQiEKIP4Y=&xkcb=SoBY6_M3jA76IvTCVh0NbzkdCdPP&camk=C3EPSzFlQw_ZGffWIKGdrQ==&p=6&fvj=0&vjs=3
"Analyst, Geo Analytics, India - X Delivery",Boston Consulting Group,"Bengaluru, Karnataka",https://in.indeed.com/pagead/clk?mo=r&ad=-6NYlbfkN0Ad1FFWZOsBBwBZDGouyCcICeLSd3pQct3wJ1q5dPO7JNFPcbpYQ1XCYdTOV-ko2T5DcrUamP2zS3MZyVSQIoBnA4nHIPuszD-lTCRNXvM_eH6t5Gw_vjDTyTLRx1XVTdHEJz-tRybBukvNfd1sHqTcbRHIzvwCXpRIvmQpf_8cz_i-kH-7VbvsP4jvbsGd0rO6x7zlbBtBGog9CsjQ9SkhkNnE05dn_I6iBsF8fhV5mbMDu9UZaAxcv9mBk6mMdBX-f2Kt2jzrUCGeDpzNVe2XJulLTrWXcFfoYpOIYWZGoAS0fjHpWRSGpyRw_MaU2FZK3zjoGkPMvGIZr1BTlYFgJ1VPwYBxDP2XFJ6gDj0ZOGvZJZUMW9IWvo4-7iTmLcvSqdamE9ZW3xckSABMWiiRJ2veYowBbgG-L6SwZy8XV8YoHZpmqwL-aPaevKCGdNfQUcvRSk0wWxrqDOa0u6svz2yrgVQm9zEbyX5MQhXyAoxQ_g2gXhlrX9_dZXaRrSiiieeFIbTEaodijxGq3BDE9LLr0TDDyj9x8q0nibzdP-IWivUOc9ZaGZL_ecC4RWNW7h6Q88kfsA3Hvqk-lJh82FXTwywxCqtJABKDci_Jt_Eutfu56fKsQKUn-3dB8jiV67PHHDM8fT-4MkX0VXJMWAjPvdHZ2_KIBDxFJyF0R4AAjXVYbofTiFW5-vLJN4cuHUH3ZlDdVAPywhcSxO_KljPsj7CGHbjGCDCOJ7tQjGn5RLei84jvHSs_nP1VKPIhXmXCgnSdpY_VUMgBvcQOO6ICDkNlekKHxS03pmYR9GL9JlD7gG6uusC6uxAns7EBAuvbt-bWQ4MVZzm6iBRtqHfkWgums-0aR7nL585NgZB0DUMXDhaCrthR3qzVd--zPtsrm8v8IQNe6xXSsApuj8IWPKU8SLghCIPNu7o-tciaQ_HDtMuMe3wnIXZUJMxzrWUwKkwdgKsT1WBfhHKc02wII7clZnZOXXzT_spstjr6ya4aqqwsVSCDfKeAyQaHbDis0MllzEaiGh5PUVwTPuUUmw5vScpcGjx35cGfOF7sfK8oQgOZhDYJQywIXeu03n4PRCZRgU_OEE5dk_s_7LkJBD0N8cQ9Umw3V_9rp0oPO6UbVTAugK4z3sT8LJJXkyaB4iwwdCEndpmLd15R0sqCySQgLpS5JmVva-RNNvpqJm9InmjxRnJzLh1iDTBoy9Bza6m0dx68T1V7MSjHFNUoKZxGC63f22_2kRmiHoI7dbUng9Eaa27w1ajLSUPRZfvo1VFxs8Y1Qeilz89vv1bm4IWZelSYYu_luE9m45i6s_U-ucXYiif-TXc4iycc4I3YY4D_t0LNHSGCfThJdEf0wT5w1ckw_H2lM25agSzTh0WpSgcY8br4TcpXKKb_qm_KtotECE_166JOQlLU3s4zzk4prBowJonYIXeWvDLhCophPuy-&xkcb=SoDs6_M3jA76IvTCVh0MbzkdCdPP&camk=C3EPSzFlQw-Kxz8aVjN35w==&p=7&fvj=0&vjs=3
"Analyst, Geo Analytics, India - X Delivery",Boston Consulting Group,"Gurugram, Haryana",https://in.indeed.com/pagead/clk?mo=r&ad=-6NYlbfkN0Ad1FFWZOsBBwBZDGouyCcICeLSd3pQct3wJ1q5dPO7JNFPcbpYQ1XCYdTOV-ko2T5DcrUamP2zS0TvwEPKU3jzcPaHfkOzJzDNXVg5Kk3UjAAAK1p1RwvQpTudLyvZnIADOD0ewWopzzXCahuFxxotblgdPtHZc52yHUq9vagXqKDXyLlkdLH5wUyD0gzUkFxOLbRAOcNnHMhI9ezJCuz4GVRrkVRD-ns-hOb-DTJMSs4zERDmfwTBfPryj2CtHmt3SQAQX4mTyzqe5_LLS_5ngJoMfN4pD6Wr5PlKvuX9cHZL3QC7akyM4-cZfaPzQ6ioLbfSCYBzhMXhYGNxrxxet6jlcfuNWMKaUysU3bZhvF-f7nAbHFrveQOTy5kyv5M6Wen3RA4RvklI1TKBvRQr6jZ-XhpzqfpRfAylW_1XlCsecJls7pXf2KOSzQpbVchSeZ83N3RISFPHO-2NKxVaA3Xc4Jbu0P6jTTv-q-EXXFiftypJlKAd1fHalF1KrJLtPBU0GzbLHg83NsEDYOENuRajfNThEr8ddX-gnKwkyuVdvyVnXf9UM1x4fTVxsK1S3fvtOQZLaPFPu-x4Q0ezEQHZQn4bruoW9vpeStZmQoob4nkvey10XRCfP_IpJ0YoEFK6At1Jyp2_6WzPuFcBS2wyLHf5V2BwcWOJHi2KEr9egebK4nctJNEO-ypu7H0_0oL7K3j_PDiwBuSuxmpKNiXCKXpQaA-GhF47OR9utX6Ia77VFQb7xWcFm2XC-k28vtxm7w1YB3Rp0j45fUzsb-5_Y5GG7hC3Rh7YOfiqwwM4sqAcsBKxSgVnRshmMub_4dgvyegRI4enUQnynDR-N4zAg0nsXgBF1qKZ6yqTAMeNDTJsgpXYeYB_acqUFtYHxDlRsHAwT5WPZ7iCMSDgHIazPIYb0X6yUYKDuoggMaNGwfOLLlu3lMx9r7wVWUsrcGtl7PYPegdOweTQUKdpd8HthYhNHozTivCEk4OhehUpjqRj8DfDsq67FYvTrcTHqS7JQDFZQ9D3FfrzOGXNEZD_hxO_ewoMIzs83Vt-kKcsiEqFO3T91GHI58wKFSlnzuBYAU4qgCnvgDRju9AVpx1ftfUQQDHkuUgbcuaQfH33mRSB7EHoEdE-cPjflfLxYkcnEpGRyCst5XzPCy7RIej5Z3tePcR7M3iqeqHOqTNBTQA-XulCls40eiYZBU0hrAJaCK_UItD091GVdM4kTIv_CyLmm6oxtvF0nhorejgVxk_Esza37OvpHXo1xHtjEtcU6IpwE5P_XrezRkgQ_LCnDdboRF83UYZVuiKG961PaLn44YNHXyWtere5uOB5b12nvf7-S4JZfZgfVR6foMPSqUZ5dJPaZGqp-BB4kWwqbGPSY0Y1l8hruUKwPy0beC8qxx8Gwxw_JTpwWa3rm1wq8lvGf28=&xkcb=SoAF6_M3jA76IvTCVh0DbzkdCdPP&camk=C3EPSzFlQw-Kxz8aVjN35w==&p=8&fvj=0&vjs=3
AI/ML Engineer,Optum,"Bengaluru, Karnataka",https://in.indeed.com/pagead/clk?mo=r&ad=-6NYlbfkN0BWpgndjYL01xMr26yTqLCDFb3b3BUdaEwmMV3w6lpNxfdb7iEvGm0gmfmM0o9B9H9azCCnJX2KMPy2k6sCC6wJZNKRTzjLpHgw8rH8Wmn3XzjudQILPYS5oFHub7d4I0O1-vHGubBXUNXBeTao5KeY8hHIsIdeAM9aHjw0jnyVu09_izGSCvQmSwyfRxZPuqB8sRQBLXEXFlBe1vseZZ_4lCvWb25SsSEtol7RInH7Uc43l3lb5OQ6eqBf8ZQcHsavEzrMVe_WTY4HCjmNHJRT6oZjhui6ElwFqyYvgpd_8Y9i8d4bKMMnPemlBxbJCoxV-eIIV62SniaR5tWMvxZSjlMXMR7o1Ma2TQjZxFjbk1TsHWQgcDYSKM44AdJpsgVGAVoF-JwFw26AAaeHmwz0lAjEbZWnguLxbmnQYVO6H5NQ34LCyk0IYFsmGUMIlJl6SCHpIRYIFRJe4tRMImboiEmoPMAXlKmGVIhlmxa0fXjMWppvdE1wNRt8WNLMxuunoPdgsVcXAbW3MtUw-xr9_ZoprbUGp884Eibw4snfOzpD8vELDFjfqoiLiw61BmBKmMXd5y0DgR7UBhphMdJpGyBcXBTvyYLkAOIfzohC21m5BCp4Qmd69Gofr2OQTFuORYPbt20KNNB7Ci-InYxlK4ZzQQjRsId9ug_n31NcBitVjzBvPf7KaLl8DcX2ekYkbR6dfEPAyoZN8PGGhwmvTPjovATQxrJbOJ_qb6S6LJI-atUEGcHrROSgh8pe5eOYTQwgwcSu8CfaanFuc7DLIuTwuuWcZZwrrEaDYSb4e-Du6zXZ0g660vo-t30LOY4=&xkcb=SoCx6_M3jA76IvTCVh0CbzkdCdPP&camk=ethIe0s0hed5mhSVDYdqwA==&p=9&fvj=0&vjs=3
Sr. Machine Learning Engineer- Support,Kenvue,"Hybrid work in Bengaluru, Karnataka",https://in.indeed.com/pagead/clk?mo=r&ad=-6NYlbfkN0AnH6HNl3qg0QQoMtxRKZBdeOxG4LsryWJUV6u4ORaRKqUckZGVeOJzLn0Eg6o8XYJq0rXzgfVppY3AU4oPxxA7AOSbJflPfeH9wzngAA1Mw-L7rA66RQqZUOuGcqPlBzuH5cVWXeALYoInT0msVWivpInrHcybyLycYBczmJ6kKbP0ExtKWNnlHHU1EubXbAycVpYBTJvXd3imZhnKGyQbgLVXiFq__d11qsW60ngbFV67w1jjfifZpKExCT69lJaQyDFRA9nzHfKNEt7oGLQLy36ZiiFQEFWnN4_ebpGn9ecTHybxd1b-sUO20YqA0qO82dCLMdY9rGMJTCQMbbLLCCiTLop2JlWfnofRgxqpDwdms3XqywgvBfI8F1gn2zfmg_VMa3nJ89LrTMvlGcnCX2AecanzYdrjAazgO-PtkD1NxKPU8dMlfvIF9KSKQoCkl5psuWNlzjTSW7D5AHeFXuTri78yDbCwFHdR_McFZMi3ApUD5uzfdR-bzrHx9vUnILcrHlmR7MA81Sksc5H4jo30_7nK5lUSwGtPisgVRWw902NVjbquqLa_BmlxGZYAp3TRDsQCkg8rG3eE-8itSZIDjV5LqxMdTzgWRRA-xxGCLIlDMunztfMZCsZKVqk32RstYmtQMLhuMGNG5XZ_qrax8_y2hUYdrYz_ZhjYTNAD8tZkabK2Qyu5DtL_H_5O25zvFVVnbie20EaM59so0gTVkuFuL2k_OYjj6hW6hBoy6eyw12J94KqQoO0o_Efc055gBBQ9GYCvdKSeiBoSV60vCo6HTBDjcnl6G7gUNq5_6VSRlOgEJ1DgjovzpdxK3JsAx1kE3Qg8abnau2ezLFXNdACobpqm7Y574z0wo3XlDejN-Im9&xkcb=SoAs6_M3jA76IvTCVh0BbzkdCdPP&camk=C3EPSzFlQw-Qts97afg0Vw==&p=10&fvj=0&vjs=3
AI ML Engineer,Optum,"Noida, Uttar Pradesh",https://in.indeed.com/pagead/clk?mo=r&ad=-6NYlbfkN0BWpgndjYL01xMr26yTqLCDFb3b3BUdaEwmMV3w6lpNxfdb7iEvGm0gmfmM0o9B9H_f79WC9FQaqjpRibIzaQtjfFN8kumxgtOk6vtn6tWl1WlMf4yk5itkGRXpPk9_vcO0z2bAdbJudDiD4kgfjJgy8Q295AUeqQX6d4SnNn_338oM-ZXz7OHNDOPRDL2V9xlcboJP9BBHet-mIgtX3L0IA3H_XY6urA0wWGK0G-syyaJ_LQdJIE5Fr6c5xHkMSR4AzjqM1dLRDagZfZhsJuPnFr8iE0rWyhPIhaXpH65sA3zS4wfhI7opYf7PLWTZ24fB6T33jj_x3McLnT1sjXo3BdqF_-E5TqcuPYCAWoKOLqzTtLZkdQqi2MG4JYL7oYfYJQ9SdCkkgEeobQ4tBGwJo9bZY4YqwwGG93ebPgt0ydX8Rco-WsxugmZzMxTQB18zLLmt7n0qt9iCg-y6uJ2BVQqoI3iKEih_B34pSvvmedeUYlIrVbOq3KolubAopq6uQC32JnAER0tsV5pAa5FlR1q_KHj0XQBGxZafmqfvef2fPmzuzCf1_jjhRwr6Wp8epL5XF-TKtQZUGKVrROurm6ny8NN7LdDx0oXfsUzStbDF9xP_AYwIZUh2SqBULzh-GUwTSP-rtttBQYCIItNsYoPuRIOx4QQp-B8Ravnx0y_vjlknXGYXUoSd_gKoCoU1r0xMZyrB5qMwkkHcaY7h1SoaXDlWqkBm347JoOi-YZUWtDh-ZipzBJNmkGDL4QUmnygWehYSJKQBlj8Djcb0K8jan6YSvjgrxVVKfkVMVI0OAnOqHx8rwbz7qAwrAM0=&xkcb=SoCY6_M3jA76IvTCVh0AbzkdCdPP&camk=ethIe0s0hed5mhSVDYdqwA==&p=11&fvj=0&vjs=3
AI ML Engineer,Optum,"Noida, Uttar Pradesh",https://in.indeed.com/viewjob?jk=890abcdef0123456
Manager - Data Science & ML Engineering,Zelis,Hybrid work in Telangana,https://in.indeed.com/pagead/clk?mo=r&ad=-6NYlbfkN0CMjQd6K-mJQmnXP0NIaacqgU_ZnGMdJ3ZujbgiYs9cqb3DtnC5QIo5ZlnIk30BCeG1aq5W8vQc9W9LZxYjMd7kp_FicQInC5eCCx5ffHnbLUwAoOEx8-Qzh_5qWAfpIBswUDzUq5gaW0HFKJOPuMSDoIQJGLLpPSMiW9jON3d-hYF40cES6XgTmom4mh0ln8M0bd6OF6DNKgmvNcM49y3lbQ8DM-kHD7opOscS3L3_1H1tVPPFTNlgl_-myTRR5mAx-huKkKQdDhSVp0UjYMEXa6Zc0o7iOeE9H_25tGtEwKietcNpfuV1uQlFhd1zVhbKhEe-qlnS9vSu7BVRl8lniXIHFO47cjcp4NljJef2f3soIgF1S2dQli6WiGyWZDJGGs8k9tYxt--Bb7zWyrQJ1eWf61zX5NAuA9R40oeyJad26iyq84OVe_gPsDZWh23FykX3W7xkv0thC2jA7l7XpWiZ8GvNFQz0rs7mKClH1_D9U_aq4TEs-VMqQEKf_KHJ9btArUTiUX4Tvzm2V5N7t4AyyvMtbiMdTh4N9NsAlY828FsX4id-jP4bIT_t106OecJ7j4DV-ma9HnMWV7bX09s8z7D7OCLwhEGhBCcogJRPCrtJ-ZcwKw7kVVQmPBg=&xkcb=SoAW6_M3jA76IvTCVh0HbzkdCdPP&camk=ethIe0s0hedhjE26FdisKA==&p=12&fvj=0&vjs=3
Global CyberSecurity Analyst - AI Engineer,Boston Consulting Group,"Gurugram, Haryana",https://in.indeed.com/pagead/clk?mo=r&ad=-6NYlbfkN0Ad1FFWZOsBBwBZDGouyCcICeLSd3pQct3wJ1q5dPO7JNFPcbpYQ1XCAHtAAJhKZCZBPjE53BSqM9fo7eNVBPP-wSKfIXTW168fNpMij3V1BUCKhIbQtWfj7QlPzZJXMZ3Lc5l2ypgMYbxVO6vRQ3ibviD4ELuu5gx9ESYSC1Vi8yg-ikybnifmKcM3abYnTmO5PV1EkpxOw8MQmQv2Y9kwX7Bp9_rYbizcbz9n1IR6sxOxNCaSVNoeTpSi5e9_HgK1oX44b6HQ8qn7aOy7sjbyoVzu9NEHnKAJkl94yrTILkUhyXoRrR6R0jbD1gCAOv3SqygHVrhmSoWSvC65yutMZQEu_2-WSsNGyUE2VED-QOpxuVixNqpjWeIdMOMsT8ZCuP-PDGWeS9rtmU8lOrRlaFtS2GlFDiK_gmAkyjYTxbxp77GmWuRbJNkseLRy014ZZqfEQqoLov52mZDkf1ZXP6ILqFJYheRl1laxMHW7F9h08L3Wcg26WsKF24LgjaO2OhMfM0-vfWiMuw5hKDieMqacm7BKzEAQVDRKNskNpXLaxM4IS4GszOnOBPItQrEAiEeXZGq0314mi_33rk5tlCROInSEtPKTY-9_nmyaQjyJklS_qQvy-S3maHkk8jE0ykBpfjyeVHdosHx5LQi6wcTXbTS3Nf47X-rR_tS-fAX27NnCiY38SdGB7m_NJiaMP7o0EnAs2Xj6-PK-lhiLereUOCiKNjCZ3LIHnTuCPSLsKxvWARcWTDgP-ldeXs2iCllq7abaUFO9joTuoNIQig0suFZNmABkKwYQOC49hTTddrI1vkBma-W4J8M0DVfJvdZfQrtr005BTzv_vtvZrrf3QYvg6tOK0doxzRmjPIuePdNHabucVnGVA3_cSISJPr7oN4TTlpnxElFyVZwWjMs052hW4-slfT4ubJFYpO2MzMLXIi6asYck-LZPOZPcX6ZSZAFigR3515Jc6sU6GAYmeY_7SsWbztGozK22H-seNtPG1WRHI1EqdiHmpa1rvD8DH1Vv9KNk4f2xKDyw035p1NeH-LscYgDwnRF5LGPuMfJUd8YhuUU1dEnNpOmNP9CBvwUFa1tKF4kBPP_PldSHiAOWjSjFlbUQbFVuTsE7ygwrbUakgumz6AUtTTNdLzvPmy9IeVaTJVq7WYCtppTbuhgOP1DZJGALrVXTxtiPYw762ZLAuAS7DN9xXrcC9OyAfErzbWv-f_0nETNJjqzlelvVAi6Sh8OsmM5EbINHgENBrT3l&xkcb=SoCi6_M3jA76IvTCVh0GbzkdCdPP&camk=C3EPSzFlQw_yEGK4nS0jOw==&p=13&fvj=0&vjs=3
Field Application Engineer (Machine Learning),"quadric, Inc","Hybrid work in Pune, Maharashtra",https://in.indeed.com/rc/clk?jk=b2e19f66de1d86fc&bb=-hVIZrT74NvMvaeZ15EGA5REvVKU18iWx6tpMvxGx6_ZWPPfw8mxzzddIdZsC6LDe3h8MRrmbuOf5dQ4U8XvyAM-g0oZ1i0ZnrEDir1n65hPvzcqZ8d4GTwtecuvh9P1WFrS3eeHzjJOjsc6HqWjrKIr2bt48JAdxYcuhwZFwkM%3D&xkcb=SoDL67M3jA76IvTCVh0FbzkdCdPP&fccid=8bd4bed1b0ebda69&vjs=3
Field Application Engineer (Machine Learning),"quadric, Inc","Hybrid work in Pune, Maharashtra",https://in.indeed.com/rc/clk?jk=b2e19f66de1d86fc&bb=9POcATjFhUaOuyMOGZkuUKz9K9DZU61ypLv0ajO85AGIZHpslVj_0fZJO39ViFY2ISRSlbPjA5eqVTDAWSWwvF-BlfA7y1ss361ppcbF-4UnEkr4T4qdfcrn4RmvizKNv_osDRAiaXwLP21w8wvHjK38xniRxBXX8xADQvSK03o%3D&xkcb=SoB_67M3jA73XJzCVh0LbzkdCdPP&fccid=8bd4bed1b0ebda69&vjs=3
Lead Machine Learning Engineer,Diageo,"Bengaluru, Karnataka",https://in.indeed.com/rc/clk?jk=b49a983677c62cab&bb=9POcATjFhUaOuyMOGZkuUPxYcfLQhy7OeOWa4Y6H4GQNhpZ6TqaB4_82SSXRPdKeChDn3TZt0cHKSqEcrECjcKUZO3z2Zf61bxlwiNPdlrCrqgUYK82c3svf9IZF45kyE6iHOGSCQiEqnW41UuIN5MCHTu-VxRmY&xkcb=SoDL67M3jA73XJzCVh0KbzkdCdPP&fccid=942d238ea16c5cd0&vjs=3
Lead Machine Learning Engineer - Gurugram,ClanX,"Gurugram, Haryana",https://in.indeed.com/rc/clk?jk=59732afb227d9dd5&bb=9POcATjFhUaOuyMOGZkuUFcP8I5Og8pnph65qjG5hEfF3BTHohv_KY-SG7eEvwSCgMcaCpaRzaFNi2f_7waO8NTxdfpxAIcogr4fxuzSlkBbE-LrEBy2SyVg16q3l11NbqMLupev7wr3-ZDZnjfdA_y2ISMzXZber848OLwmMLI%3D&xkcb=SoBW67M3jA73XJzCVh0JbzkdCdPP&fccid=f1020d68f89e2355&vjs=3
Sr. Machine Learning Engineering,Ankercloud Technologies Pvt Ltd,"Bengaluru, Karnataka",https://in.indeed.com/rc/clk?jk=9921edf7d0ee5b4b&bb=9POcATjFhUaOuyMOGZkuULKmwwV4805Gejhtgbx6eH4QblqxwFswdF2tbcB3t7PdJVIkIWSqxnkA_KLCpskpQ6w9HF9Ah6X6mLej-4x1Cga7Er6eBQ_67cxpnon_Ekda4x5JVhDf481rvWXdGoS26rqc3aCETkqRq54Wlm6HDHs%3D&xkcb=SoDi67M3jA73XJzCVh0IbzkdCdPP&fccid=6ae6aee8daa92244&vjs=3
Senior Machine Learning Engineer (Delhi / Bangalore),Codvo.ai,"Bengaluru, Karnataka",https://in.indeed.com/rc/clk?jk=6eb272b7c3c8fcb8&bb=9POcATjFhUaOuyMOGZkuUGSdpaqO3NDxS1J31P2J5zaO5p_Mp2QtHja6zWJDC2d3tfTNkisL98R0OB_L9tSt0xHeq-6-YI8Okx1PHBLgwyB2qQV-j2tL_EZeHQ6448heARw2D2QqZCo0xvOEJQpAu8p0815zEq5GlG9c_OvljvA%3D&xkcb=SoBs67M3jA73XJzCVh0PbzkdCdPP&fccid=9efc09e838c49044&vjs=3
Lead Machine Learning Engineer,Athena,"Hyderabad, Telangana",https://in.indeed.com/rc/clk?jk=4b854dae2ca69e79&bb=9POcATjFhUaOuyMOGZkuUP5jglhEdo38QoNaBSzRPh8WBgfU99_3dhCKazRb3mXb5JRMc428prjzqU52qzSLRhi5QupUxVyDfWYxx1n30Z4a3wtczYvadhJ-I2lJ4lLjaSdDgsd4_n619HgVViMSB6-yGAouSyhIlLIl9X6ZIKM%3D&xkcb=SoDY67M3jA73XJzCVh0ObzkdCdPP&fccid=d14404881873bb86&vjs=3
Lead Engineer (ML + Data Engineering) Gurgaon/ Jaipur,Key Management Group,"Gurugram, Haryana",https://in.indeed.com/rc/clk?jk=4df9e49023445ab3&bb=9POcATjFhUaOuyMOGZkuUL-JX2Bjv2h9ogWe9A2Q9kAh0u1ItbskB_Qb6OAq8hhBtoOPFfbPkx4jNzUivMhYrP8Hpr2UJYhD3Q1iG3RtqJAetMWH0Rha9ahim1iYglyu4Ksp96YmUlSeH3Dfco0BmwyOMbJnZPxYQXWgCjBgqak%3D&xkcb=SoBF67M3jA73XJzCVh0NbzkdCdPP&fccid=c80e38cb199dd3e9&vjs=3
Machine Learning Engineer,Amgen,"Hyderabad, Telangana",https://in.indeed.com/rc/clk?jk=f19d076e0c925582&bb=9POcATjFhUaOuyMOGZkuUKz9K9DZU61ynq6Vn02lNz4geeaCt08F0de3F3e1xcuhuMVsqoeUt8IurSwK5RqGLq3IjsQ5Tr9rWMF5oL5NOCvXVAeny_1AdsdHL_r3Ysbd2iURUfDgwCeXNOm6cazCyb84GpIVZmoA&xkcb=SoDx67M3jA73XJzCVh0MbzkdCdPP&fccid=ec34037a9c92d805&vjs=3
Staff Machine Learning Engineer,Eightfold.AI,"Hybrid work in Bengaluru, Karnataka",https://in.indeed.com/rc/clk?jk=e596485f39e31c0b&bb=9POcATjFhUaOuyMOGZkuUAn60hVWnHZnoiaAE7zsVI9uEJe35wWOtH5XtBWUN8QHyWuhJgeXn_xqlujWkJ9aElXGPyE8wc3fAr_0gIF0i5gwVry8KWOAE_K-pImdm9u_MNc8p5mXnjrC3nEjRt_M4VWQK4JWi1nPvoEbADPWFyM%3D&xkcb=SoAY67M3jA73XJzCVh0DbzkdCdPP&fccid=181504b42c0a09a7&vjs=3
Staff Machine Learning Engineer,Eightfold.AI,"Hybrid work in Bengaluru, Karnataka",https://in.indeed.com/viewjob?jk=cdef0123456789ab
IT engineer Machine Learning,Continental,"Hybrid work in Bengaluru, Karnataka",https://in.indeed.com/rc/clk?jk=239f3ba66354521c&bb=9POcATjFhUaOuyMOGZkuUGSdpaqO3NDxDrl8tkZxHvo1vsLICjK59Yb3lAf3YyZsQICHWXIVYrEl-kyBg7oH1OWz3_DnIv7I4xJb2oLoeHzfRRaA95D8uKPTGitlyNhyHEG4V889puBf5BWwHYPz3H4Odu4uK3Jw&xkcb=SoCs67M3jA73XJzCVh0CbzkdCdPP&fccid=6f8339707b2d6538&vjs=3
Senior Machine Learning Engineer,Wabtec,"Bengaluru, Karnataka",https://in.indeed.com/rc/clk?jk=bcdbecf146696b03&bb=9POcATjFhUaOuyMOGZkuUPYNDp-JGiSL0B87i4LH9ayGNavuNcR4xvYqWRSi-mlB6_ApT787t4I3y1FdB0D32RvdM6yPiAmtocfl2Q8ikKPkPfFsBgEVmdWejcyfMOdO48XaJkalUvXOCMTa8Qv8hTO64zndifvp&xkcb=SoAx67M3jA73XJzCVh0BbzkdCdPP&fccid=4f4e9de46f588f62&vjs=3
Senior Software Engineer (Machine Learning),Maropost,"Hybrid work in Mohali, Punjab",https://in.indeed.com/rc/clk?jk=366c83bdbb634c26&bb=9POcATjFhUaOuyMOGZkuUMPvZIYv4GzcenoHw-mflH0Wc1dsHGR9BFW7nmMUriX9vrv5-W6ZYHlFc04CgM7xWktQpVxZAP9tj4aKVwob7NsEVdMn8_efl0JvCgR_fIBtzAyWfg4P8BH1j9wtOCHV4khbfOUT-ukHwg9B-qbZSB0%3D&xkcb=SoCF67M3jA73XJzCVh0AbzkdCdPP&fccid=8da401461eae8c93&vjs=3
Senior Machine learning Engineer,Bosch Group,"Bengaluru, Karnataka",https://in.indeed.com/rc/clk?jk=9fbf9fb039f4a396&bb=9POcATjFhUaOuyMOGZkuUHSuPDED84Rb5fHmAQ-TQRH46qSK3tvwc78Yhnw8axORDxAz3CSnUKEcOlYlkZot5JwVXL0GtFhgWq--yaOXgDH1816G20pzt-BTuKezakX7CBEFzSUgiMaQ9QRlB9a_7WAcafhsG_tq1EzVDPlE3c0%3D&xkcb=SoAL67M3jA73XJzCVh0HbzkdCdPP&fccid=a2faf1301ac6ad4b&vjs=3
AI / ML Engineer,Accenture,"Bengaluru, Karnataka",https://in.indeed.com/rc/clk?jk=69c0fdfc7e3639b1&bb=9POcATjFhUaOuyMOGZkuUMREL8YIlzoeSIlwRfMM13R0guuTNcsr6uQzgOOc1KGfP6zpadXrvz4LB2-mrY0f_T4ix-ATDgJfD1xyG2nHbg8l13ipFLJKBvld4cruPqULymnMKlVyZ3jYMR3VYSvChXL9G0pM-hCu&xkcb=SoC_67M3jA73XJzCVh0GbzkdCdPP&fccid=a4e4e2eaf26690c9&vjs=3
AI ML Engineer,"Arrow Electronics, Inc.","Noida, Uttar Pradesh",https://in.indeed.com/rc/clk?jk=df75129ce76bf41b&bb=9POcATjFhUaOuyMOGZkuULKYwx9u22pFk9DA-uZJ7XDjEI_vkuu78Xm_aKat55SqY7Td_YzE71g6F-_ZshAOeWxA5zvloCrx6W-cM2ENpOEumaEtT_ak7P3h6JCt23WwrOJTDcF9fADC-8qJf146llq3bfvMOqj0zwoPySbBRbg%3D&xkcb=SoAi67M3jA73XJzCVh0FbzkdCdPP&fccid=38ee0d4d719341c1&vjs=3
Python + AI/ML Engineer (F2F) interview,Comspark Innov & Infra,"Bengaluru, Karnataka",https://in.indeed.com/rc/clk?jk=8db925e337568e73&bb=lctUE6_6i4Vjs1OWuWHOYSbKHF-_YkA2EwIJOPnKWmC9BuO0rM320Hcvy8OLZumdiINO4z2i7ZTmO7z-9Vx7ErF0P-fXjS86lGZ1BUfiJGxZx9DSvBZcf7zU0ahXsSuVzHfFlKc0amposiWzuPR3_oOlKCvoYQVCrirxfBRTCiQ%3D&xkcb=SoBB67M3jA70z6zCVh0LbzkdCdPP&fccid=546c20da0e9fd15f&cmp=Comspark-Innov-%2526-Infra&ti=Ai%2Fml+Engineer&vjs=3
Senior Machine Learning Engineer - Remote,First Advantage,"Remote in Bengaluru, Karnataka",https://in.indeed.com/rc/clk?jk=bd428209d1e9db59&bb=lctUE6_6i4Vjs1OWuWHOYVpE2keD4JzMLHg5bddEQUCTvEhVZM06cJBl26XvoZkUx37VQ_Gq9Wv9V0JYqymFlE7iUtK91cYN7wetTs89okTq2G3SP218f-wLQMbGm9SdHznbgOIdB-cZqlN79oIyp-XskTH2ZSw5&xkcb=SoD167M3jA70z6zCVh0KbzkdCdPP&fccid=3e29003285775ee0&vjs=3
Machine Learning Engineer,NielsenIQ,"Vadodara, Gujarat",https://in.indeed.com/rc/clk?jk=c3a237c4f5e29522&bb=lctUE6_6i4Vjs1OWuWHOYUQcxO5LWtQnJ5aPedOdZ0-gQYiUlznl1W-UPnH0bkQIBLJs-GH5ZInRObItSIkpkZBJsyhXPre_51-6vmufQe4GpP-5REbsBLPgLTot95Mm7eImyDT3g7j92eRhJ7ICKp8LWZagB0I506zJhrWmlAU%3D&xkcb=SoBo67M3jA70z6zCVh0JbzkdCdPP&fccid=c172deadb7fe7cb3&vjs=3
(#1316 )- Python and Machine Learning Engineer,Sails Software,"Visakhapatnam, Andhra Pradesh",https://in.indeed.com/rc/clk?jk=542a979df409a132&bb=lctUE6_6i4Vjs1OWuWHOYdCwySssCDJZpg-P-wHWu27wDPVvj55fZpu5OT2q6RVceNb5h83Tl-cdDcJdHg-XMwg9PBsH1aKIhxLETBS7ZH_eiCOSDqpjZjc-tU2_LzZ2iRmcZUVG1on4RePAdiNoJNssVZLQoWvHGrKywf9dWzg%3D&xkcb=SoDc67M3jA70z6zCVh0IbzkdCdPP&fccid=9992056fdb7197a3&vjs=3
Principal Machine Learning Engineer,Mr. Cooper,"Bengaluru, Karnataka",https://in.indeed.com/rc/clk?jk=b113e19feaa033cd&bb=lctUE6_6i4Vjs1OWuWHOYYgT9Rh8wuGlzkfnKIXzzfaL6CfskzCSJQ5OcopTg7ravqlXaYbrMmp4VL5FiC1t_EfsmTyvCHwca2cwyukfgxdx9TXUdNX19iSBQ3NS6Q_lsbiFhRn-RXepDsxSj6PNopZzowY8omWr1qSdj4j8U6c%3D&xkcb=SoBS67M3jA70z6zCVh0PbzkdCdPP&fccid=31983fe75ad38002&vjs=3
Principal Machine Learning Engineer,Mr. Cooper,"Bengaluru, Karnataka",https://in.indeed.com/viewjob?jk=a1b2c3d4e5f67890
Data Scientist,MobileProgramming,"Bengaluru, Karnataka",https://in.indeed.com/rc/clk?jk=7929983d7edc990f&bb=lctUE6_6i4Vjs1OWuWHOYRDT4Q7otZy-AwS2w-tJgYAvdfQv_1ue00qV0QpMAi4qU4eQeAwmhq4HyxLE6OJjwCir9woHFJYz0ld6TDQFeQq20cKADGoMDgUWd8j_s3kStcYKpUJhDIq96d5kY_AyTlmsLfxd9Wr6uDcXnBxjuNo%3D&xkcb=SoDm67M3jA70z6zCVh0ObzkdCdPP&fccid=e70d0cb4e4e9ff3e&vjs=3
EDM Senior Data Solution Engineer – Material Master,Kimberly-Clark,"Bengaluru, Karnataka",https://in.indeed.com/pagead/clk?mo=r&ad=-6NYlbfkN0Dig86G4ktrN90rJm4FEtHzKKttloEdrrFpX9HG6zKuQJcrKlbG4JtboexZo-b_V6wulN2OPqCO-eXXcApalPt2kIk1UkcJN_hwTkezKoaliENl7HOCm72qQTeE9lvlla8P2DgbcerwKAVJzJbt6xDeXVZcQt4rj0e76Sux01sevCSvh3O_EAxvb2mEmWHYokndPqOgtg50vTqfRsHOkHCTfl9aWozgsnJva-GFPmmN9APGNXXDMVU9M2AmeFpKOln75V9lpd3hj5X_mcVsPjiMuvDpdLbEBwNqUbJwmHoNVoHLp3xvxATl--IU_QMgPvNIVHVvIxOuZH3oJGBuTiT_f2TRSvMRz5o6aBdmJn8Tap5SfpGzIGhO5iQMCTE2Y-iIPBFdubtlBozmjAlQv1WIErbLZgmUVW9B5PFY0-Yff_xAHMFHHMENH3tz73znp5ODQYSCvuOjnkG2DF7iAQfm-hRRCTW5S0EZD1bM2dOWPgrQuPpmwjq0gvqtebPUWEF2x3ZiXsJrvq0RzOhhytRlT_o8pgk4tfuTezupLzKx4m7RuTrl5apD1qyD8TY6f4pbPtK-Gpgkrr6gqeBduObBAC6ijXmmJNs0j5RMdULw-z3j2FTwK-jlg6a0D9gwWUNbhooUGV47pErVw7cOD1TlayncCS98UiWqpUvb1A5Th2w_o-LVkt3j7NcfA28OriuhQDG8mVqych_9RWx4Am30EFLP9n5juJ97Os0MmopOLJnXGCrLcVNAhgHUvIJw-ZGtDV-4TCpuiYim5Vybems6Yurl8PhODrlC69Nb6ebtqb4ByGjqJ8ed1TBNdaawUe3BoIckhxxrAXVuBKN3Vcol9zj-dJPKhVjnb3bM0HP8pqLe2agOZpKwDSMOqdcmb9yrlpLnaWjfw7wC9LgqZiBRTrWMKfLvmEGeP88V3Ibe3iH_xHEDBIPhDzt_9d0AF0QBvQFlZcWD1MiC4digALFzbU_KhW_ycTfd6BXIltPMHsL8UZAeqWHx0phl5WBuLwr414F8kd80u5y6Nlurqq8YxvtULAoAGd0WyWeMKoMo3QwfNPlVlMTdAS5XmpYLk4wV9K1P2huEysihKHFn7IxakG0OgSiDz0HwP4nZQUwPDqKa70ingZOtCRIGwkPqjwWY7w5F-v0p67jkT3h52igHA35kWj2oAe16uZqgLv6LL3AjGuXU0zF6l0DLvWNF_qMecG3pOveokxF04LKSW7roSENCmKFI7EN_Fkepb1aHZDwrCjlFQgjE5Bl8fiNuwHV5D09KRQzFJ7uL7s_8v9Gp2LNW-AAHHZ2pBazR65gJtZedxFOZcrQuCJF4GhLPN56ToN0t9TX9Lo1fC3HpqhvhuIAdGRopWDkFsgrxWkkt-UdL3ifk8JHyPIMqxm8lfuz1iIOZ8pRD8gghwtV2mhYtd6ssdNXRnEAp-uKrRwYOEi6DYSOL_Y7T&xkcb=SoCP6_M3jA70z6zCVh0NbzkdCdPP&camk=C3EPSzFlQw8AM91mMMnDyw==&p=6&fvj=0&vjs=3
Junior ML Engineer,Adela Software & Services (P) Limited,"Tiruchchirappalli, Tamil Nadu",https://in.indeed.com/pagead/clk?mo=r&ad=-6NYlbfkN0DfsCiTW1a5A25yJSvifo2CnpPFPof-fSFDTma1PoK-ptpobxHpaWVq5OxFEmfJC2aOuufrLkHZjNo9HVS1BxZyXGduYEDie7_AtFoQfCdGeEX44szPQRByyNNkLZuS7IG55_JyLmRoISFCqlFoCYkIg8gZUsWvTtOtIlqLNXRJINCdnm_TlIDE0C3t6gXzrCaKH2rXotPEageRMrgSEjdSmI3tUasXNZhNVqiC8UhSi0WsR_CWwT6fEI1DK-gG9CkYVXg7RnC3fx8DtUfgmlcJaXsA-OMRgKJkOUJ43xXxOLSMPotZiRCl30XQGTSYEs3V6LMQS1cio2-avvijntw_tfNsngTVd2i-8KevDm0ygLeL5-2Xs_l1Hu32QMUArtEVf5PysjJjXvChrZ_Lc1OiYCdpSg5F044t9c3FkRF7sSGvDomfaZGksUTZR13_Zh0ynKyx6zftRvFKkHQFxPJziPJ-q5RBJB-izU4t7qDKfGmFR1uSEwR3fLvOPBAt3Olzo5ufO45dyQ93AegYS5icUXVTveOHx7LQekyaiPI24gPFEssCGQ28ZrR-BjLJw2Lo4HMPvcFVS3S3QUETQEvDtSaMFHAiYTt-l7CcqjRc_jlgyPEeXEKZJ-pBz_VOvPACAjZdgXYZgm_ic72M93vuBgIY0QO1DmY=&xkcb=SoA76_M3jA70z6zCVh0MbzkdCdPP&camk=nUmJqO2E8rhfG5xmDoj2jg==&p=7&fvj=0&vjs=3
Manager - Data Science & ML Engineering,Zelis,Hybrid work in Telangana,https://in.indeed.com/pagead/clk?mo=r&ad=-6NYlbfkN0CMjQd6K-mJQmnXP0NIaacqgU_ZnGMdJ3ZujbgiYs9cqb3DtnC5QIo5ZlnIk30BCeG1aq5W8vQc9W9LZxYjMd7kp_FicQInC5eCCx5ffHnbLUwAoOEx8-Qzh_5qWAfpIBswUDzUq5gaW0HFKJOPuMSDoIQJGLLpPSMJ8fhI3dhrtx5YEvF25BaX1j4xfy4Ga_-n3nGjsRYjTO6kxzbNx4tdVs-cgY9PMAJI8J6o_VijHBSxWdPA8YRbNsAceXbwQEJrc7-gPNfwzLrx3OgyRKqMBIrreTfHCV-a_1PQASt6eqmARPA7tC3p84urS7Or8gIEU8n6XyLRBy-nkBwxvvNQ313EyNLeHWGXO2dnP7PrqqGJySJswfqtL1yMOmMmxxsvPR37AiV4rMaluUCa3j3oEUUSbqxyG6T3lD2Rn77RV69-vV9DkYBLho7lUEbwdYhG-ttboLeowvOmi4rqaAYe3g4YIXR6RkXtCi58fZpm3Cs6nkUDap_G3DGisgjRYxcRsKm1641gSKopmsWKiCwTSY9ANCAX714zcO00Nkba-PXXgT7wl9ZPBUUfb4TuH60V26KQM1sAGL3qU4tfAgKegxSg6ACv_Wl3YWa52sUkm6c9yOEMSoI7suBL27ptTD4=&xkcb=SoDS6_M3jA70z6zCVh0DbzkdCdPP&camk=ethIe0s0hedhjE26FdisKA==&p=8&fvj=0&vjs=3
Global CyberSecurity Analyst - AI Engineer,Boston Consulting Group,"Gurugram, Haryana",https://in.indeed.com/pagead/clk?mo=r&ad=-6NYlbfkN0Ad1FFWZOsBBwBZDGouyCcICeLSd3pQct3wJ1q5dPO7JNFPcbpYQ1XCAHtAAJhKZCZBPjE53BSqM9fo7eNVBPP-wSKfIXTW168fNpMij3V1BUCKhIbQtWfj7QlPzZJXMZ3Lc5l2ypgMYbxVO6vRQ3ibviD4ELuu5gyezS3E9dJBA_NMeIFa9NaDYhxasUcmdXduwKBrzhcqzlFJi_KFwAexW5QCPKWBl8Xn9X6N1z73bE_z6Am3D5Az0mSaSA_FiDjkDuBhrrvK1zWL_6WvanNYuNtF7dIW_JkqQor1mpvTM1d9qOCJX-KkDybnIXLVJR8kUyg04slUr8QWEPzzb3N5DNIC-ffPHnCbFkiaWJogblm_XqcoaZqir5h0doVd4JkNJqaUPyZM2yPunBepk3VFMU9eroU6CtonTfMTT_GBO6luSRwUhFnRG6WKt_qvycfqWHaB6sCd25w6g3wIKNlfO63BQNQt6B90_wt6lURvGm2cLjQQGLfWnrj3i-7YJ7z5wdH9CBRtFmtyZ0mfkuIqJV0wuGGYImDH5ZuKsdFM62HO2LeDQPt_MpuAmaekpDN4deh3ejA0p-WVY4KZ4qYv2s-9GPYy2mP0p_XIz5BiKQ8cW6MOInLP4_bJwqpe0ZFZBmhuyqrmqnbjeqSv199EucNFWZ17pL2LipmuZOnrZlXm1yFiQn4nAHGHPfsKnvfV-DkGRvxhmNsSjcN8Uwx91hT6qo5G1NWb11HFN3AsKqttKYy23OVSzciqSvMWOGKWRrOjeQQEIEM6J1IuLVkUPktLmvd4W2Jg4VYT9J1XBlvWY2eEQFYNOE8NvvFn0aKxMXAe2Xz4dFfnOzq8dFHjTrfedsy2pUSQHF7q3Sd8HJGiPlZvIthXX2TrcNfr9H0nuQfc3vh-UmK-Zp36AmFEKX9F_kEKC9mk5FH4n-r7O_YvPLbFkeqw_4-DSh22cOwKkyBDzFrAqOn2lu65SriQ3HggcL-fNpeqh7-R8gSytQC3P6VeYA0x3ugVghMSGx52iFV1wp9T-68RT02eDAeb99LIoj8KKal7WRVkzbfeYu4AF2dgdw9b6Co_GzAhM31fEASK3vcLNNZhbSRMme-ZvJ75QzWaDXIDgLRKCkSaZ7QriU_YkZj9zfSMrRMqyhauid2sgMU4FlXj0n5Qw184W2-vLoB1fNqmm54IdWGAXDVteVkpDffmw5gBRP3ZQiD3M-q4rg5Tn7MjEi8pMpQM4HNkpWifksxHP70SgqYAH848wJ9RT9pH&xkcb=SoBm6_M3jA70z6zCVh0CbzkdCdPP&camk=C3EPSzFlQw_yEGK4nS0jOw==&p=9&fvj=0&vjs=3
Software Engineer,Optum,"Noida, Uttar Pradesh",https://in.indeed.com/pagead/clk?mo=r&ad=-6NYlbfkN0BWpgndjYL01xMr26yTqLCDFb3b3BUdaEwmMV3w6lpNxfdb7iEvGm0gmfmM0o9B9H9-vYCdyBADKczUblegg9lxJaF7JK39_vuMyBIMJm4qE8hsDl6bECl7uCkySEzzbBE3UMT4siLhdvx9f1N_JzXhtcQ9GBLvxTZVlkk2U13LjSL-JkvpWmg2IrXCiP1oApl4mDMbnfVfsb6FjLmqsBX63D6ng7Cjv2cypID4jrtMXzzGAtOooQnrX3Xa_PgmaItz625P0igk6lOxvJXydbJfRAix6sgELS-GhWLnDhtQXOqlcHsKx20JlPLaATWNDWNS4EuKLSrPDbDcorOjQaKHu4vt5VMh2aBfUs4XCkv8st7rMrX3OVaqjbZTmtrmFQQ4OsEUd9T9n_zZ_bsO3lSNZyydR3kulI3_FseG1oA3m2sMafdw4Z-oovWEkZ-6x0z3-LTMVBqVq8saATc2OZRk_DvXMGapLVja-wBqQPinjml5GR3HWJ6JhDb_L2PwSU_Q6qmDGFR2Mq-fUAaefCG2Q_hXVHopUw5yviZiAXZd0ZAQWdn-JOHg8lk8uZlUhuieN2rTCP8mltxWrqBuK3drpq3ADd9EjRCkELwkkgH6jr2JKXNZeWL_XKQzdrmT0uLJuiEtNeyT8fgUxUuI97nQP5BhRJwjjF9tjQJFXlG8XLQRypEaBKO-jaZ14fZM3jNkKl9Fnbdjk_wTIReVGdtvwCNfTgNCcXwIftKkpHo8h9R5T5Ri_pqayJ6Q0mHDtD_L5z_Lv21_Ty9dQG5FswrZ49c1gVDkbe4KjQP-gRyOpwlA3WAGhb8X1bF5kjFKcEg=&xkcb=SoD76_M3jA70z6zCVh0BbzkdCdPP&camk=ethIe0s0hed5mhSVDYdqwA==&p=10&fvj=0&vjs=3
"Lead Solution Engineer, DTS Analytics",Kimberly-Clark,"Bengaluru, Karnataka",https://in.indeed.com/pagead/clk?mo=r&ad=-6NYlbfkN0Dig86G4ktrN90rJm4FEtHzKKttloEdrrFpX9HG6zKuQJcrKlbG4JtboexZo-b_V6x4_N5QYE1n2tHFFt9qv-AacCZTjV1E25Iq5jPt0WLBM2kbgffsrXv80o_haCbzga-XqCbVMfixM4OzgMDpnzvEMibR5i63NhqxlB4NrzDuTamzq1Vm9magNPYR4mlHdZ6328_0AC5sw1foSay_aBjIWDl3XMX0zj5rJFpE5lrsMUgy1ti1XuJJuDA0fJirGluK0DBzOIqMySKu9vbuqnzvn4tgU5yo_Fp5HQkswWsufPwrpR1D0SGoJIfqYhMTCsHC2zD3hUwYIWipaiAQaca_54X6pVkTe88luymHUaNUWkyKsBIkf7CiwBTgD5a_ziUip2QJuhmcnSy_WmlFQbu00kprObouJY89sbjIOXMfA2ZSfnNfESIDAhie502V0ckqLGfZbmtrAX_f6XG9s4Sow6PN3fqa-SLJpgBuR724z66UpKMgecCpkkHIV5ipZOeI9Ih48pesszGtknaHUBQNoKZKUZMslQtWk50ASsBVwIyFjmetAQoMLESoFg101-pqSXMydoaIaUJ5WGkL_ukWwmXdJ7vuj8GjLSZ3jhp7ph6co67FHAwi3cgpDMildnn-BJiB7iWfJLec_ZYJun6FwPnUGJO0wWvZl0JZRDTHhTgAmc5KPpKvBMtVwp3ZgoeoV3_ZNBAmhe2jpS2V1zCMjBMAfca3d7NtzfF7LFWxR73Dwmfhy13riaDTCL4QOvqHX7eGL3oW6Nj0_rK_3R2wVpzclMTILk6rHczLh7R8qWQmDRvht4lm-Af2rsI_hWaYon4LQ6gVFdyLYZLhkG6qeMYLLdGRTFBMJ-p3eu9ka0XOFzXnQc3cWTzW_xoAzLjxq1GtS3HAyF0xknKo8LjgPruOODWsO2X0jpKxKENHu8OAtHfzPqnJwKWhxvJVhdPt_afKBM2G8c4YHMQzqG2LAnPgGzi0n3S_5lzVucBbDMdQvuOsTXFF155ZkMw567A87My9xv7eLif6ZS8HVfMWKDU-4u_izGJ4LaK-UuFOz1BfBxL59maYzkTNctm-_7F3ND0ZrrxvQ2OvdCQOLKq5mHPIoLuRPEBlP-nIDMuipn1iHsUQairlRjKvuNhLj5XP9iLFEMZedOSVctDJGGA1Ih2_0Zohq-mnnH0YCH2po-cCRIHrEUnZZXWGK4wx7qbBed5MBqY8J6Del-W6bopHzujqkERnT1sKPYD03fcvMQfl9NuabizdFkucSNsKegp5jljQFJtUllzrey4yWxMS375w8eV1PKekboB7yVbnzesf_neEPbuc3wudpBow4esCAupBeuJ19twGvvb1pLnUABhzdQKwKIJDvknwN8d9_rd2kknpsDAGui5TTpuNz070EF-UB66PAA==&xkcb=SoBP6_M3jA70z6zCVh0AbzkdCdPP&camk=C3EPSzFlQw8AM91mMMnDyw==&p=11&fvj=0&vjs=3
Associate Software Engineer II,Optum,"Noida, Uttar Pradesh",https://in.indeed.com/pagead/clk?mo=r&ad=-6NYlbfkN0BWpgndjYL01xMr26yTqLCDFb3b3BUdaEwmMV3w6lpNxfdb7iEvGm0gmfmM0o9B9H9-vYCdyBADKYJ2XcAGaHOr1FF7kmZBCarKynACEG5Vg-TAEwXruiDkq6uzhx4b3dh4aQsZhAfsaiFGiJt17pfS6erItOWVkCy4oSoDGSD0MSAHxKrj0UQuwBUJNg1vSEE1LDeBTu6fdMVrDdR3ex7-PyQFfRhGvWBd4W0V9VH22ZVpNB4Kg7ZRL5x-gOrKfn4vuiKElwnOFoLmlRq0I0kp_ivmBv6qGedhpma5vwiPOCOYQliA5QArCftv5kz4GYIfwpzfg3z6NT-a5eX2JFK57763RMbImmtgRj8u9ZO4O5hwQmerwp5eBA11xpxyD_Hce9YE8ls_NFcbH17MztlajBO7qfQQbNIh-CQibkhab8EZJLnCOwSJsLUaTwUs3UCugXQrSPEt2NkN4sMKNTx4DZ_nxK8iMaMvzSwO-XTCDu3v14P_YiFET_dJNTo7_nrxgTyW5mlCzHfxwmsPE_1t09nbeZt0zL9ta4XOlLkziDiMQzoF7mZoXWmWBzPKBzDXiD7WlAGq6DvvBHkFuF-_UaNf8-rqWdtRQ3q9sag2xQmgk3INvetk9QMvhQHizbhT0cRnSBOdRpynsxeWtzQC-aIMLvcY3HLhVYn9pMiBO1cHFRMAMEvTgKtQ6eGMZnlzH58mmTu3q05-EvpVTz8JaMwRW7-v94x_VjLUbjjWlbYgMyavBx9Hfp1a-s7TbUWEdO7UezBt3p1L14rL9hbQ_DZfMU0-loDo1KZBZOKsaP72onMOg0JoSBNw2kH_SVw=&xkcb=SoDB6_M3jA70z6zCVh0HbzkdCdPP&camk=ethIe0s0hed5mhSVDYdqwA==&p=12&fvj=0&vjs=3
ML Platform Engineer,Optum,"Pune, Maharashtra",https://in.indeed.com/pagead/clk?mo=r&ad=-6NYlbfkN0BWpgndjYL01xMr26yTqLCDFb3b3BUdaEwmMV3w6lpNxfdb7iEvGm0gmfmM0o9B9H8sAQHaSDZOWq11ucAdr2DQJCw51HcadL3LS8DPfxrycfwm47_g57dwlnmeDsyH5xs6k4DY8gKdZdlQxojewl7Yzi7cnhXO6f4W-JBCd6wTne4UsEOpvrUuVueUUkBNBigtp6J4qVYIomX-vvy83QT9F2zGobl-f3BDb-ZNhdIZpBYb2njAZFN-z-Cnj5WlUJBnQRl32OW2F8bzY7CsGxHxNWOBzjBkFZ2lkQx-cfSTw_R0chcHRA1NvaSuC-BtOrRS_-1RzQzNTatJNmYMDcqfmA5gLthuqdSL98Q_VwGkl8-YK4mciNrvCfd3DszLpAj-V5LxiGw7u6rmOUQWY9sFXd6Q1P06jeI7oIRHWDr77RbvLZkzLs8FgY-vJItgyqxEAghR_EKPPqTeI59awMNMC-rxmRf5XmOuWwuWvsgtuD7W9En9GCvlF5KW8hHx3DSA-6uqnON0dvs85B823rLQlFycVH0-meweeNRDFmHxicwoJ2wZeEcUSDOuspA0iCO0vap-xsAzXAtKE_oeC09BtPcjvChh5ag3t6QmNFgnFQqUND6VJ_ggnTeo3jKTDkH8_ox__nk8_AHFYtYj9_l5RHahnxto3arhEC0zGZ4Zp83F-Fkwy3vTKjNLrneQ9c1r04G4DQPE7RrkBGOFd9krqLUF9bvcsAooyJGC_JrwGskZ8kO8Ev3LoDcXN76rFk_A0YarmPfUTxt0fSW4LBM0YKuYJqaQnAk-S2zDkhEUEkHFU6M6HI2oRvHA238Sdvg=&xkcb=SoB16_M3jA70z6zCVh0GbzkdCdPP&camk=ethIe0s0hed5mhSVDYdqwA==&p=13&fvj=0&vjs=3
Senior Data Engineer,Bell Integration,"Hyderabad, Telangana",https://in.indeed.com/pagead/clk?mo=r&ad=-6NYlbfkN0AuGb9Dem4ShGVwtCRHJKcvGuP-i9NvXVzJOHlKTXBAPouiHQ5QiSZ7_zkg3mFULnd39dDGK0bwfkoV4-uc6Tc1yJmLAGfc0KhSZe7UQI5wqoySeNHDucRv87H3qMTktqh6Sk2l2olYWveqzBqamxc4K_5vvq_UjMCSaCet3H8lwSb04O6NivapT70D8G6hoJJGwg72iWB7KMeGf3dAZKYwIUqrtfYTIOtt3JwEtKM5aRz-FY6u8QC4WqxSSqsqF1hWXw3fkTvvO0JY7VfnZNrSrVNXnYK3zvvjPxocOi05fJabTrra9eTTbGLFHT_MrF2gbWnpiAmxFRula2kDiF9GGJVbQM_YGmrWlbdjSzUgelZVp1Dn_VF5phNTIN7Blr1LIx9QFEBy3I1OLPcC-_Y2Fe-qMGm2W1eCr8qEH4r8B4qfFuYncSUJSjt9v1BfadH3xPSmJPxRYTepifoS26XtFkscxIrFWlLUEvL_SfIRDhC8Zsn5JfPVhfWnAPLcCZC57uxD6aJTqWb45uNXYJQCxrb7ZqINrBxVqu0stb9PLYS6jCXzaFERXkaLpSSmtWxsLt2opxBVz8LiWNVVhVA71hX3jCsYT4QczdXNYQTesqZqPuOhDxEYIRm3hk-FB4Nqth35k2UcH8-zORU4mEsgZecJfipmavlKLeLEaVou3d9DrbC2fxXH-K1JzV4Hyua7SHeBqrNcVYiguNMRM0H1Vgq6Hu31JHiwvQ_--JhpyVXpcAGGpN8KXb75H3pGeSfPDfxIr9TcnE5IaqKH-wQ1OoebzS5B672NS1ooc7QFCyvo_whXapDUgRy7FfKq3RgaKNpFQk8ejccfJXg21BEcvBxKS1VRUz_nE3mRe1ko7tZB9LP2KZhIH1TbVzv9l5KJgOpXqSY1YA==&xkcb=SoDo6_M3jA70z6zCVh0FbzkdCdPP&camk=UoKtGZLa3XIpCAUMDxbk2A==&p=14&fvj=0&vjs=3
Data Analyst,EXL Service,"Gurugram, Haryana",https://in.indeed.com/rc/clk?jk=15ec733a94588e6b&bb=sY-jKvE427EO4lmELdn6I76aQNJ6Dfk93zzlp6Xz8pxfWUvyC6WPwtryK8tNMGfM4yx1NPZKOQcDcGrarJ-tHsIMUfh7Slj1UHTGnCqFwm7S8QNObp71JUj-IBo40zSw737GMHjUtjsa9LMENUDS6Q%3D%3D&xkcb=SoBS67M3jA7yTqTCYp0LbzkdCdPP&fccid=b315edd2cc6dfcb8&vjs=3
Bilingual Data Analyst - AI Trainer,DataAnnotation,"Remote in Jabalpur, Madhya Pradesh",https://in.indeed.com/pagead/clk?mo=r&ad=-6NYlbfkN0CnM4TERr6XuVBW3VTRACvDXDx9S3Pbn6a0SwhkmoLTiIZpxuUfjFtTLag-19gp2VTnaBQsgBaU_-tImXkB-yItbmgqXA26Gl8aDtqtBBhI3zz_tDcgdP9_qVNg4AWKTq24x1HysjRhI3CN-l_KZAvpwlf4m80zFCbosf6Uw4PFUXr6GGrWTD0RPJowFlsrV1MWFnSv-KuAa8_wxEn_CWrQC-Qa8FVwvtQImBqJXPFQqy44Z9q5YGBcA8sa5Hsb7oLKAY_yCyHA3a7JcW86EuBea6tHxRdrp6oRp-3064MEz5jGysll2VfNxeqwsh1rJzUzAvD8at3xWCd1ynhWRYm2Lc8E0G42Vns7I1PCLehcH2X3vlCMXZJOoZQgUKdJp2nsHqwE86zv8XW2YC2wOdyU2msmnsXWUfSpFhy1HkLlwTkoUg6wUp1r9Wjk5WzBAzMvzkQaujlffO69HoAIDIYIp41YB3kc5O3QzJX_PmkZH4oCpsD2S_ztYGHRwFuzsMqoZo34OmvLlnEqpfCbHPhRJrV5oR9slX-wm0VCkMfJjYhVGOyD6I2R5S7vUT21WT2wyq5TOU1d0fCLEtKAt8DtTW13V9SjU2PhZcJWES4iDCKXCGc9hDvtmx1I6ObGoIO5jCvcLIlKdbaG9hvFeoQZoB7SeWAOMP_xBvPklmcF2c9TTspyz1yU2XvaTTv44oszNVIJmk7qPZyj4OPMRjqaQOVCk_mcPW3kBfv9bm0g3UVw9D0YBS-0wWIkYjsxn25C7C0fY9pMdDoCFGb_z3YwjK1KQpEgZ_mQToZpcyUW6VsloCfb89uIBzsPDUTjVZKhdRHFTvuVw3SQHqSDCdpLq0chIPtOeKVuU0ik0vjp2lT7UvtkJMa_&xkcb=SoAS6_M3jA7yTqTCYp0KbzkdCdPP&camk=UoKtGZLa3XL1xyg-IyhIjw==&p=1&fvj=0&vjs=3
Data Analyst - AI Trainer,DataAnnotation,"Remote in Mumbai, Maharashtra",https://in.indeed.com/pagead/clk?mo=r&ad=-6NYlbfkN0CnM4TERr6XuVBW3VTRACvDXDx9S3Pbn6a0SwhkmoLTiIZpxuUfjFtTLag-19gp2VTnaBQsgBaU__-Q3wAlaKZd3F_mbmv_XOVq-iv4YjjW4qgE8yqJKZ4ri9AsGKmGV8x3PMe-4jvzRVtbNgD5zgRTUa9KgV8UlcUxhPlvheXOiQc5ScyvR7V3FmwhqUzxGowGSdVORDe1wFQkUuZ50PT63ygw4_tdMpJ17SeEdNziqOsd5glwR1ykzEKDjR6hRhq3x0N9P7QxQcemoEJNhVXb_l8ISQpEJuW9f4Qnkz9ARPMz0I-BE-UTc2Y97mhBWSjPEErxGWsbiHq-uJVnLgKI6OHuqbaM3MfY4uALlFkjsq7d4HwCjLwba9fn3PGH0JT_8vFDd9-5gflx0epINiIPYsn24GRdNpb4tNVNCso0tgVQmRm9cWdoWOqa7rs6AFHO9VqSieAnL31K8RVzioLX-dKm6DxAATco8e56UevYQkWVjWvP15LmOKlEsKesGFPKXAXC6WjWXDaJVPui7VeHYH4RDJOqHu4CCsC9pRKA78iijgckmQIAW_WvaxSZv__MKvDbAbRlf2qSNHKafDshv3FnxpND73m0BDWtMxsbaYuH6lTLOn2omU6XElSaiLse1-rQWsJCCsOckCnUe7MPFtUW5cLsvQUudCoWocdivfHrEjMSzeRDvHW9orWSwrh3qC3-psTopb488k9eK3yMikKY9EtS08399telQqfZME8VwLpyed5UrKI1QUgv-AfVyik_A_CAt33uq1kwqsANZbJRfj3QFmI8hZNSwJxHOg7BOCZUiw6RRGyykWnaKe0lAQ1xkM5AdWZm924F9yIvl4cv5m6QMIMzyEn2nfscJQ==&xkcb=SoCP6_M3jA7yTqTCYp0JbzkdCdPP&camk=UoKtGZLa3XL1xyg-IyhIjw==&p=2&fvj=0&vjs=3
Data Engineer - X Delivery,Boston Consulting Group,"Gurugram, Haryana",https://in.indeed.com/pagead/clk?mo=r&ad=-6NYlbfkN0Ad1FFWZOsBBwBZDGouyCcICeLSd3pQct3wJ1q5dPO7JNFPcbpYQ1XCYdTOV-ko2T57wlnQKHsRLP7P7BDYnxuJ3YoleXL9Cx1xL2MIF5_jcaKBnnzI6gbA2EDK_URH6tGCCIecFq2Z-L3IJbvbsKbWnYrVzroWRFwv7GnrozdLUsISrQwS2OWps7B7o1NIZcGdqT-6gqAAvB1hakZpGUI7wcZXMMNBPiruwzBv1DlDBZ3LhZfDzo6bJLX_ZGeEIXnPt0docyDCXuzbnufxn_k4POjXxkB6f-A8iJ7hzrfwph8h_zGq-3ohAtkAALbGLYtUKCo9fQfQQ1zKGLhqnSrmkNO8bgtBIVaTmPOxFXsbHtOEPuloN0uAZrn5N-gTuz601Thxv_KMAlolQByv2lQpADH6xctuEPfc6aVpmnLcHd0at_41qwtubzwfc0Z1AV3CjNMDFaCWVTLmf0YI0uedl8NugpglQ3MRZwmWD--YBxsVJPkZGi0urkVh9l4Iw9upmRofXzDiZ6Knl2832ftDFBiGih9dxNzOaWPqBlMvaMjj4THyRw4yKZcw9ktrBg70Oj3_p8Xw9zL98rFojJkMB869Zwj2ZYJB1pwRSL0KlZx1NM0qXqL3v_mz9Lvt6Qaz0A78xc095IgoM0jA8lHwZH2tdm7fu59LlEIlRfGS-ElH55L292R_APlfx0U-2rYqrA2GJjn-IA97BBMGwJDxmb9nPE22NRmnRsLbxQC8Xj8sclzJ5B6ky2LTo4s0OdxtHIk7bfZLU4Y4-2BEYxGGHwkQ9dBzC77qKPYOkq8aL5oLWOmycQ1_ucbsk8c9EMzNr9cLlJvGZX_TM-J_VkLpeL4p2q4fBPAHnAuW9YXlrQ6lVTWHIpfkgDdqAto5hXgDfhYCWg942oGZZOHriemo-EKStz0epABzo-YtMEnLyqQooFXgWPOs9pMm5vRTOb8QjxJWOtK438BYQXnU0uYMBAzgtOr_PuDPB7sEuROP8C5cHua0bj4QCrhys6TK0RthcmXikan8tUR_HpFnXCGEf1y7Kb7riIAwR3zvH0n84UYqdW4wFHfrm5cQetVOkhHkv8eJcICBWVhp7ifbqw6abBkrbgriN_rGSHqvQ6drZtV_7yeITZGbXKTaQntLeyG90jCFllB6cm43fwf1s6L0TJhOpYHrDXSwyfb4DHhH_jjoGYPZyGQAXvOIOXTR2YxwPjE_UJmBG_EZXoU9EAn6au2h7Eu6x8FMG-mfypd2bL2uKy5E2fqbGMm6v2rJY672Gpa2yh9W4POEoxGdqrJH6EecORABE0QPDYP3uyHDZl_CZpIu5Tm_WvoxtjwMq1WVAKjGefwM0zVjotEZPNulUN8GnG_NEohHeGx_fstDZpmisvRmOIhlxrvL4NsbW1Y=&xkcb=SoA76_M3jA7yTqTCYp0IbzkdCdPP&camk=C3EPSzFlQw-Kxz8aVjN35w==&p=3&fvj=0&vjs=3
Data Analyst,Barracuda Networks Inc.,"Bengaluru, Karnataka",https://in.indeed.com/rc/clk?jk=199ad34a31463486&bb=sY-jKvE427EO4lmELdn6I5b2576yURblrLzYBwitq16Wr-s-AkgztdYGqoNpk8jA-vVZMqwhRynekw4IxPZbVsg1apk2rCUGMgKOcdBrV2RMYCSkLFfv31df5nWXMbCDDnP5AR0S8Io1BE8d1UaRRA%3D%3D&xkcb=SoBB67M3jA7yTqTCYp0PbzkdCdPP&fccid=d3a7adea49ff772d&vjs=3
Data Analyst,Garuda Aerospace,"Bengaluru, Karnataka",https://in.indeed.com/rc/clk?jk=f9fe7c953307938e&bb=sY-jKvE427EO4lmELdn6Iw_jJ7vLdGbFKHPURj2xq_44wMeJP5_KEoccCjklrcf61uLMx_cZk9WlDEi7ZhYCcjqiPLF2l0oTUZ9K6qrdxzwCsCxKRnMoNEfqzCN86VRybz89NGEjDLIYQ72fONAN7w%3D%3D&xkcb=SoD167M3jA7yTqTCYp0ObzkdCdPP&fccid=0ac8f7aee221fd49&vjs=3
BI&A Analyst,Boston Consulting Group,"Gurugram, Haryana",https://in.indeed.com/pagead/clk?mo=r&ad=-6NYlbfkN0Ad1FFWZOsBBwBZDGouyCcICeLSd3pQct3wJ1q5dPO7JNFPcbpYQ1XCAHtAAJhKZCb9ay0NBADHjPv76jNBZtL3ebVohDJeDxwlMWiJQmJD3GBIugS47gJcW4am5BkfexgvzB671w-VKFEyzyJhADavBw9vuozy51iMd7lKtBqgEku66YL4X2-2dyeWgwu90NxewFw0uQp-k1v2r7g91lL8QxBN3WD4l_d6-1ZoKjbymdiFUFZ0qgGtNidbroXDIm98T1vpzbdv8XGwnR3MCqcTzoIDg9Agjy6crH2OIrquA779dldoWWcnWhB3scJhPmVHMx-nLv5DYd5xsmB5E_pWn8oPc550o6VZh7IsG4AX2G9J4tHJF5p961ikCMH2qgbvbYJYaqDTNUrBen3SCt97KYjjnFPTIWFLXzydT1_R90tdHUmgG7Vq97WqnhNqLS0Y1RRlaEOhX_gIDZZ7u-QAgJjaufXJRChQZ4IDmhlnMZe4F2G5R00CeK1ONFJbWGZEKsrNSoV5tC3iymw47L8LAHwgcZJEBbOPTmZqHs71FaKcTQNT6w1MyJR64GvGZlUr7YpeqiBBCJcqeX9GkjkEu02FDBUh68yJJDGHN1xB5onzzRt7LMO3jRIN9TQ9hAVjWVfpONsab3MmRbbeSONDyv7visi8eFU2TkSOERCZa9IsCnIsnHuGUraDTrLqdGyUmirK2PhLm4T_XZ7lQEnTwC2s5vJ40cRfJ9RiQI-1fwJwYQ7sXM9lWbd-dQcaPU_cmpDiweA_iYhAewOx6sVCOJxJ0H4z1SWwm_CJByn2VN7sFMqX-ijpnkjtqoAEan0sfMVApw4Ul3oYHhmNCE4sYnkLfQdAZ8U7CvCImY_4B-Y8RoB5PhgrXcJfSQ0dmKkkERW2q6l5xqE2T0AcQyPyX8b7jBORrXYPQi4vJfIe7TgivuKx_oEKI3UxhvrYgR6qQyPdUnSdeedWsgTbBcCsBOzOAu2F7k9Mib4dFok98zf3Io-8bF2oq6wmqfYU8FXkrlvCp0caQp0-qxVyrTxy81KQzL3dGiChuDTJnYe7BRxF5NNtWfvH7ekiY6gG9XJ3muW-oUrBH55RvvoU1ZEy2D7Wq9z6ffyP0G3GmYXhazEXIKaKSLamfsH_auOUIMqlaJTzbNy3o5Cp4z7NPYwnSeagRPAzYwPvgrNO6Js_fK1OeSsZoaCgHfNqqdIapKY=&xkcb=SoCc6_M3jA7yTqTCYp0NbzkdCdPP&camk=C3EPSzFlQw_yEGK4nS0jOw==&p=6&fvj=0&vjs=3
Data Engineering Analyst,Optum,"Chennai, Tamil Nadu",https://in.indeed.com/pagead/clk?mo=r&ad=-6NYlbfkN0BWpgndjYL01xMr26yTqLCDFb3b3BUdaEwmMV3w6lpNxfdb7iEvGm0gmfmM0o9B9H9-vYCdyBADKfc9YFdTXOP7bLPTkI1oDRoT02W_LRthBkZf2NcBhnV9Swpo6CjLfYuJEfIWQEdvDRzKPpLUV6evHl4_9RDA-G1h0N-G0m88r7JYolEbzDbiugVOEdviNL2A8DhHKVx5FKnRQgRfht2kb3FVJRTd4BEjGBaOJs8qnwYdsQk33-n1qwOXP8ELXArKC9iLfTcPz5B_FWZ4Umk5oLdKkQ5GWqBD6qBm6rhE8kEOmhK-XwghkSRmRQmrNNFznTI3lbKLkCv4rTWjJn_1arvbysy_0pKx5pJRwDPx4R1u2N4CrbryTDBMo8D6OyLNmTm2kCGniED6auYFmw6wplgYFbI4KbptLJ8LYfgnSVYEQRSOhefhFykt2txJB7TU815LdbH4cj2DH13Qk8T9QaDPj6fqguATcp6-7Syl-l0NiKtxWDynlEnyS4GaHfb5x5ti0l_9DjfQmt3iMWWeSod8eB5UIK0fYPZByHcikts9xeOBaZu_-znn-f2NNAAuGPQ1erHiCIjcW9Q5inhfujlO8mWKj_vdv8zvKlVJ16wRAenQgORhh32narNnzLLgDTWRbsN44Ogk4w3OMGq0WkF-6lUJUi6BM2S6uTqRN2tvBXe6HFGHAr6tK2Yfb1Ve5Sz5wEqWZWlWO4XJ4hE1JdTFXlJ8EfZNVY8vXxDEGaycOGi4I3zyql52ftzlTdjGczNC7HkcoVqjjig6LNXX9MGnKyeg29wMz3cUZOWE2w==&xkcb=SoAo6_M3jA7yTqTCYp0MbzkdCdPP&camk=ethIe0s0hed5mhSVDYdqwA==&p=7&fvj=0&vjs=3
BI&A Analyst,Boston Consulting Group,"Gurugram, Haryana",https://in.indeed.com/pagead/clk?mo=r&ad=-6NYlbfkN0Ad1FFWZOsBBwBZDGouyCcICeLSd3pQct3wJ1q5dPO7JNFPcbpYQ1XC5RAnUtXyeXE5WF1nNn-RzTgn31f-_rEeMOcBdGNip-vctutSS2mrf3ivzyjuW1F-1Zx6UVMkD_Y172H5e-AOuQyMniLzL8SL-tRNAhaDE2u1_mGpbC703V0RS_2BWC097Fg9lrtzxql3KcIJc4z1gx1LwygE6H6L55Jz66vrOA7-YMpOnHygOegrCHReLKTlWlDwFgFWtQ_JBtg6HtK0qeFInz-C53x8yrIFv7_Q5ddJK5lFDQgZZjcj0tPVdPXOx9GuWdGZVmXp8g-tiFvxGhT07Qxx2wiFpfLNAeCrKen4NPwNrCpNy1jjNb9dPBRk4R6kZITF_bD_jtYlR1A3WTw6Ed3FdpMBgByaOAdbVtiZAeUCGh8BL0yaY-Gdf8mqJk8hBPganAxe3M8AZqC1pAOovP-7DWYenSe7Nu2sCefAPHdTKIcCDsX8BG-b_CsO-CC5_IWoN9c06jcCO76zThZuEMflluVXP6ZtfrpU5vkorAKIqji1n72kaSX6C7GUdzeS0pBQ2Cjr719XY-Nn0d9SAhWulFNNPRraotn0a8pufnNaJ06p-sHsAehmKpgvxr74MwWKRbkzNzBGsQRj-bHKwLdEGRDwVjAgSxzbQqSZe7ppcwCKnYVoP7OHXkwyfK0Wp1xpsJ9ZCVwfS5l72if94Te8wkKSi0tuEa6fvHRvKtjUqTefHCKtAh2t81bVaI1apbd1NGHiUPSY0N2NvV1JEJAhUM8Z3dS8rpUqFCmrUbgAsBgQGZKqGdVCaa-ChOiJXhEfH84rfn2UgiWE8flNejq5PqjvTn9ok-J38LVX5N62OgvaNHJiF1WosZkrfrBQybKpwYGaRvS9u3fowmtkoS4Q1sIgYfPq16g3kQrv7xIFhDtrOf-jANJSdsgt-gzi4vuoRycR3eRIVhmHS12TRSQYfigTq5I5uVUe_tucywb-sS4AP1BdAoQPsF1ZMNr3f4pBmDC1TMyh0lsmd5Wdz0G0MnSFUgyqBhrTUBK1pBIpStBC5_yo4A6jXfrqrXbXhQ4bBl6C7I5C7g0myUXkNCH78HI8JnUaOhKCKBZfjqALBf6C7BzpgX_ZjAWoc_7M8jWbv9XBgU1lvU97Mlt7Vg6GEGnWV-qxPt1QIN36ISzc6EUpNqDtcUg2ZDFykUvzBlV5TOxzv3DPAlgft_bdgYa4_DMMHx7v0oCxpfxzM19yJx1bB01lLKDF-RdoXvkkYdfuXty9l9CBMMhOztlPk4QHQwtAlULaPboeU7U-dffq9yaqxyAPupCSigVpzb5DrXvetvJGXsEX8pDdw6rWQPkLhmn2y4jNRvtBA-JWqTg1QD5mVQVV2WVegrBH&xkcb=SoDB6_M3jA7yTqTCYp0DbzkdCdPP&camk=C3EPSzFlQw8VN_uriDqgwg==&p=8&fvj=0&vjs=3
"Analyst, Geo Analytics, India - X Delivery",Boston Consulting Group,"Gurugram, Haryana",https://in.indeed.com/pagead/clk?mo=r&ad=-6NYlbfkN0Ad1FFWZOsBBwBZDGouyCcICeLSd3pQct3wJ1q5dPO7JNFPcbpYQ1XCYdTOV-ko2T5DcrUamP2zS0TvwEPKU3jzcPaHfkOzJzDNXVg5Kk3UjAAAK1p1RwvQpTudLyvZnIADOD0ewWopzzXCahuFxxotblgdPtHZc53Yk66Ud_XCzqrrQDVw_Yr2rw1LFy42noMQjjcvLYWFxrvC_SV6tAhhte6lkACUiyvBuo7ICaaWM12xOzGuv0M-sxdZorfzMintld0rMgZsyat28kBKE_lLqmQzeyLGV1s9-qV0qQPUts_T58yrFEQ9-qhylFoVtzP2bLJizGNlABjAfZQqWlUPwmQZ6L4e_ouWEu8OypBDHqQR3wjKctyFeFhsONOVWbLzMrAmJs8omJcObNB2jo3FiNZvXRi738FbUttyn2wx4E5EBcQsYtpAdndt2bDjCH_lSB-ct79S4shCunPUIxCBs5zwN_2X6U19_vrbLjqGc-qGVcc2xbGmG7PCFZ14tPP0Ay6ZeostIDLOWczg-Vi1QJS4-jKrCGXNwjyR694rCGCGbPOazh5ZxbshSMjFYqnlqWymwp-OtHSb8Sj37I3d-ZT6ycJdvn-INncGbIWXZ-d9ohTN2d8B6ADiGEZcmrRlLKDMf0AyXCOAw4_NefY2XXFHkATNRVtEjdhdRVPJxo8JjdNHlRIivot92OgBBiHzQpSAgwEWkrmxrxa6WLUU4t_d3NIpKmvNjJCKW8dllPMhdMl_hbIqky7TCLS_owy9hBDqMoQYmm6xCRxdQnXg88Y2JaPAmejgiioM3FIeUdl5DW4i1gptsClVffrYU6Y-G1pmgTir_sAZxzpPDVdxDCV2GdKDxLsauu95sWhnybPIBoOHBsA5IdbDGnz9jnV4GrZBfiwmUJ7Z1bJqBoKCox35HV9ERkQoGTxujbzTijxUEBU7pHX8bTNH92XMwcxFm4_rjlfIZzFnv3b_wejfUDuJ-Q4E8TahK59cclwDAbPixF90oWaO0aBGuRBWRh1ETrISBCC3Mkk3gkhqlc9bIewdolqJKCP4IM3zpZtarbHwImx9gwpVCOFxl_8b58yaXPi-pUSSiMncUmUhDcWsGNR30dqUbj_8M-KgW9HOpXjToLxEV05BOIzQ4ele_Vtc7OdytviaD2S_UYuQh__ND7Z4ntqp3J_Yk-6So-Unf_Vpu1ZQSjtonH8bsT8YFlrcdG37WMl_Bx2P7RnkSwG6cw8HGIiWrYfrCuJdibfNiyJ-MppN4gOp6NtM_9pYqQRWOcWSqhO3BuwZk3DVMWADOmVuJkK-KhQoFylMHf0TdC-n7I0QI0_w5mg5HnP2VzOkbojbdWgGiLa1r-0HrG0TzMLAayDuLTDDksSdtOisQ5LQkWLFYWXjeNqRPwjgJBHYRKhP9dat-tQJrBP73HC8&xkcb=SoB16_M3jA7yTqTCYp0CbzkdCdPP&camk=C3EPSzFlQw-Kxz8aVjN35w==&p=9&fvj=0&vjs=3
"Analyst, Geo Analytics, India - X Delivery",Boston Consulting Group,"Bengaluru, Karnataka",https://in.indeed.com/pagead/clk?mo=r&ad=-6NYlbfkN0Ad1FFWZOsBBwBZDGouyCcICeLSd3pQct3wJ1q5dPO7JNFPcbpYQ1XCYdTOV-ko2T5DcrUamP2zS3MZyVSQIoBnA4nHIPuszD-lTCRNXvM_eH6t5Gw_vjDTyTLRx1XVTdHEJz-tRybBukvNfd1sHqTcbRHIzvwCXpQQxLAv4vdHAL7ujEXj81d8oRPL0HyN76ySZ3ptDNu0m5yvSBBLAE4fr7zIZqFgULtdi7wqmy8V2aW65Lz59i90K3neXu8gabdGXqCL0oaRUHDG2GEyGk9Vzi50WAZsMZfWmP-wdaN07xnAVS8q5FXKSwtNmNMW4u47LFtGWURP8ibUnCBlh_j04_6gyvzoNcYOL6a8XKY61WOrqGnmU6jj_yFCJsLuixmQv3_L-tIUlzk19zgmVOnXcOfBSDt_I7OiWECshIWo0yDKQ-k3vd5QOq1Ed169eNCdXJnzJ1IDzbJAlphR3HlRGiLwWrw8cXvMprO-snmdjtAy_oa1nDw0Vn0Qc_XDiAxLLfP_zj7xyk-zBzdVdl2O718I1csCLB2u4K-dHQzqxnfBIkANUa6CW0mFCBQe-1mx1HBcDw4lUWNXwqwI-hRqfzy_ap6xp21-bPE7u1ZdOB2MH3BlLbY9tC6PUAyyWmc9ItxYc_FtLPscz0azx8_PhhSP_6dQM4iMYAVEgAj3OAra2rATyP7Ag8yi4UunVRdnlSFvvjQH2fe8MDXE0Rb40sQKxedYBfo3Zm5SnIZfNfXCIuc9yVQi5C-4UFHXyXLsjTPauTNSFvO5CQCop5umXVtdtbRYEeaw6U71_TSw2w3QRWa9-xEBTyQMjGYp3raOwWXpDenGwp3niQWbTcp5DyY600OHE63tAOe3EeMLLJvtGI5hFLtF88KHmlz49pDdic2gEURL1bF2kLUOL1SzjPgBMJcaXW85zzwzQg0dsn3npRIkv_71mBXilaehePE7lX63ACALp8H_MM_FpG-rUstLR263lfa-Ab7QS9EOE_yk2DoehcXb-CMjFFwkxXQQyql6Hd0nAGyX1CRPrOVJm_1J-hbZlpjn13xsRt76e04SeDBTV_MCqn1IkE40rBGAGfxDMKsMFUOujRvzsayz_O0rmqaCTWU4ZFtFW7P8nzMZtMV8Rx_RABXlU2vVU-u8_G5RFX4iCV1-8LdO-IxIHL085pn7MSqyHg-jUAqheOsKsnksqL4LQZM-Z5ngD-mre9FwJ6FlpLFdUf_qrbpxzd29z91RrIYi2kiNTqQTZ5Tj6EkHAK_Yny-_kqR9f8BeSefzi4jnY60aKhNYmRH83UIck_2Eoe_vLrex3F0GzFuVOx9bGa_bD6lDsc_eMjX4kD1uVMHVcAgcGOgkw28m-nPTAPvIHoyDAfJdeoWxT52cGTZreazBE8Ljp8i6wnnA1xul3xyhuiBppuQM_YU0kGdzCRqsTCI=&xkcb=SoDo6_M3jA7yTqTCYp0BbzkdCdPP&camk=C3EPSzFlQw-Kxz8aVjN35w==&p=10&fvj=0&vjs=3
Data Engineer - EMEA Data & Analytics,Kenvue,"Hybrid work in Bengaluru, Karnataka",https://in.indeed.com/pagead/clk?mo=r&ad=-6NYlbfkN0AnH6HNl3qg0QQoMtxRKZBdeOxG4LsryWJUV6u4ORaRKqUckZGVeOJzLn0Eg6o8XYI0hVg-_8OxkUp-ja1iL2bwBu4z-K1yF1MCglep1Vz7uuXK0TA8yW0uXFpgYvXDwBLqhExhsWWOoigB2_LC3J4C33w0A80fJsN-dPGmYMl3fnR_jfuKtfaVZ-eL7HS39LY4yMaJUfrHX_YWSIbj1rQuhYIroz2iRBeTMKl_2W42cQ3DJtE-tliqymasFKggS6tbh5OD2lL9tI4NEo4c8AiipsO56ZpBSBSstW7xDXNRWcyPRgtNSprf_sBAeNxommelxmiAnW2319yNR3soRk_u3Wp101RReKfP4TuQfyKAp7oEUOqyU2aESTaCYzONFit78MD211lmq2ZnAZN_BiiTFpu39f74pqBT3jbTeBTiRHy25nqMS5XNy2lMSuVsTDAR5HyIwj6ktNmNRzHGxwxpoAXqnDpqtmugxbfEp4J1b6g2al5sORglOaheX9CLFlB8CUZL9vwPlbhRwdjkNpYQoOsRuFFAzAkhc2xWtDVuvVEDc24ggRspVu6v5a7B3Ei5Nq-3y_4PSW32dZJyAgK46Zfai3DcDbFosNQ7JHYonGlv22-ZKxr7o5pp_tCSlsw4fBm5ezcpgHntBUVeSxgHYllsuYyLktBfLEg8NCqCgnXOhigF1tyr0DBNCFsQaclgdco4DWmOyqni3qwstoVOOM2_N7vFvBsAqypeFhbh8TPAQjJyZ0owTa91Nn_Q08uyZc7Ws2WXnzG55FC8UMKpH4eis-XxTCmVSBeI8WsMAM3SJakdRZImJmmNJTe0vvONbLr4VzvUjxm1Zx7Hru2EZToy6UgP3ZE=&xkcb=SoBc6_M3jA7yTqTCYp0AbzkdCdPP&camk=C3EPSzFlQw-Qts97afg0Vw==&p=11&fvj=0&vjs=3
Data Engineering Analyst,Optum,"Noida, Uttar Pradesh",https://in.indeed.com/pagead/clk?mo=r&ad=-6NYlbfkN0BWpgndjYL01xMr26yTqLCDFb3b3BUdaEwmMV3w6lpNxfdb7iEvGm0gmfmM0o9B9H-2gDqUDz3f1iL-KlPVw5iew-qhYCg4NvnnkvgYTJr9CikaN9J90z76_SThnaMIkKjG9b6PvwJltIEPRrNRmtN_4c_4326KVzc90RPVb-YbuKwjCQuFeGkR3BBx_qojQT87Jw1YHWgnbjxJHeDsMiCmWsJ9gEdQ9xxg2VsUn7pZkZEDUmxTPffojqD0BiKzqlpE9-3p6uzM_IihidVPTxxaofEPMefVE-3gToM4Dbobvk653D1dJkKF5_zDtwRwwswbTjyM_mSiXDkiRtd1rBkPyIGyqOWyaHGZd_pS-u_UibfXRLCNLf1ldnjlLSFr_lNeWeihawb7bbgMO0usZKAdzeDRLFkZbVryX82NZHw2M2KIsTgUtoCbF8tL_nnGRdy4TcN3OVxvVGQjeVJYM5SK3NH4cuXaGXG7wH9RBRSlGPD-EwmEfKxSetfowDkFHwAdNqwkfbFtqUEuC-aVcihYVlU_xEIcudFLqMTD3ZUzTmfT5nQPkYtMeQsNj1XD0rv17wwgvIwaAyqBs4c1_yQEp4iCIpHwkXtUjsd9tSQqW26CFtTb28KRkuJNHY6lqGG1nrf_93BN8YZsC0b8vg6AINPVrWt6CiMWpnxOKKbFTjh64EHY4g_QpzLhQ2QuFnN3tzLx_3Mb5uzFwxf0y65x27oI2uJIZsz6QLiHKSJ48b5bZm2zKBAVhMO4eCB6zBVHrAyDnIpnDJ-S4wDeshVp6wMm9ZGhvykHsWM6nukDAA==&xkcb=SoDS6_M3jA7yTqTCYp0HbzkdCdPP&camk=ethIe0s0hed5mhSVDYdqwA==&p=12&fvj=0&vjs=3
Data Engineering,Optum,"Bengaluru, Karnataka",https://in.indeed.com/pagead/clk?mo=r&ad=-6NYlbfkN0BWpgndjYL01xMr26yTqLCDFb3b3BUdaEwmMV3w6lpNxfdb7iEvGm0gmfmM0o9B9H-NvF_WqfM09VVVovWfy2Y3IrAftAOnOZZxuHvlx3BJHeYe3NPjdXxRylXLdpzoS-MHwE7O8DSVgMPSHh6zc4gYaAjZT_0tQyHle6VWTuNi2UZkBA1JAguO8m9HVhtTvOL6h73OO_HrBXRaQxjb33eN4OkG0C2K9YzshcNafj3aJr3BaZHbQok16N1NusJfsfVigB1ysORYGF7TP4Ygt7Y6cmHWqqabuQ9-kkLJw1xTSTaZzVX3hrFgwIZ6EeOdzpyCZaCalIB_HtPjY7k4KY0fTHrNYT337iG-5kFFTpTqditkkyGr1J9eJr23l7ZfDBp1lsfJuq9KDoovtinMakcj99moPvieP2tF2Ulm7cywFV5ZblmiDrfKUj8fAEPvQPc3wXRM2rdCu7NeI7Cxmu4xI8-pdTY-_nXbctpTNBCg7FhllykG8e97Z7jCcf2RnZeUJixy5TXQTlawtHz9h2NYuNeyg0NCo5S0hvG8C5ia3yuA2BbtIPbKekoq5aSrQR2i_uFYaBTGqYXXe6h5rBw_suq9rKChlK4zOs3fQ9SOxlZe8FmWB1HkdOTH5FOD1m4AvNA3A_w1UkJVDURKJD7A6kAJQg_7V2Eb0al2DF7JbG2zsaZcKNUi3Tp6EgyOWYTMVVvDp1TW8NuTNdxaOtqIUtZwJOqf6uCToAztyllAJKYVeiatWGxwFMvHndumETINUuieGKL-SPQNxnaLjEfwvoYw2dWJNOiJBOe-QQUYYw==&xkcb=SoBm6_M3jA7yTqTCYp0GbzkdCdPP&camk=ethIe0s0hed5mhSVDYdqwA==&p=13&fvj=0&vjs=3
Data Engineering,Optum,"Bengaluru, Karnataka",https://in.indeed.com/viewjob?jk=456789abcdef0123
Databricks Data Engineer,Optum,"Bengaluru, Karnataka",https://in.indeed.com/pagead/clk?mo=r&ad=-6NYlbfkN0BWpgndjYL01xMr26yTqLCDFb3b3BUdaEwmMV3w6lpNxfdb7iEvGm0gmfmM0o9B9H9-vYCdyBADKXTsdLB5oujns_NX-8seANSigvCCTrBVlNDQx8BDYHeD-wbPxYjpd5J-gAEXSKjRxFuA2EzU5YP-52oXvYUV7_joQdTix1KRWixXdXxksEVvCMK6_NCi2CZuRnj7NtxDaybHC_cNfgXbI7tQf0BFnjYjT918dmfZqOXhEbU0Zk0J3g_m00NA32MxzAxnofwkeOUZ-RyFWUKPj0nqscBKZQwqxolHDHdlUmdFQuXJd9GlSiecO2EImV96eTbi4i5WyatWME9uFc2tirD3wixQSTf_HROvMnaFVcbCOJblxWws9Pq1d901xxt2hfMviVu3Onzv237LqOmIBIzmKqMG4xJWKBXtk3pOg0Be6PcLiiyxcmVrNXTqo9rpZZIoYHVfancwNKq6gviHsa_KCiOd1zhXWMAOJsBnkoFcHZrjEY7kNeOGj8Yv-NzEjVJozZrm9KXNuy27vnx1Se5bxc5XLJu5rDnC-zabrsRDpOdaeop9gAKJzWwNSBDv23jB61AYTYS5sLG7LFBKD5nnhMz5RJXRh0ZvuD1dyJW2LfrnOvhXvxG6EnXQnuhGABd9bjiBM4kXtKlUl7GKepBCuP4Nid1cpkuh1c_YCHMpENR0PzjpEJBCgQg1AZL3io0jV5gZxX0z4xhqix5XEdpgn7qMIQAepL-GpaokE42cbWemlXy2GIOIY06o9q-eiL9xW56kKFbLnBeHUqj8GE5x_1JPgrVRYxvOi6ioTA==&xkcb=SoD76_M3jA7yTqTCYp0FbzkdCdPP&camk=ethIe0s0hed5mhSVDYdqwA==&p=14&fvj=0&vjs=3
Data Analyst Associate,Huron Consulting Group Inc.,"Bengaluru, Karnataka",https://in.indeed.com/rc/clk?jk=3d1420c0b795854f&bb=5LdSzjLh-sEf42RDobrYTNtDfFH6a3eMH6ghupwEL2-TYdopQKdyeES3TeaaR5gVV1IOsPsosUnXx1-aQdJbsw7xzJLeK5dbpM7DazB1XcG-EVsK-PZ6prK1VsmYzI7dVL6I7i84Ak9k3Em4kOgjxw%3D%3D&xkcb=SoDE67M3jA8P8iAfKb0LbzkdCdPP&fccid=aa50c21fb3d97098&vjs=3
Data Analyst with AI,JobIQ Careers,"Remote in Hyderabad, Telangana",https://in.indeed.com/rc/clk?jk=09d54b081bf540bc&bb=5LdSzjLh-sEf42RDobrYTE2d12BX1FMb0rWtfT8yL7ua270sEy1Z3OZ5a74rdhuuRvlHI2_d4I7rLVxGIH-NfQvPFG7EghaAL7mKweGS5BTMhqsgaO6OSUS3ftcQrkvmycPcaskOZmQ9sVAB0DLeUQ%3D%3D&xkcb=SoBw67M3jA8P8iAfKb0KbzkdCdPP&fccid=60e0925bfa2d07cb&cmp=Jobiq-Careers&ti=Data+Analyst&vjs=3
Data Modeler/Data Analyst,cloutcamp,"Hybrid work in Gurugram, Haryana",https://in.indeed.com/rc/clk?jk=511e725acebc4272&bb=5LdSzjLh-sEf42RDobrYTICBBfkUp3gI96hfW1o1QGbk9QnTaEDTye9MyH3gNu__UlTb-CAQYHdzEIRXRiGPHhxKeiekPwyz89subMSHrtxC7rNLr0eQYVUxNRKOVwidRehE7TP3eeNeDEgW_KIS3A%3D%3D&xkcb=SoDt67M3jA8P8iAfKb0JbzkdCdPP&fccid=dd616958bd9ddc12&cmp=cloutcamp&ti=Data+Modeler&vjs=3
Data Analyst,ComCap Holdings LLC,Remote in Delhi,https://in.indeed.com/rc/clk?jk=02f046090fddda9f&bb=5LdSzjLh-sEf42RDobrYTObYxsoexrTiidxQ5-Khv03Z4y0lOpoc_OPQ0Zphub_Kmd7UU3EaVWCTgy3MVboyzCjcMysXY1AqZ05oOzOLqTHffuS1U8niMcxzYCRgeHMUGmPnumaVidEuVwg9_GUY0Q%3D%3D&xkcb=SoBZ67M3jA8P8iAfKb0IbzkdCdPP&fccid=ac89ad25eff634d1&vjs=3
Data Analyst,Sadup Softech,"Husainpur Tarai, Uttar Pradesh",https://in.indeed.com/rc/clk?jk=5d8e9311fe2e9360&bb=5LdSzjLh-sEf42RDobrYTIqk9Tt8SLsKp_GhpN1KPwLckNa6wOtAvGbq4z4NFT9lKwLiDJdGkkaX2OemWLoqKvMwkGmTYiX_c26NHh0ulxuRseI43LvOoUl-6Q3AqZR4D_h3BgLUfhVyXkZ9e8AquA%3D%3D&xkcb=SoDX67M3jA8P8iAfKb0PbzkdCdPP&fccid=20e96350317d4d84&vjs=3
Data Analyst (AI-Integrated),Magnon Group,"Noida Sector 62, Noida, Uttar Pradesh",https://in.indeed.com/rc/clk?jk=86fc336fedcee0c4&bb=5LdSzjLh-sEf42RDobrYTId6GlaQArPpGND2pIjn0oT6yw_a66d36ANlFRJgLxKZnjTFpk4KjvzyEXjgOV9Plb5jW8Q_LE4Y3-4U38bq6USwrzmaNkCuORkMa1HRsPmkVI7CB_oNIw7rxsMm3NAv9w%3D%3D&xkcb=SoBj67M3jA8P8iAfKb0ObzkdCdPP&fccid=337882a14406b61f&cmp=Magnon-Group&ti=Data+Analyst&vjs=3
Data Analyst,Amrita University,"Kollam, Kerala",https://in.indeed.com/rc/clk?jk=fe48284d63095208&bb=5LdSzjLh-sEf42RDobrYTAtJp1rHQXthWa50T_110F1MqOzjfExyitp5plsEsrYqRyPFNE0HTdgnsp22CWNUb94kR4nlFbKZLOgwniJGtfQx5MyvFvOEKneaGSVyqr9-keFOcuPM_7ia7jyVrbrnng%3D%3D&xkcb=SoD-67M3jA8P8iAfKb0NbzkdCdPP&fccid=db09a741a4a8813b&vjs=3
Databricks Data Analyst - Join our growing community,Xenon7,"Hybrid work in Hyderabad, Telangana",https://in.indeed.com/rc/clk?jk=642a73b9178a6768&bb=5LdSzjLh-sEf42RDobrYTCaFYFXo7maZa7rNRA6oIL-NfRpNPmDNyPdnZmM6oIO3b-cVDT-cFPVM4VJeL67ni1XFh7o2dJYBBCrl-RZCiZeGVxkNa-QOj8Ga-b6OvhCuAODSbeqBo-kTcfeQ8DQ5TQ%3D%3D&xkcb=SoBK67M3jA8P8iAfKb0MbzkdCdPP&fccid=d84809e930ea5fc1&vjs=3
Senior Data Analyst,GroundTruth,Remote in India,https://in.indeed.com/rc/clk?jk=691867744cdf848d&bb=5LdSzjLh-sEf42RDobrYTKEe51RqYaJwrOzDpaZwF2OH-td6UqUkOAbVqr0s86yNXPP43sXUYcvOv2T39C7FvqZmQZTI8OUMPM1Xn4mx00wAvJOgoWhqrN7IpEXFK1uykhyphPU1GGxp3JsF6gTuzA%3D%3D&xkcb=SoCj67M3jA8P8iAfKb0DbzkdCdPP&fccid=fa3eccfa2cdbe89e&vjs=3
Senior Data Analyst,GroundTruth,Remote in India,https://in.indeed.com/viewjob?jk=123456789abcdef0
Analyst - Business Operation,xponentiate,"Remote in Delhi, Delhi",https://in.indeed.com/rc/clk?jk=cca6ab496fdc8a93&bb=5LdSzjLh-sEf42RDobrYTAaDaLWF0xuFCBUmhfqvaxCZ385ZxI4GyQmsORGwCDSXm3fxZ9WGo7oW2OFPPY3qUB9K9Qt9LrZGkoWjluhjDGkd5pFdi1Bk25je9Ln_izP6WRfLmQpHUMrJQLgL66AelQ%3D%3D&xkcb=SoAX67M3jA8P8iAfKb0CbzkdCdPP&fccid=861a55abf50647a9&vjs=3
Business Analyst,Arena Investors I Quaestor Advisors,"Hybrid work in Bengaluru, Karnataka",https://in.indeed.com/rc/clk?jk=07d8090e4b5c7983&bb=5LdSzjLh-sEf42RDobrYTNpB3TadDCmEMa4PCbBtVWHL4adZlpBI4vYHuLa1Yvef1V7vcSHgGIvQW2A0KTLMpHFuX8RIknt1F6ijNgcJE78MlqsIIFCXfRkO9dJq8ZYQ4gEs-RhQF7xPSAHHF7acTg%3D%3D&xkcb=SoCK67M3jA8P8iAfKb0BbzkdCdPP&fccid=854009564fb42a7b&vjs=3
Data Engineer / Data Analytics Lead,Infotel UK,"Chennai, Tamil Nadu",https://in.indeed.com/rc/clk?jk=2d2d7515958fad79&bb=5LdSzjLh-sEf42RDobrYTNtDfFH6a3eMIO6UcM7S7ywzd-CN9_D9yA0szWSJ219rLqV-4xsPP2x4otNqj8_W8rhYJHdGuRy4W1HpWV51t1JoZQHhhD1XKduBmYo0jQONdY-P0DSqhJ1oMp4jfby5jA%3D%3D&xkcb=SoA-67M3jA8P8iAfKb0AbzkdCdPP&fccid=bb21c255209f3843&vjs=3
Senior Data Analyst,Brandtech+,"Remote in Mumbai, Maharashtra",https://in.indeed.com/rc/clk?jk=7d982e71dfc9857e&bb=5LdSzjLh-sEf42RDobrYTN0EubCbFEgELyhwmkIZrrhVYdexEtsCm3cFdlV6zUzadFXEypHDmP-JlOcZNT2Vag2xYD-Gjm6CLg66pf5i8dxaKy9-Dz1e98R41QbwCjbabcGcEFesWqEmf5b4w8QXmw%3D%3D&xkcb=SoCw67M3jA8P8iAfKb0HbzkdCdPP&fccid=57cf0496793c877d&vjs=3
Data Analyst - SQL + Power BI / Python,Triedge Solutions,"Bhopal, Madhya Pradesh",https://in.indeed.com/rc/clk?jk=ac2d6544495fae66&bb=5LdSzjLh-sEf42RDobrYTOgSQfy-A6sTc5q2RUmJhc0KIUIKuBZ5Vlw4mHP4g8ICpUN1EmPa7CnPKBPOkulzhEY_2yEwGI-uhid_wsqa9Fkb982Wx6BVsr7Cb5hK27I9cgd6MAEQv5lTAAokqD0VtQ%3D%3D&xkcb=SoAE67M3jA8P8iAfKb0GbzkdCdPP&fccid=e4ce58d5b089e8bd&cmp=TriEdge-Solutions&ti=Data+Analyst&vjs=3
Junior Data Engineer,Wadhwani Foundation,"Bengaluru, Karnataka",https://in.indeed.com/rc/clk?jk=e015d80ef8e4f8b8&bb=5LdSzjLh-sEf42RDobrYTNpB3TadDCmED6WAf7gG-QzFAbkFoX6VqRFSUqObALgjM_4WRMN9DVYkr32S9zkndBxgpZitF5mZu1_dx9WYIv9dxTvd5uKBXEJXBfQZSCVePc6pu4ndtyncodM-4XNh9g%3D%3D&xkcb=SoCZ67M3jA8P8iAfKb0FbzkdCdPP&fccid=115ebcbc787bda8f&vjs=3
Senior Data Analyst,Brandtech+,"Remote in Mumbai, Maharashtra",https://in.indeed.com/rc/clk?jk=7d982e71dfc9857e&bb=IKUxRjk5lJd2jbBZvj7fbg6V7xNHRLoFr5BH2Wx6KCvfT6gXAGvU-vDz5La8DaGoDT56xBxelk4uRBHuOg9EohdqYClnQpDWtPZrhKdkGHiT4LfFzXybXBSyJAMoqko_gZvVxixTtiTL8q_fnUqFcg%3D%3D&xkcb=SoBe67M3jA8Nk2zCTB0LbzkdCdPP&fccid=57cf0496793c877d&vjs=3
Data and Reporting Analyst,QBE,"Neora Nadi, West Bengal",https://in.indeed.com/rc/clk?jk=4fda93f5d3a2abe0&bb=IKUxRjk5lJd2jbBZvj7fbqQh2aplNlxLUL1Z2mdAvsJzQcyANle9jMQE6W4zsRcIDajfF-0TeOlxMP0eSObwZMOVl_LapKc6tIcLWW1AymFY91WHUfGIhzeveZ5HoAN0S4_2SuV24JxKxB7egCV_vQ%3D%3D&xkcb=SoDq67M3jA8Nk2zCTB0KbzkdCdPP&fccid=bfb394bc9a4b4f1e&vjs=3
Data Analyst - SQL + Power BI / Python,Triedge Solutions,"Bhopal, Madhya Pradesh",https://in.indeed.com/rc/clk?jk=ac2d6544495fae66&bb=IKUxRjk5lJd2jbBZvj7fbgr3riWkmdsWB3HF4A2LgPukbK9yGe2Jt0Z4XdKwmbb3csCkMKfoNAd39epcv1ORLDLQ-Hcp_-oHDTbdd-97EYlQlEkaQ0n9aakMCK1k3AqkeSELNIOb7H0vyWaTDKm26g%3D%3D&xkcb=SoB367M3jA8Nk2zCTB0JbzkdCdPP&fccid=e4ce58d5b089e8bd&cmp=TriEdge-Solutions&ti=Data+Analyst&vjs=3
Junior Data Engineer,Wadhwani Foundation,"Bengaluru, Karnataka",https://in.indeed.com/rc/clk?jk=e015d80ef8e4f8b8&bb=IKUxRjk5lJd2jbBZvj7fbpAf0i0M-4KucxrMLyJOHAV7p5tUlZapBbbR_0A3XkPhj_IsBSjaPTLYUbE5HX_atQZM_E_IbJ14rbvn4BhKWc8eYg2ogbf4NxpERTGYU6WTFqShz1Sbl1KNLfLbbCDFLQ%3D%3D&xkcb=SoDD67M3jA8Nk2zCTB0IbzkdCdPP&fccid=115ebcbc787bda8f&vjs=3
Data Analyst,"Magus Infotech India Pvt. Ltd.,","Navi Mumbai, Maharashtra",https://in.indeed.com/rc/clk?jk=b8c8135944e18334&bb=IKUxRjk5lJd2jbBZvj7fbuSWDSsvnVXJ4N7OjXFBESXbEoomDNAAhlOIZfNu0yvAlUmObZIN6BLu04PN7PteB3KekRYX3cy_Rsce3A1afOBvzzPYseVCpuwuOuKRAAp2inmsTdExNQLar_tWa1jNaw%3D%3D&xkcb=SoBN67M3jA8Nk2zCTB0PbzkdCdPP&fccid=d92b5100c3b3dfa2&cmp=Magus-Infotech-India-Pvt.-Ltd.%2C&ti=Data+Analyst&vjs=3
Engineering - Client Data Engineering - Data Engineer - Analyst - Bengaluru,Goldman Sachs,"Bengaluru, Karnataka",https://in.indeed.com/rc/clk?jk=b2d2e6e6a60e9f54&bb=IKUxRjk5lJd2jbBZvj7fbt1hoQ4roCc2OdnsrpV27hq77i4GTKnnHwU3HIdRNsVmES16SmI-OMtRKFYePwYJnKyFSOySm3IKcQlfINBXINlk18r_BDqH0UDr8i6zik67k9wfTW4MWeiuZ2NGz1B1OQ%3D%3D&xkcb=SoD567M3jA8Nk2zCTB0ObzkdCdPP&fccid=16a97ed26c75bf2d&vjs=3
Programmer Analyst - II,Jabil Circuit,"Ranjangaon, Maharashtra",https://in.indeed.com/pagead/clk?mo=r&ad=-6NYlbfkN0CBhcsyc16pBM3UlDlRqSu1LzK0zlw24aQg1eNcHnd0xl0z3E_lCzkklpB5y4kc85L8BVEefrL2m1xL0XaD6GdKUAuxvO59QcsXyqzDRtccfVmFwRpIXqYdkJtRBKN3z6cUz-uc69AuhKlF9HFWK2zBzZQkPiV89qhQvZeiB20xX3GTkglcn27GJaEaygNgqUU_IaMztt8H9QoWFg4UegXAQbDUBCSRxod8tkDOpyaRU6ZLW-FWeIJFnC-FaB2DpBzWG5vACFzIPaBTF8f7CI_mQk5Gy61DEFilFXyA2SF_gg7qWV3BI_PPmS3Zgts13HKCvBlvfOIo6vBKa-DmftkKU42UOhvr3nx2pKzC3M1dd7-KjZZ9boTfpp9OF1C5AP3aoamqygIVM_xT49ldwk4ZVigG33yWYQKCyPDhx7nrnVWBrZ54osPVgyrOt9dKSpMrLLTZ02FAci3jJhrZ2hiLZto1JpKGPvBd4_66LlywxzTp-fHakARfKxfMGchotEVKIGhXJxBhNkDVwb-izpnh14SvDeWONYc1bwP4dMYL0KLbDQuARe6--8IIq2JRf6z1pZWn5CKurn2us0nawKOETNFrNqn5en3nAntnzozruXO1Qmily9bxvf2-d3CMNHOspjA3w4AypmXitR-NpFGdPta_LoOWbOLweelkJoK9Hc2gWSSCSKLPhLkbsX-YhrELxmKNpCUCvnXijflFbioiI03_K1oyksdgIgJ4wdVsegf1U8u_WcNa2NVPvGDPh2SWeZ3e7Q9XoJhPiNzkJyPUOdcK4qISHjwZyr8S2pcT4Rpmn8CNqUByElsALI2CmLuQ9mwRUfmyjKOEAZk6ldyy91v2MjpqzEDXiDC_B5cnLkUhw7DyPzPGdk1IA9dkbJHHnkl82Y9YNDbHfv3lYWWq1sA-S21V9gxsf8jGBIchXzFP8pEVkVsM5C4J5ZzFwVLtI_xgkaCHiIRTFpKchacPcd_KPsi9rEgAa4fNGJAQsYM0VJiSi8JbBAzvqI3E6yt6DImLcvO_V8eMs-EBwK2Q5udLSGb20vEDskwWWivIjXsJcJqA2AGU3LTYXNrwCI2CDiO0Ix0xK9a41F5mht8ScVzfHaj4Bo1PC0_JJmy8zbrBItV0bSSkzsaGyjKJUH2DUspKzhBYv5WaFHTCSS2zFYSzmLMwG7YAEBR9_q6PE5C7SI021V-8-sPhmsOb_56-DekCk9IGc6NpSL-ZzFEYk3IEaE3OcW7pfCvmPzBvgfS2T0dpokdZbn0GTUOIBsK9paF5cWRPmFdI-Gn1eedpVY2IlGkoRfFM68Zz1Q9_udVDTddztYCXB0OqfH3zi_JgP0PvVcnGiwhmFDnYEFYlTqAqIUBxZRtnMOYvfk2-dZyb9AX7cA7Ya8chCgkOrjn3KYQwOD7wfg==&xkcb=SoCQ6_M3jA8Nk2zCTB0NbzkdCdPP&camk=UoKtGZLa3XLVpA47WfwpIA==&p=6&fvj=0&vjs=3
Data Engineering,Optum,"Bengaluru, Karnataka",https://in.indeed.com/pagead/clk?mo=r&ad=-6NYlbfkN0BWpgndjYL01xMr26yTqLCDFb3b3BUdaEwmMV3w6lpNxfdb7iEvGm0gmfmM0o9B9H-NvF_WqfM09VVVovWfy2Y3IrAftAOnOZZxuHvlx3BJHeYe3NPjdXxRylXLdpzoS-MHwE7O8DSVgMPSHh6zc4gYaAjZT_0tQyHle6VWTuNi2UZkBA1JAguO8m9HVhtTvOL6h73OO_HrBXRaQxjb33eN4OkG0C2K9YzshcNafj3aJr3BaZHbQok16N1NusJfsfVigB1ysORYGF7TP4Ygt7Y6cmHWqqabuQ9-kkLJw1xTSTaZzVX3hrFgwIZ6EeOdzpyCZaCalIB_HtPjY7k4KY0fTHrNYT337iG-5kFFTpTqditkkyGr1J9eJr23l7ZfDBrQBVfBsti3AlpeSp9tEVrTGMec8vzH6_Wjq_WY78n5N0luU0VHOLzq1__jyy9JED_wrLXSle_FlTKQ6FMboAkT44cFdZe2-T3D5MKr2rhW2ZmBROxVzF9z4lIZdZE-NH0M8Uu4RA20Yxn0cU7X-kLzkdtyfz8TmBbLAC3_8XKQdABXfSJDBKxzwhB_LUrAI8huVa4bJ149R7QNCs4vfsaHD472zSK79Lkoj-iTs3Ag8QhdsmTTc_64U_Vq5gQFweAWn9dVGP4kazBg0sP_ikJkJrENZoZfmgRAUGtJ0uTfyaV-LZeMO3VKLJw0lvAP0sE2aWRfDhOMzEkBHeoqGd4nhpkmhdBySEC6Mm8_Ca5_X28ISfL3xhvokn4dnySuHe6df5SvFBj24Fzkvsvi8lItKw6T_7x0EX2FiGODAocA3g==&xkcb=SoAk6_M3jA8Nk2zCTB0MbzkdCdPP&camk=ethIe0s0hed5mhSVDYdqwA==&p=7&fvj=0&vjs=3
Software Engineer,Optum,"Noida, Uttar Pradesh",https://in.indeed.com/pagead/clk?mo=r&ad=-6NYlbfkN0BWpgndjYL01xMr26yTqLCDFb3b3BUdaEwmMV3w6lpNxfdb7iEvGm0gmfmM0o9B9H9-vYCdyBADKczUblegg9lxJaF7JK39_vuMyBIMJm4qE8hsDl6bECl7uCkySEzzbBE3UMT4siLhdvx9f1N_JzXhtcQ9GBLvxTZVlkk2U13LjSL-JkvpWmg2IrXCiP1oApl4mDMbnfVfsb6FjLmqsBX63D6ng7Cjv2cypID4jrtMXzzGAtOooQnrX3Xa_PgmaItz625P0igk6lOxvJXydbJfRAix6sgELS-GhWLnDhtQXOqlcHsKx20JlPLaATWNDWNS4EuKLSrPDbDcorOjQaKHu4vt5VMh2aBfUs4XCkv8st7rMrX3OVaqjbZTmtrmFQSIif46SxJfol6ob9AqXJVjYfOZpHGxFOb1nv3BZLF0C3-IqRVOqCcI3Bfc0fjmIuoX-pSmSlpUiYmRextNvpFbh1XkU-acgEvxOYoUEzXkTxiK3YS1hBI_D8VkghtADv0ojvqUD5wLZbD27ZjWsWUxWCuetwcYxFLrIEx0GfCB6LN-s3GPiN8GTQzhM-OzdvdrsSW7aQiuuClu6EyZWCOwoTS1Uog9eT_-ZyYLNHSuhD-yZqWsa71E9dPS6NuyUmvZv9bkP8i7riDM5W_VpgwWXM_iZsNnDRf_T0Si_yeFs5r3HaPCjkMd90jtF2tyk0y_oYvRDeVM_9MpY3f6QN3y0viq6J4ImL6Yf4Av2k9BoaRdsUfE3fRs6DrC9I_FVKVDDSLfGLWFFjdz9JDeKQaZ4ivXTK7MtSjsG5mQRjSp6A==&xkcb=SoDN6_M3jA8Nk2zCTB0DbzkdCdPP&camk=ethIe0s0hed5mhSVDYdqwA==&p=8&fvj=0&vjs=3
Associate Software Engineer II,Optum,"Noida, Uttar Pradesh",https://in.indeed.com/pagead/clk?mo=r&ad=-6NYlbfkN0BWpgndjYL01xMr26yTqLCDFb3b3BUdaEwmMV3w6lpNxfdb7iEvGm0gmfmM0o9B9H9-vYCdyBADKYJ2XcAGaHOr1FF7kmZBCarKynACEG5Vg-TAEwXruiDkq6uzhx4b3dh4aQsZhAfsaiFGiJt17pfS6erItOWVkCy4oSoDGSD0MSAHxKrj0UQuwBUJNg1vSEE1LDeBTu6fdMVrDdR3ex7-PyQFfRhGvWBd4W0V9VH22ZVpNB4Kg7ZRL5x-gOrKfn4vuiKElwnOFoLmlRq0I0kp_ivmBv6qGedhpma5vwiPOCOYQliA5QArCftv5kz4GYIfwpzfg3z6NT-a5eX2JFK57763RMbImmtgRj8u9ZO4O5hwQmerwp5eBA11xpxyD_FimM7NLVMLIeOy02e4EYs6XE0sSqLxUvV6IcCkiPyGA8YSJb4wSnkv5-L2no6WKU-iTJ6NJsKUlzc2YH_yhE7XSpLAVrMYvkCCFETx94BqctWuUwSkXc-wJPFIMTSgr1vBRbqBZyZ2YcCntfks1etOYvQ8PgzHrSLxSybtxGVuXIAVgTv_m7BNPG4VYNbPvhsx1_mkwjoDs2NRvL0RDO0DEGmh6g2K-SVvkzdd5pSSC4S6h6ygdKql9BvKOtjXE03upEkHeaJbMOWErgG-Gdk09HVrb1Nf31YJgp1Xw2mO8DRZOygmqlkfjDnnDofGV7id7WlvH6viNxaptiVGZFVeiOyc7gpoiR7h5n5x57hrefNrKY9kHLOu8IgpCEhFXJp-X4Lf1QzQ6eqEQo2Eeqxdp6T20mZheyy4UeX5-Wsd9A==&xkcb=SoB56_M3jA8Nk2zCTB0CbzkdCdPP&camk=ethIe0s0hed5mhSVDYdqwA==&p=9&fvj=0&vjs=3
Global Product Analyst,Boston Consulting Group,"Gurugram, Haryana",https://in.indeed.com/pagead/clk?mo=r&ad=-6NYlbfkN0Ad1FFWZOsBBwBZDGouyCcICeLSd3pQct3wJ1q5dPO7JNFPcbpYQ1XCAHtAAJhKZCbGEF8HrX7BblVvIY5duXZGcY_uzPGlmBITHwdrSc0eASh3uG69444yAVbrii49DHisojQLkXJI9tC7fLC014TT-L6cEFU-7t9RDwD9ez4ORODnYu93QG9WMMuoUGnEo4odSdPfFRN1gAGNENoyHv4cM0wenYICc-wUYwSd3T72C4FUDyDcSA9zxMUq2mztdfqvgvd32XBvDLclWnvjpAgGHwvlSsYnfjFHnioBCNw-FCBxwc-Xcmg7IlC-cQKzEXsX-CvYWbB5HEfTZpeHdcgXXuihBEbgItUx9Q14i007Z6n1sgr4eQfIUyA-9b1bX7n_6noInXUlw72txJx69lk0NphYkJS-oIya-OAlM-0NfLjqFZL4NuuTm2maJdImxqy8OVCOrFUq5IMQB2VysGmqsAJTZGTgv9W3p9CNyMtt3PsF_b8KzlbLdRZtdV8jW5vjigOtZsiM9AOQyfJiRNDL7KbsDEuQmbxgwp9Pb5Bx0mvov7-hHrlNh-YThTYSPVYGePrtlB7xRCzHn0KODhQXBmeluaPbF4MdkNwASxf4KZBY8FSRwBcPzZVBWMxZGlie_nBEReYLh2t_B5bypXDhKeVfzFHRsR2c9tywfQ8CF6-Amk-QR45FWiRSWXIdofQ1KL3-AVX7-trAzzpS2cMkJTtmLUX5h_ghJOb2Pbe-i90Pnj9UMhcykkdHnFDpNZiFAe08Oj55j4Psj7pS20xnxr9zdk3ALdFZwijLDUXXLewgGPTy2UTL00QtEsGtDKuOE-dhpjxz6GxFUXrZ5snxQ5jV8LKagnpOh8VLMGD6k6l9gKQueZJbc-wKvA7Nd_qafNECrSa7G_ufvIs71WUuFYfU8T2gNTy_wkqNhtWWfEt7WFSHNrG80DFkJKQp1EVcZWB0P8lCblIwqDJSiAh_-9CuXXlfw_2JJgV4b37_CoA_yGOV1tDAOaq-VeW_QVzMbBhwfcZd1xR8RRlNop2bOCJSLyrMY_9s_5Z3mwVr_knePCq_3pxHPsHYrycpa1HxJmPEME2X6ye7fz5lLoDz6m0vlMySZKOgIOobyh-nzBDkSbOtbcqhrOTaNT4Ij1XfRNjugySBcHnZ0PkQRLZKOtQMRhbByXAdw-8iG6akF2DL7NvL6Atr7DhYInLbZHBtn4qN3ILxRg==&xkcb=SoDk6_M3jA8Nk2zCTB0BbzkdCdPP&camk=C3EPSzFlQw_yEGK4nS0jOw==&p=10&fvj=0&vjs=3
Global CyberSecurity Analyst - AI Engineer,Boston Consulting Group,"Gurugram, Haryana",https://in.indeed.com/pagead/clk?mo=r&ad=-6NYlbfkN0Ad1FFWZOsBBwBZDGouyCcICeLSd3pQct3wJ1q5dPO7JNFPcbpYQ1XCAHtAAJhKZCZBPjE53BSqM9fo7eNVBPP-wSKfIXTW168fNpMij3V1BUCKhIbQtWfj7QlPzZJXMZ3Lc5l2ypgMYbxVO6vRQ3ibviD4ELuu5gx0cenWJrUsle2OINAih7FJH9jmddVsjwMlSqfcD9IRdawefJSZKA9gsRG_U4r0n80mJn_n_x7LIg7AM1N9uQpnvjRp002OdLk15QNVs4GGi4LkmYlM7O2iku4HjwC5qJ0XtMeG0LvKQCIOobIwN0LY-wRmJrZ4Ljh77mXj7cKiG6t4JUnWfmTH89ja4qLNfJj7zSuFdA9IrvtCxUhz0yvITu2rnUCb7HLq-CINnFTSMo-jxqoyiIY8lH6w-Pob5ZKouKStSkLLomI1n0Fbr71OD1YZi6iRLLCX6K__JeOBGViLC0bsVBnb_FaYJhlD1l_VTzqM2YCDR002gwqrWqX0dyirf5cHiRc2O5nKKVj_NyWP0bvSd-T6tAAUSpJ36xSof61yTUgaRgct7WGQSjC9sGsQ3Zd9_xTtdVFycWKw8RQuFIZUBfSKcnYU1B5BCSts5dxS9SwespBTrbrJxlYP5huxaQAbKpDTyEjADkVzjgKKTqvox-yVZ043zkLTOXLDYI2j0doZsaAdD8cve_SQnCInicWQF3ulayC-QVVqDNtAFafh5MeUKoGz122kDFQjsP9PTfn6DtYJBm_UqNkEEQOybjIhUwAY4U4az0FCyJoR0IeprhiO_PuzzoZdJq7T_bPhELufzYhgLzjSEdh4zxydbyUtUIrdFzMae8OVxsR4X2PTLxPS0wwiuouQlL-r2QcQqt-lJzvaHbEdXoRce4kvFnL0dk8PVZhmda8T0KNjxr6-kYdVPrSfyob88RYGQ2UfyCrush_hFgjOMu0JM9SqdxJoXI-LMnD0YjIs44ymEGjqEFpTfVnilqseadm47YCVXWTipCtzTIpt9dM3IszgjNT_9cD_tU9erIMeNpJQxJyo5SGZBkJkYT5zJ1SKQkTZPqYl7tx8tILe7vUbWG3Ux9IdIk0v72YDkz4rFtZMYpzi6vQGOQwfLH10Xdpckj8ZhR7W8d4PDbtnm-DMHg-ak28j9dNeoWwLD1br0YAdlBq89CLCO8znHSPyChczA2uI94_eWKL_NZuI1799VzRALp012dF8Wi4Bbbl6Qtx1CC1s0a7o52UPb59dFDAKDs-UtycODA==&xkcb=SoBQ6_M3jA8Nk2zCTB0AbzkdCdPP&camk=C3EPSzFlQw_yEGK4nS0jOw==&p=11&fvj=0&vjs=3
Global CyberSecurity Analyst - AI Engineer,Boston Consulting Group,"Gurugram, Haryana",https://in.indeed.com/viewjob?jk=890abcdef0123456
SOC Analyst - L2,Zelis,Hybrid work in Telangana,https://in.indeed.com/pagead/clk?mo=r&ad=-6NYlbfkN0CMjQd6K-mJQmnXP0NIaacqgU_ZnGMdJ3ZujbgiYs9cqb3DtnC5QIo5ZlnIk30BCeEcatUTrWuZ3DBofdLQ7um8Eb-jTcLoXlxJB5P_datn3l2getC1Fuh7-ZK463ncJvEjL80OuHWbHtbTEv7bSeS87-BbMHTiesuy1DFcDMffeR562VxphxRZ6DscUhv_An6CjT363PdyWVHGXhF931jRF9Dxj_qnNt3b5DwerpPxVfmYlO1aWaCwsSrlGOHqqQI47AOWvQoQaNH3qVMFyRC1MAwjAN8CxUQz6N8YT2ihmObqffDiq4XvsjpqAlJvjFc75VrZYkUd4Yzt1gXWruyX6JTX4Ymr8s2jj_r3g9TdO6FlxGRv4a7se8j0A2pXao4a87koB-WpTW_VWlu_QC3YJbJ79Ov_X7UNrH-E30NIvIX4oaeIuyFKPby7da8xF754Z10q1JQjvZuA9nDF0qiwxgy7Faew9tW0K0yCfGbfNmUQagersssnHmElkXNpebsB9ti7MFCzdvIvJgji8wnSPQoQApv-VqMXZzghMWbWdB_xNq0OW1R2hj0o3RsvGYz3qUpK6majQaTgScLKCOU6IOsdcVEieE5Q_va2M3161w==&xkcb=SoDe6_M3jA8Nk2zCTB0HbzkdCdPP&camk=ethIe0s0hedhjE26FdisKA==&p=12&fvj=0&vjs=3
BI&A Senior Analyst,Boston Consulting Group,"Gurugram, Haryana",https://in.indeed.com/pagead/clk?mo=r&ad=-6NYlbfkN0Ad1FFWZOsBBwBZDGouyCcICeLSd3pQct3wJ1q5dPO7JNFPcbpYQ1XC5RAnUtXyeXHPZZnUp0B0K2xnLnSUaExmQMel5lSxKdHd52TBQ5KQWvSf0YGTT1sFKccS0jcbObPcXtQk_uv1_waa9Ahep1jzaWpj7tDSyiiI04jTKxCBd06uYOCKssjykGdkuD7S2ktXcgxc-VhKAqDsAAd_sqcCi1H6zhj6fL4BkWWMogfvaDga-K25_77s62O2EAmFLmOtLFicGTtqUMiszjHc46OBeQ6mFSeg2Ps4cQkrewMBZsucGomFflDQ8uVYnsvZ8Sg8y3HrwjiI6cmv2Rrf-UMwBI1dAO_b90OCEJ9uP2hvsW9PDsEf_fnezWWqGkiL0ZkRCGYLFOeOT2UAUaBwQcCB4Smh-TVFvUmhIXfRhgaHNcC2o-UTUMQnssRP8go8t1WQJ9FS9s9AhRtTz9DFxBJP_jzDHHiCKXg69z2J9Y9Mj7UADZXjVJf8LoNaQaKElfN8TgUCmBN5MkJNurML8KihQYCt9uCdhbvnXgQDn1a8Pt2LbAb2gnyVYf8ao-VnUqANgt0cAgldT87Rq8mBAW0lGYpIBHJSCFRAgwBzFfZczf9NOGtAKNaQYvCOElRMhY8i8M1GaqjQZsyKkUFd8VMq3J0qehn-pg-RRQj8z0D8-gD-Ker1ND-hI3BXDOS7RxWQlq3Pikq7swt_E0DgXlCuY4vB6ZS5kFmnaT2RDusMsEo04dxgFoIguwcDC6jpExgM9LcjdlCGtBQEBh4j63XzMFqAT3wN5MgxMIE08_75He_LIWY3W7ntFkLHLzgogVuKIMFsL6yabbYuEI6gPQnsd57lzyb4FVDZVaaQdB_1996ESP9m-Wpe5wUx5dOOpGoLUiTMuNJHMh0fvvsPexn7T17M16AR-b3O_Nzwe_jeXlHkIO5xV891IpqUodZNoWM-tnkjwYjNbtJa_q9BgYbBec-Y7uceYplSWzEClBKGE-53tuC_f9hcfH62j5k1dgp0O9uV8Vabgzh8JrY4PHQg7OQg9PSHtyCfut_ABipQsyW3ehPAl7NDUQfgGrPP0dOJoDd-M-LlpQ9Rih9qFqUHyV8bhpwQRtkEaSMsAvXxfW2cD8QCDJt7R1dBzQpk4dnRTlAJFfH9Jb0Enmh9FQM4CNlDEX-t5fug0JbS_Andgbwt0wBnNHS-i_qOoTfd0yfeyjxac2t4E-MYb2e8xiOrsGtqwvf--qk7WHm1b14nRr4919aV-Q5ofHTegjYdPDsfUA7EfyfPPUSxTs24RkM4gu0hogkqSu0DIhwODS9Rk3y10YXNu1tegARUOwZxXbKPYAYycNYJmItiXAZ8D7M0k2on4xCAu_CDhIre7CVLi6RcdsHhAsf5&xkcb=SoBq6_M3jA8Nk2zCTB0GbzkdCdPP&camk=C3EPSzFlQw8VN_uriDqgwg==&p=13&fvj=0&vjs=3
"Lead Analyst, Material Master Data",Kenvue,"Hybrid work in Bengaluru, Karnataka",https://in.indeed.com/pagead/clk?mo=r&ad=-6NYlbfkN0AnH6HNl3qg0QQoMtxRKZBdeOxG4LsryWJUV6u4ORaRKqUckZGVeOJzLn0Eg6o8XYI0hVg-_8Oxkebmg4zr35Q_3moeIHXDUsdNDqlLiJuLT1EMfU8Sfu7uYB4xB5QME8EH4e2iemTqkHqwqM288rRNvlBYtYh1xqo4dKSJbJAfejwdC8WTkBFTHi4Tn4LIVgTqVNiTl2oz5juLQPBIw5fKlT9L9FoIAf81GsvRRb8dgRgH-G9mlZqjfusETnK8_cn1pqK6gIocYxVLj8UqrIjW-hV5dJjk4OqyQnSm6UwXTd0r1mY6a9BGt_U7p-bsgOg1sp0BusNCjrgiBpfodXqC8Rk94xh-hQAc_MLLpAx9AD6NRXu2MbMSM5MvCzEsRxWYqCqyfekP0o0u7L7Ro3pZd2puZe1ezJQ-6V_Sw8tg1HowCGv1CNkkcKKKpK_aESR6vcmA9W3ujx5_D5oOXsl-DliUNNLCg93ChzZPLdQdL70Fz5Obu8bTh4BTJZGFEj1tQ40eFnB6m-C4iaG2tYeR9BPZuc-JiFp27JKu58jebqnGAYKpl0ArP4gR7DKayOjRF9bHolOpl6bDLmjZ2Qv293UMKR1IsVPgNj60qToT5xI-T-Hbl9hGJdQvyKvkWNs01JlHlsKJqak7MH3L1Q5Uf_KuyDBf9difL4f2V0De2lm2hpHuXsp8GWbgTYVzaz7MsSsscikSuRPse0ElS3Qc334h7iBPDLIGMhAeo6lKL788i-BClXNxcI9etXflBlbK8ahA05TmWCM3_X9EDL1OrrWE4w0pOGZn4a7tSs7l6cI0nOd599BiM-fNIJ2AQ72yrjb7aM2-bHWJLdi6eTR6a8GbCJsGfqk=&xkcb=SoD36_M3jA8Nk2zCTB0FbzkdCdPP&camk=C3EPSzFlQw-Qts97afg0Vw==&p=14&fvj=0&vjs=3
Tcs is hiring for Python Developer,Tata Consultancy Services,"Bengaluru, Karnataka",https://in.indeed.com/rc/clk?jk=da34f2ece5b8e868&bb=voLhjhX8i-cbN2hWffYkQ2CnS73yjDg7IeFO2LwhGGYY5-lmv_n7UVnIs1O0UHoJdj_GtlehtWGfnpyXzsoPXI6Cb6QMoeoAdFS6ebfbIvXFMT472p5QoDXps9yvo7vigiluCdNoPJyZJRepL-cHCg%3D%3D&xkcb=SoB667M3jA8Kn4TCT50LbzkdCdPP&fccid=d9b9208177142548&vjs=3
"AI or ML Engineer - Python, Scikit Learn, TensorFlow or PyTorch",Optum,"Hyderabad, Telangana",https://in.indeed.com/pagead/clk?mo=r&ad=-6NYlbfkN0BWpgndjYL01xMr26yTqLCDFb3b3BUdaEwmMV3w6lpNxfdb7iEvGm0gmfmM0o9B9H9B0ZyZORxvlUf3qmUdLH_3uy5rhqnVMCVxyvqp94Vq_o7O5wvI9BtHL8DJyJTMBJUUZvMIYGRf3qXJwoVWMI3DnEsDejxkRgctQwR1IyzD-zDF-dvtA8aSoLqEJ8-tCQGO1pcTBpzwiE0PFKH4ENGBsDjW1II4CFrVzkhvKR4HRMbbuA-eSRiUei2zmKpdVfKt4o7JeynvB6rOr7XBYf2RKcw7YHVe0fgvDEh4fSpqg2cqCGF5zmJNjQT_GcyqS6BQdKIYTPIod1UrlYB7nyjpW8wG1UYWhgW5DwmeVjL62aS979QQ5zp0rwHo1r7mdfwLZRqKVGlaqmqoOaSR8XhNLhAyUb5V16FV6QF7Os3IQTK-Dj-UbxyH5qeUkOx355reNfOg6TSDc8fSLvAeAX9lmGkWmlk_qmChmKZsEyuaZsF2tnzL_YKiR0amUELBHTwb1dRWY9AqaqsLBIVbxpgXJ7SD4dGt6ciHuYruRKkgP_PT_IhrC97zxCxiqqGWYzrqayfENwvl-e8Ox2aDb4EsP3HvBqzBo8S8yJW7S6dDKywEFkUvO_qng2QS4P_RbcXMjqPicUycigJNGQtVhlPAssbwfMaOFVggbccaJHuPDXk4uh1jZ51gDczGf1o3u6_4IvMxi6oC79QpA4DO2bI5D2b1eacGirvhcEP-Y3SnSFxnCC8VhtE4e2xLq-a_CKdqWkGYzf6fl-t2JPmJED253bmxQvJI1f9s9Q-mTJPS0Q==&xkcb=SoA66_M3jA8Kn4TCT50KbzkdCdPP&camk=ethIe0s0hed5mhSVDYdqwA==&p=1&fvj=0&vjs=3
"Staff Engineer, Python",Nagarro,Remote,https://in.indeed.com/rc/clk?jk=0d7158e0d3a7b2e9&bb=voLhjhX8i-cbN2hWffYkQ3kGf2GEEqilKJ4lApPKjyEwJI4QqZo2gJitaSUVD2zoaSG-jfvFYDLmFvxAz5u8Zbgx6kpYsYgiwjUZo5QCwRUj4oukwRA3ZrlZKp1j7Th9ZeMKblAkJUHi8zTIqiV8vg%3D%3D&xkcb=SoBT67M3jA8Kn4TCT50JbzkdCdPP&fccid=be57e01618911e92&vjs=3
"Associate Staff Engineer, Python",Nagarro,Remote,https://in.indeed.com/rc/clk?jk=0b288a5b61ab4f28&bb=voLhjhX8i-cbN2hWffYkQ0EU2WO0-P_obBvSHaOGxejIyq9Yzj3HqiDE9nKkfzCa9cziCYLYtE4je-DymLhVb6b0HV3DLIMxXOqa1hr5v9hjPGG2TUO-synuLE6k3tH2K1MVfRsWSMuFwp5yerG66w%3D%3D&xkcb=SoDn67M3jA8Kn4TCT50IbzkdCdPP&fccid=be57e01618911e92&vjs=3
Data Engineer (Python),Gigmo Solutions,"Gurugram, Haryana",https://in.indeed.com/rc/clk?jk=80c89f41b5c8540e&bb=voLhjhX8i-cbN2hWffYkQy7L5lhPhzOF9dm-dpnT8wrPQTdJxtPdG9ulhKxjAT7lVrJqgzU2t4duAr0bgFL4R4jQnOG2PVfc0EWgicBtADaJD3rGAbse9nBxrERrpYsP1TrcJK-ozdDWlxL02sIfkA%3D%3D&xkcb=SoBp67M3jA8Kn4TCT50PbzkdCdPP&fccid=de9d0d2b81b48ed5&vjs=3
Software Engineer - Python,Tipstat Infotech,"Bengaluru, Karnataka",https://in.indeed.com/rc/clk?jk=6b68eaa66cf4f8dd&bb=voLhjhX8i-cbN2hWffYkQ-k1Ke69ByR_eAijILtFiKM06mki9Ez7lAX29OtsicLabWp9ba1tPhy_n7Ax5-c7PJa_Rc_uSus6beiFMNZgTILYFNVXHa6ulUABxoCDDLx7Cw-7eoVpSIp4qZlOzfuWbQ%3D%3D&xkcb=SoDd67M3jA8Kn4TCT50ObzkdCdPP&fccid=12e141a0634c5b5e&vjs=3
Software Engineer - X Delivery,Boston Consulting Group,"Gurugram, Haryana",https://in.indeed.com/pagead/clk?mo=r&ad=-6NYlbfkN0Ad1FFWZOsBBwBZDGouyCcICeLSd3pQct3wJ1q5dPO7JNFPcbpYQ1XCYdTOV-ko2T6JId-iaiBwuBp5n8BoRo-1UAqp7bn_lrfNJ3FM8nKvwdJ1cA7pNg7zZpHDaosBDjo4Td-QyKPNSlTaNLF_HsnCGeygoGunEjKg4y2i0Jf_mJnt2DwDkTYinGv1tqD5rTkK8AnQ_g191IWFhQO16OqvlCZm9mjzS8ZpjOkFxtqCdvcSphxMAJM7M8LYHUDzsc_brccHaABPTXmoEgcpRH42jrAJqqT00ym--zN3QUX5mW3WTODUAKX1nD5Nl1ogZYAZ2oYXIVw0oe0-FDR1T23qoMmAeLeww7F3sfyf1MFjik8ONf6a306yY1B-D-nUSo8KRhHY6XOAGXPRNDT_2VkDzU2GPpXRTzXCvacztSqwQEalOhNU6hQQ0TLLwyvZTisj125KDvww0TmjvKikEWizk1vCqGNrWGYk94b74MU1tm2axp6rg7NKpJBRzRl4XnaLZrJXGAObFgLkiCsQlo2nmZuq3bC57fdDuVcbILkuJmipEA49ZMBAEJUrce1TsJhJ3lIH7tmlRLpwR9UPokfS-Lq8wBVTe3qES531Dlgl9UN304_aPJQjCMYO7-i0vduj4vXk12p8uWe8gh8aLLuhiGeumC-SRBRiouf2sxiLJNWM7lKUrzxeUTE8EMzbeiWfRO-uXgfJwjYcpFakxxf3LMhK_ntZcIsPvPSi_GhWdYe72tgLzoEMuxXq76N_l27W8Sr2NDU3HFY8yJPW60rCfEpmR0VTll2lhD50DlND3xiGiTDutrpDhv73wF4ii9yeArG1Sc7I2p52HhWTqEHga53V9m3Bdr91rmCACqrf2ZVNSd-6iwpakMzCGs8D4xex8F3mIm5nFzy0jhgNnvj4CXRh5J35hAM4F7QxNyoyikGzUoczpSi32PTl-CstMKO_cz5AxWSP9Kas_WSfTPNFqY6KQGIjWErXgkMfzoG5-W84gcpw5mPyROocJO0eTNDmfoCMS7pR_YZCCHru6_RPqwLJm_MB3-CS78TYvi9glV5R2ekShbDAoYTn6ty2KfIr9FahIY4zvD4fMxX4-E5ucHu4V90sQg0YclvOp0wRWKJCSbcBt6wadXYGK5UR9093FRTWgG5kkO2hFyY5shy_Gx3Pik2wd8-BYFQUaARHnWeC_mFkNnbjvtPQWLE87LR8vLATnFNHbIvD5ZNbLiFqI3bh9Q6Ng-12hh8q-PHObC53R4z0JXPDz5x1Um-TFQ8IriLjv9zIvEQdvl8I0fKQiA_IZ-N9AfaOK3OrhWlAWaz1lGKLQ56zc3JufxnjU4jU88vdMaRbCDEcYFVUvG83UaLQdaxd3IiiOnki9ZN_j9_M4MvyngiMuROY-7XXamnjZe2x8-rAIuK8l74D6bZSK4jUWWhHyms=&xkcb=SoC06_M3jA8Kn4TCT50NbzkdCdPP&camk=C3EPSzFlQw-Kxz8aVjN35w==&p=6&fvj=0&vjs=3
Software Engineer - X Delivery,Boston Consulting Group,"Gurugram, Haryana",https://in.indeed.com/viewjob?jk=123456789abcdef0
Software Engineer - X Delivery,Boston Consulting Group,"Bengaluru, Karnataka",https://in.indeed.com/pagead/clk?mo=r&ad=-6NYlbfkN0Ad1FFWZOsBBwBZDGouyCcICeLSd3pQct3wJ1q5dPO7JNFPcbpYQ1XCYdTOV-ko2T6JId-iaiBwuBRAevE6wj0VBajZ3tMqFLxkFeSen_WbkRvDsquxlYewcRDP_pnL9ER047DFZr7n3HS4zi4xPwsKuOKObHEs5GvxARpBC8ZC7SJs6yJla48zo9tTnDrRovQzcjtPNGXrPOeHB3Y95OtZXvCeLpkGvmAoXZFfMUkt_Og7ZaYUEFeEn2KAUnrQ-qeZzg0p9h691o8xQzuOMuidKLWgigfLS8yn9qH8Uxt1kFrBuCdaGCRH04ZQjRmx8RuxowIAgupmMzLdntxgfE81GKY371OAAYyjdia9csZyClyBNNvxIvsGF4ctybskKJmReUAkaNjhEDaWMCNyoopaX_KcqvJ7zKek04COLUjKlicOk_brXyidHcG08oPKoZFPxBFV7HZMxO_iqC1zF8rVx2jvgIodimgsTJf49YxuGTs3oLcVYQnl4tAuifd1TleIo5ynezBpoHjYuq-XbXMPF0ZTruR_9oJtUGPCaO7q0N7tPNzlsILOPcGNFXIBKKqbMZolWDOE_Zr44osNasR4YQoEjm63I8TmcrVDGqYRfVjRu8V9roVO0KEa7NubkQMfZM3GW7GDonrhTNHV1I058Bc-rSFWb59oOe5uY-Cgsl17VIViEH0EURYaotyTpe34jOpF_repvATYHxQNIhh2d2eNGB5xeZnKtuunUxelHOre3CSpRZLIOPoMNWaoCPiHUXK3MC4wZD5OiAabQN2Fk_j9Gj9Zmrf_LLB00tVXBT_xKHxarb-UK7pk6bTJK-IKGWw9ekB-z1glgbOnmzWN7mAnhcdCpg-v1qDWdAUvoBSDT5sC567wCDg4FtzsNCMqHh9qSewN-Bxk9Xjkt4ZJrZZWmHQdDZQAAiEdWhCRmaRiBf6KXnDJFQ5QYWEO4LzjqloqCXvjzREMfA39eh0dSh_Bv0Nnyn1av0iHQQQvFNvNeU2BLypHXZ5rxM9SlH7TkOjF-G6TfOuATTnKfzXFTrNnTN0aXnzghOgkVMzMyvtZAJznQp5Cun9CAnEU1_fiuqyad76qiv5wGWfVZua2iRef1tt3LSafb8urb8_w7mJYnqnjUIpSLJnJszuRGmAGXIT-X5SnOtzzsFrzj4vorfdlZLQKj8AqN6Xfxigx9yeXj2pDbx_eQ2cd1xMCmb9QvuXb_Ovj6ylUILNyouK7jnPzXjMotHtjgBkxzgviNwqmUzd-Uimo6bDhSS4lDNhzAqdhf6Jug9EdgK_bfwKQpffjZkyfssWWR-k8ddH3_YjsgruOQKhgCzmqjgTlVHe9vER7D6Kc3bMWQwLKBGLMmiLSvyv7v5zN_00m0yLQgdgtUNMcZnmVMqPxaz4qdE8Kq-SmIbo8Cw==&xkcb=SoAA6_M3jA8Kn4TCT50MbzkdCdPP&camk=C3EPSzFlQw-Kxz8aVjN35w==&p=7&fvj=0&vjs=3
INTEGRATIONS DEVELOPER AI Tools & Automation,Partha Dental,"Hyderabad, Telangana",https://in.indeed.com/pagead/clk?mo=r&ad=-6NYlbfkN0BpLSzi1_lOZwLuxiilf-1ZClQimgJCnJFbDKMDJbewGe8EpA8Np48BDLq0Gbwwc5MdWChjxM2MuC72s0U_qISiglCgzdROA-TVyPHAUmVHnyiEV-X8JEkJOycaigU5mrS69X15j9KD4qQWPPI_Mko8o390ufx5tjNJam1CaLjedHVB1PYhDzOhDjgDTMdWuUSlXqwUKL8vifBE7qNa9k_Agm4k1g9WGx2PSAP8p3TVP9sZPilbniBn0N_UJiwBCejBUX7-eS6OvyCs8eQdFqXcnk4MrpvmLt9HXk-hufREkBc7MPiqZBpiVdv1k--pDC0DE19mGych8DzfoUtbGwgaJdjIdrlQkHawyXtnwKMM4Qj9CaSf583z-bjkS92EoFu3UJxAOL5rUQaC6nbw5w1SBQ_1l6rRaJ7_8qj3YLDR6G1yUHYs5oOIgNz1rDG5A2CTOoXXBdxI8IvDoZjVj3mp5679_Of7jI3c5MXlEJ9RWwV_AIFXZIeHkG37qp992kD43G_OQ-bOvjCHPuBFNkhurkJAYGDzoRXDJlpe9PgQt_pkgfN5XhvzfY5c4K4BaPXoLOz2WPT6BJC0Sxj1mF20TOCTXj34mz11cQGdJtn2sc32DyWeDscNP2atPojUTGfZX61wRg_RbZmN1Pt3DJzTvAMsmz_4iBf0k2qy8DEQGMvzPwY3d587ON2XQi3GDT3LCmMcHA2MM4OI-BC4--yl&xkcb=SoDp6_M3jA8Kn4TCT50DbzkdCdPP&camk=UoKtGZLa3XJf16I9dvtw0A==&p=8&fvj=0&vjs=3
Enterprise Data & Analytics Engineering,Kenvue,"Bengaluru, Karnataka",https://in.indeed.com/pagead/clk?mo=r&ad=-6NYlbfkN0AnH6HNl3qg0QQoMtxRKZBdeOxG4LsryWJUV6u4ORaRKqUckZGVeOJzLn0Eg6o8XYI--C9_KIBnKupVlnYbJvr9DORniAomRrHN6TyTeDIr7HstiRZnhcmDeLZBG2WwdsTO5vtxGI-FxCxqfsMW7gSrB68AOIiWYFNngpWGM7h0wFnrpBj_9usYZ9M2Nw-PRJCVvucr_O7dv9ucel9DHPxx3G_rdLRi4xE98Udx-nVQw_HxH4fzMpNPO19urPPtqEmr4Pf_F-Mwg4nrSTy3-0GMo53ysddy6IOEYHnNW2--6AmjcUA0U_XC7GaqqVYWcCABA2mwWv0hvikdj5BpsIUnnc0beIv7duN5-OTE0tWI3qJwwyq53Vm6ctlSbce6lCHoUwTqii0FUqciR-96GxsuPi_WiBlKqqFDWhf36P5CT1ev6MwmR5CvK7XQp8HYx6u9RNqRwTTJMPCbJodtFQJakvQW1BoAqYWJJdmS_ff4XQpRa34OM3KGE1dc5weCCVvVh_8l3_d130-0xA093WHhpcpPK7r5IphLfgdpK6MbEqu4hUFsANuC6EcBisQK8fDbRs4RVKBBcYhssr2thK1k86ScaRIHKx7Gm_dI5w62sbmrulW1oCyFaVd7dXH1lSPCdxCZl482I1ro8_Q4T3K3mxcpfGUFKjzV6ppKvxI2NLfEt9m18y806-oPmfF5o8MyVYbVYLp_ZvBFr0AJJZ2Jy4Dq37yqgBPbd4BVd4rFOqIXZHIyjnx0MYIVGGVQLi10SdeKntoPGMabZMnDEyzaLkIZwVl8Zgn5i1fb8LfkPgYn6QTVvYaCwrAYhAVViMV0hjq-KMZeKJABRYKbzT2kMWk_CHlY9M0gEMqMZsKrjXeiNigWVK97&xkcb=SoBd6_M3jA8Kn4TCT50CbzkdCdPP&camk=C3EPSzFlQw-Qts97afg0Vw==&p=9&fvj=0&vjs=3
Python Data Engineer,ShyftLabs,"Hybrid work in Noida, Uttar Pradesh",https://in.indeed.com/rc/clk?jk=b1c680b741079237&bb=voLhjhX8i-cbN2hWffYkQz2XpujgV9zl_rzBhab4LtrJ0YT5RNQNHwk4kf25vVEc41FVcnTOLa2EfhyrWAaMDhpg5OLKUTQTk6bm20GH5pzkzOjEYNS2HNDndbwMTvAqRGId1K1fNJS4dtxPaYeNYA%3D%3D&xkcb=SoA067M3jA8Kn4TCT50BbzkdCdPP&fccid=2d1ea5cfea74cda1&vjs=3
Python Developer,Hashstudioz Technologies Pvt. Ltd.,"Unknown, Uttar Pradesh",https://in.indeed.com/rc/clk?jk=3d3c0cae120a515f&bb=voLhjhX8i-cbN2hWffYkQwzJkqhu06VUdAzzw9vLz8TFU-IB3QSy5XQ1LN9Oq_lCjU9yXmVscjPY6NnkvSUAaGCLUnD9x_n604QaA32V3TtvH7nfibkxLgN5OKyUznGVPQ1am2RC_XiDZxp5x_tfeQ%3D%3D&xkcb=SoCA67M3jA8Kn4TCT50AbzkdCdPP&fccid=c90b199ca4defef0&vjs=3
Python FS Developer,Knack Consulting Services Pvt Ltd,"Hyderabad, Telangana",https://in.indeed.com/rc/clk?jk=0797908393dbc367&bb=voLhjhX8i-cbN2hWffYkQ0ptVMAs-KEj3qh97u3G1LFENOo97MhuGJtyCp-SFKab3ppYRvGJQswlUozTl1FcsHJ8700WAfO1S7qfwabVVK0zWOEIfIsg_cca0utEAyZI-Wv_vuGYz2HgFNPmAKW-ew%3D%3D&xkcb=SoAO67M3jA8Kn4TCT50HbzkdCdPP&fccid=50b48ba13893b39b&vjs=3
Python Developer,LOGICHIVE SOLUTIONS,"Puttur, Karnataka",https://in.indeed.com/rc/clk?jk=465ea93252c4f04e&bb=voLhjhX8i-cbN2hWffYkQ1Pvh6o-2HK-bHL-VuFLKVtyvQUFaGVgxc9vOrXe2Pi12TWPuC85519kVkYkhhou8RzvjMhI4M-pscftyRCK4iPAO55HtwsvbTObJNZlz6psBqtNEuvRioZwGFiJeACCLA%3D%3D&xkcb=SoC667M3jA8Kn4TCT50GbzkdCdPP&fccid=af45d38d89fc15b6&vjs=3
Python Developer (AI/ML),Inheritx,"Ahmedabad, Gujarat",https://in.indeed.com/rc/clk?jk=c51453baf93e9bfc&bb=voLhjhX8i-cbN2hWffYkQ0-5h9gHGlEJb2UaEccF6476wBa0pDcvEiC5J3OqgvTMHscM2w_DzHZXvTs_1XBSDDNb3u-mJjwN2zs90Cedr3YjH00muA087_epqFkAvpRRo2C3LvmCmSgn1yCdrSvQcQ%3D%3D&xkcb=SoAn67M3jA8Kn4TCT50FbzkdCdPP&fccid=3a8169249cb1eea6&vjs=3
Python FS Developer,Knack Consulting Services Pvt Ltd,"Hyderabad, Telangana",https://in.indeed.com/rc/clk?jk=0797908393dbc367&bb=T9GCXEjXAJw0p9hyn7bHE9qiKAcbuvm-Mpj-UcAYmuKG7blPypjnE9UX9_JE1QvRMsHLIMsK_4pVS-KOOIwM3mga-90bDjH-zGoAHWMwzzCvkbqx1pffTV7G5fauutaIL59jhfWAFUIeY7eMJ5hjtQ%3D%3D&xkcb=SoCb67M3jA8IIbTF0B0LbzkdCdPP&fccid=50b48ba13893b39b&vjs=3
Python Developer,LOGICHIVE SOLUTIONS,"Puttur, Karnataka",https://in.indeed.com/rc/clk?jk=465ea93252c4f04e&bb=T9GCXEjXAJw0p9hyn7bHEzXtm0-qpY3rIHBO72pke34rcBv_1_WFck-fNuLLlNSlQokwuTF_ChOCeGthKuJDiEXvjlTzMA_TrIin5GXMxqczS0EuBVrUhJ0RONxnd882I5_880ZKM1-b-K3TNG0haQ%3D%3D&xkcb=SoAv67M3jA8IIbTF0B0KbzkdCdPP&fccid=af45d38d89fc15b6&vjs=3
Data Engineer - Python,Go Digital Technology Consulting,"Remote in Kalyani Nagar, Pune, Maharashtra",https://in.indeed.com/rc/clk?jk=0aa53ce13e135235&bb=T9GCXEjXAJw0p9hyn7bHE0I15-gyL5gVdahez01_aCkoBo8szlsGYGniM03gPG86q8iRNNELU1DcZou68_nt6b59BFZpsggcjgVDfN1GSNxkrxVz05gOg--X_iTk02CiR88P16JLXTkrdLBb9YXNtg%3D%3D&xkcb=SoCy67M3jA8IIbTF0B0JbzkdCdPP&fccid=f13498f5613da174&vjs=3
Python Developer,7N,"Bengaluru, Karnataka",https://in.indeed.com/rc/clk?jk=5254b9f4d2f566b0&bb=T9GCXEjXAJw0p9hyn7bHE2S8so6E_GkRzPEDV-8oO583I8mjpTUJV5yr8wD-iSXtPE2yPkrEUBrzjrZsMRFpY2HRVWp5OnhCuhWtbRdFIFQKy0Stx4vqSOKWPE6BOVy_rBIlMKEE6FNoYOjZOkyOhg%3D%3D&xkcb=SoAG67M3jA8IIbTF0B0IbzkdCdPP&fccid=050cf6e1fc6835a8&vjs=3
Python Developer,Appsmediaz Technologies,"Ghaziabad, Uttar Pradesh",https://in.indeed.com/rc/clk?jk=08ff4bfa08791099&bb=T9GCXEjXAJw0p9hyn7bHEwowx1sAq10-ZyyXsiRbP_p10ZzilIZoawZVdD74PeYfHpvgOemWj-rXS9djw2pEaLL1Rw3sWWTXU6qjymPW1xnI86Fy_KK4r_GsltNMf9DnymYuuU_uZDNLcXKKki_O9g%3D%3D&xkcb=SoCI67M3jA8IIbTF0B0PbzkdCdPP&fccid=079117faf22f05e7&vjs=3
Python / AI Developer,Arting Digital Private Limited,"Bengaluru, Karnataka",https://in.indeed.com/rc/clk?jk=34adcb0f7fa143ec&bb=T9GCXEjXAJw0p9hyn7bHE8HeFIeKCFOL_P-pfEWyiSI13hxTdPFnikhd-pDWPr-AkieGh8Uge0esiw3UOOingWpKT9trvHD_YVKzu1lU9Q2BMXwOM4VuVD_cFYcu8oo93k2eaEyRjnyefVtwyrfU7g%3D%3D&xkcb=SoA867M3jA8IIbTF0B0ObzkdCdPP&fccid=ff83a77d49f4c310&vjs=3
Python Developer,iTDAY India,"Bengaluru, Karnataka",https://in.indeed.com/rc/clk?jk=3da0faff473554f7&bb=T9GCXEjXAJw0p9hyn7bHE8oxhRJfyzQ_FHk603cZfumFh5PrLwehAFsUC4KfnFdivMYlupvhNhEGtpYvKFpxo5pWC_Zp8tHx4avFwH8ckjXdCjsRFrgTuU2auohJIywOqK0pk4vjnqAZoNuHlyuikw%3D%3D&xkcb=SoCh67M3jA8IIbTF0B0NbzkdCdPP&fccid=13c2a34d9521c703&vjs=3
Jr Python Developer,Veracity Software,Remote in India,https://in.indeed.com/rc/clk?jk=dcf953fc71897f30&bb=T9GCXEjXAJw0p9hyn7bHE7FG1K9N2T3eyhHzvdMsic6I1JKYFTQLyVG9Jwna_aNT0z3WH-1wTyPhqOlAGqIocDm1-KLB08xJe7ktsaIIFIHBVcWIaW1tdjf2Zt97P6-QyV8DHhJ8Dj5OkWa2tsyIFw%3D%3D&xkcb=SoAV67M3jA8IIbTF0B0MbzkdCdPP&fccid=aca244d0c7282091&vjs=3
Software Engineer (DATA Modelling/Python),Saviynt,"Hybrid work in Bengaluru, Karnataka",https://in.indeed.com/rc/clk?jk=672a322e5ac56c8b&bb=T9GCXEjXAJw0p9hyn7bHExKHVtkV-w7Dh_PahsF1Q_ZERhj2206LftOB11vn5FJMV-c67BwEGIoDFn9p9pxJ33GXPLaROgr4hsVdF0YzyFuHp6C93An-RfQbMKoldGf187_XVCBph70Tt0zbL9y39w%3D%3D&xkcb=SoD867M3jA8IIbTF0B0DbzkdCdPP&fccid=e0399044b6094477&vjs=3
Python Developer,Doxper,"Gurugram, Haryana",https://in.indeed.com/rc/clk?jk=22ed954051cdcc5b&bb=T9GCXEjXAJw0p9hyn7bHE_MLcP33tXN9dFkW5VunWxeS9psYdA9T3I9Qmg4s8VPgnlypcJdYCPtb5NxPZoCTROBkhTd3KBjL7rtQo2xtb5Z36G8zFUhKS3tpdyvX2V9SagBkU821uneIoFpm3Kp0ug%3D%3D&xkcb=SoBI67M3jA8IIbTF0B0CbzkdCdPP&fccid=855584bfe2e074b8&vjs=3
Software Engineer (Python / Odoo Developer),Ebsl Automat,"Bengaluru, Karnataka",https://in.indeed.com/rc/clk?jk=c8b8a13ad707b5bd&bb=T9GCXEjXAJw0p9hyn7bHEyjgYblJaDYq6awmIjTPCi-eXlf30T1Al18gyTIlhlra7JFkjuM7XvzhhyXi9UW9QNIm_sHFmccAzNjSPsM3AthuR5Z2FwlzQnvVop7_mVzlsZne4ngtl9RJ2pYWrKzkzw%3D%3D&xkcb=SoDV67M3jA8IIbTF0B0BbzkdCdPP&fccid=42b876513e5c5af4&vjs=3
Python Developer,RecoSense Infosolutions,"Bengaluru, Karnataka",https://in.indeed.com/rc/clk?jk=1a7d9b1ec4c45c9c&bb=T9GCXEjXAJw0p9hyn7bHE-8EU2AHaR4fe_Q2shcw171mGTDvnj6rAb8nksnKKGHMxz9RUwxLmKb3oKsIRBV4LTtCNbW5VCn-MB7XqsRBrQM8oPOl0Ih0Jd-NFffPeCpHlEI7volj97H3vu9gOObYLQ%3D%3D&xkcb=SoBh67M3jA8IIbTF0B0AbzkdCdPP&fccid=74eafa0c29bc9727&vjs=3
Python Developer,Zenga TV,"Gurugram, Haryana",https://in.indeed.com/rc/clk?jk=722143d5e3a5ee0b&bb=T9GCXEjXAJw0p9hyn7bHE11GfViEHTe3PdQlp_Xq9wOytDf3y_2anFyrELQ16ra89kT-EiCw5HZHzr88BvKQiznK_VoDyDAVcG1UdS-rcEkC0vZW5pkGLcSBgFVKgPRPakld2YtUYNatrcqaI-y2_Q%3D%3D&xkcb=SoDv67M3jA8IIbTF0B0HbzkdCdPP&fccid=2ad26ca636f580b8&vjs=3
Python Developer,Zenga TV,"Gurugram, Haryana",https://in.indeed.com/viewjob?jk=123456789abcdef0
Python Developer,Thoughtwin,"Indore, Madhya Pradesh",https://in.indeed.com/rc/clk?jk=918b15000f3f612d&bb=T9GCXEjXAJw0p9hyn7bHE18BVgbkEP3M17UTKNcJUjDpHvjcXff_JdnG1-Dp-n-48crE-Y5rnCwqJ4ipbn6IIqMrTbadXCSqCiKR4j0PSTPP2CPEvXC-lCcKKb0QCGS63YQZ6Qkp9vqwIoaKXbLdJw%3D%3D&xkcb=SoBb67M3jA8IIbTF0B0GbzkdCdPP&fccid=9e5d42f27a01196f&vjs=3
Python Developer,MNJ Software,Remote,https://in.indeed.com/rc/clk?jk=7a256848ee20db31&bb=T9GCXEjXAJw0p9hyn7bHE_Opdawv_8Nnfz9eEdXfzRihiMw8mriTzVTHzMigMTg1cWMI_GQyYGUC12gFJW7nqG1LDvZCxjqLqGDKYv-jQplxMXzQTvrwxf37l3xiuvH2J7zYc-ASodxGRnCGgTaOdg%3D%3D&xkcb=SoDG67M3jA8IIbTF0B0FbzkdCdPP&fccid=eed7c45ec44b6a0b&vjs=3
python developer,yelowsoft pvt ltd,"Ahmedabad, Gujarat",https://in.indeed.com/rc/clk?jk=4a4876b01673c3e9&bb=9X5hbbuO0PJPei84EIWZAoLfbOMhYo3eopaE7eDBfdJgoDXS1mLL8vFx9eMHeWwwfaf7tz3OMaSDY7ttF7zlobPOrWk0_C89Q9egE7Z3j-Xf-0JYpPb7jUN_Inc8QWoqnJnG3YNVwD_uX78HBRP2VA%3D%3D&xkcb=SoDL67M3jA8EXpzCVh0LbzkdCdPP&fccid=7c7f19729049a269&vjs=3
Python Developer (Streamlit),InitiateFirst.,Remote,https://in.indeed.com/rc/clk?jk=3c201390b5835a8c&bb=9X5hbbuO0PJPei84EIWZAromO44MQxNinbwGu8ejPv0MJfob6bP682uU7Ia4UQX2pIwt67vbW8mTizBdTk7fmbQN4MCYc3M91hgL2DI2JtS1ORffzpMHmoTloo3vuUx8cZ-MGXgDbII27WGuOmytNg%3D%3D&xkcb=SoB_67M3jA8EXpzCVh0KbzkdCdPP&fccid=ccf37f6fd761ac39&vjs=3
Python/Web Developer,Qantom Software,"Bengaluru, Karnataka",https://in.indeed.com/rc/clk?jk=7bf889500ea60d5a&bb=9X5hbbuO0PJPei84EIWZAtXvABFenDHO-d18tc5iBumfmY28ulG0qOq6dV_kNAxwgtG9HhNib6X3QMVnaDEhf-BE94M_x16ArlyUWuyDWNRJ__xZBSyrxxpmELHZrbo8uFo4mmx4LoSV9yfHK3EI7Q%3D%3D&xkcb=SoDi67M3jA8EXpzCVh0JbzkdCdPP&fccid=dd9e884c1d1aa5a0&vjs=3
Python AI/ML Developer,Desirous Global Consulting,"Mohali, Punjab",https://in.indeed.com/rc/clk?jk=0efc544dc202dbaa&bb=9X5hbbuO0PJPei84EIWZAv9BqS0eU4Lwl4nua8CMpP7KKzZLjy1-r3H7JInKPKnFtCPMu1QpE4q2_0SKN7A1HEVyexe3Q8TctRRSVrSN9p7N4oBi21EguOIWqlbFR-VeshJLgte8ANCPjQD-VSc2ag%3D%3D&xkcb=SoBW67M3jA8EXpzCVh0IbzkdCdPP&fccid=c5245f5d1bd1135f&vjs=3
Python Developer,Tudip Technologies,India,https://in.indeed.com/rc/clk?jk=1cb4acb2ba15032a&bb=9X5hbbuO0PJPei84EIWZAtVq86Hb0ROmZguuwXtiM0Ypn55P4Hl5jQQrHRAI1egTNQO5rpzrlIk7fRxY8VtIQOEgC-vvjXjLnz_6hEQwGDZ5ano9a4yoh_jRVSnf5v6itMrMae3spysdCQARZ8IjZA%3D%3D&xkcb=SoDY67M3jA8EXpzCVh0PbzkdCdPP&fccid=5b033b8b3fe9a63f&vjs=3
Python Developer,Stellar Digital,"Gurugram, Haryana",https://in.indeed.com/rc/clk?jk=c983653636dd8120&bb=9X5hbbuO0PJPei84EIWZAgT7drfyIdh0SBLmzqth8rGGUuwGViT0bafRLBV-FJ7sH0vJRSorGikaRltu_cstsEF8WNi5ifXM6tEYX7TMbiKwFWqTSy73eYdHxdYjNElYZoB6x0nXw7F7oWPwj45OXQ%3D%3D&xkcb=SoBs67M3jA8EXpzCVh0ObzkdCdPP&fccid=b183d88315206c36&vjs=3
Python Developer,RuleBird Byte Private Limited,"Vadodara, Gujarat",https://in.indeed.com/pagead/clk?mo=r&ad=-6NYlbfkN0A3SBjzVAf8jTk05d_-nBiV5jJ-565Da34QOazbkr1TI3W4q2j48QKWdz5M-6G39nIaJZlyQF-Ri5_01fQqM-pts8R9XVsycOkq3AtgOdTywxgdEs1V9V-MT0gVpoeyl1dfEct22UF-pR6buDt86oMSEsFt9qlsgnuEr0GDu6Z9zYVB0LEPH2XsefudWmh2M7Mp3VV8SG17Xmhq-zev6gkdIA7ItGwbCJiT4pxQhM-VEY4M6DvKKm-yER5LMT8TobnkbMOU4dXXPJxQSrvJazt_gUvw42OaFDULwhWCgJtLFZSMugWlaTIp86GB861fJItsVwsSY7RwwwgRtTIQCuwLNY1K8fGTDs6KwGmuZeHyJ8kOC598POgkpHUHJrTTUKH6eLZl7n2YSgR3RcljuWKuipX2SxZwkX2K8zFfX9g1HdQ6BKvl_nWE2saTxsWH-iFPKmf_dn9A5HHcG25KE0-i8sMQ4jKca3BEhdtPCN2fjyisIR0K-T5MPEUMACcUaHh1PGlCX2jzIH_JiHTJzpvid6hlgLS7EJWRdyOfSMJEQpeItyS_A0OaAGwXzkInrn4Ccf36BFw-s3iNTTeX5zus-E7cqMiGpFqoUKSt0rDb_JMytdu24pU2TALrc5ToaRZKxlesynEJKPdvLSkHU39hFTeoGiWJXJ7I4jn1O917Mg==&xkcb=SoAF6_M3jA8EXpzCVh0NbzkdCdPP&camk=C3EPSzFlQw_vz8GvMLy5Zw==&p=6&fvj=0&vjs=3
INTEGRATIONS DEVELOPER AI Tools & Automation,Partha Dental,"Hyderabad, Telangana",https://in.indeed.com/pagead/clk?mo=r&ad=-6NYlbfkN0BpLSzi1_lOZwLuxiilf-1ZClQimgJCnJFbDKMDJbewGe8EpA8Np48BDLq0Gbwwc5MdWChjxM2MuC72s0U_qISiglCgzdROA-TVyPHAUmVHnyiEV-X8JEkJOycaigU5mrS69X15j9KD4qQWPPI_Mko8o390ufx5tjNJam1CaLjedGmSVywHO4Fb8tKCVXwvuc0BuJIt1j3KI0f201RGCHY3xYGOjpVsat4jl5oxZgqSal9J_sHO1zvkNxyo0uFteYVb2JP_9iVUTipDLv5QLj63ESYt-rxtywqHX7P_WOcComUOz22h1q7Vq5tRWvZVE612fXIS6RCbs4a875CIM4ztoSaS3ZbMgVXKLl7p1Q07I1kY2I-nAfETsOhu17ftz7RI_MY6FPIrRiYUmbxFNivw-kQEVCeZUJPwCDl2LICM1vmWSLqL04hvMkG7DxxE5HCvfJAWrgjAT3A9QzHdDIoAJNHhtb-6ofUcESoux-BL-PDx2mPssKwonGG0Y0b_Smn3pjzRykIJvjfiaNHSDe-WeXPTbN7pNph6L59sSMV3q5X5JOtx8GCd38EGThowMTlOVRVLc0rPTUcergX-ZD44IJZ6HwvQX4mMAtQRcW6tUWGBlqXvZ6-5lc5QqqVThZMFjFbsYShvNB3lnwSmlJrtMvSCIgsgZzSC7tc5gTjo_L57CMk_pj0Szpm1hi1nJuP0MHkIu8frVHq5sfKIUveF&xkcb=SoCx6_M3jA8EXpzCVh0MbzkdCdPP&camk=UoKtGZLa3XJf16I9dvtw0A==&p=7&fvj=0&vjs=3
Sr. Developer Agentic AI,Top Retail company,"Kolkata, West Bengal",https://in.indeed.com/pagead/clk?mo=r&ad=-6NYlbfkN0D0muu7L5wF959QCWfDkxsvcKDFQS6s3UctCbXNPv5ugu7u3k8cupSQW0KECb5ukK9DatecpJTU1J2UVVmqON-WvYOZDqmlU-PYD2trv_YidPHkE433U4zFb5HnQm-a4GtJd5kgd-IgRPBG7Tn_BMaFJCl3tko3rhmxIrFZZ-hCSBSnB5bOUFTj786nv50541fdx1tEaL9h57Y9vlOQacQAt4ZxA4xAg5v2ChUUb8P-ZbnJWTlm2BHJ8NvsqWHpi949OfwLWUmS8BVHPjJK1J1H5Vo6Zvn97pJiJw7ac8rI5MJWqPKpVkcaveqMpl7I9tqiW0hLn7mH2gn0J5rz0EkjXM1ynmEnpXvhVmi2ccS_N6nrujHkN3uifrG35-DYo0LZ_KIRXm9wWOfc5xM5N6u0gogi_T6tYRzyT4we6bbSdNdmrDX9w_inB42ePCWHw5bdWkVhlRdUvit5Hpwh6LhJzgK8p9QbVj9vvDF8punIjNLB3wyI5C07Dl3Owwr8WJmOZuSGuY0Ygna2HolWnoiTp_C-2qkkaYRdU1RycpFNoPfyKT9X5CehRJVGIFQUy_J5Xc4L4KL2PK3xl5XMd-MduZC8qkoN6Zbyf9nKXoTXSIMH4oVPDmxG9FS-bw_8JUjmPiQKaaSIEyfJyXox-_ElhJzkXpqt2VmUdxzHAjLQhqe_jpDNiT9K8EuNc8lv2JV5a0ZffmVUdg==&xkcb=SoBY6_M3jA8EXpzCVh0DbzkdCdPP&camk=C3EPSzFlQw8RNifSPdaRgg==&p=8&fvj=0&vjs=3
Flutter+Python(Django) Developer,Crocent Web Services Pvt Ltd,"Mohali, Punjab",https://in.indeed.com/pagead/clk?mo=r&ad=-6NYlbfkN0BB-OD-YE_xNok6ui5LVLicSZ3-5f4qMqoGPpLrrMSQRAO82Xmz3JmckJSkG9YMK5O_zF1jd3dc8uYyk7-efwgq7S4N4BoFJjaV1H240ViDEKJxQcxskbD-3X4kJDZ3-3tmbyrzyQjVaybDELPAXTvHUiTQbyozd45Oqau-nWKEUroN-zM2CrimNHEHEDQMXcLANjxWeJ49IobqWF2lLbADWKwk8LtmgxJVj-_ZYCG0qs6i-ifd2zd7KMr3JAXBzJMEWhDtLpaRWefNZH705ddp2xgwm5PqqYe7RfmcgC0fVv5PCtadlsiK_iogN82S2xZ2f5PpWeX0op5CrC2THXnH3PeAdfxjCgXXfO3QopIJV-cUzbyFVrSubIln6uJSQVxtVds7k0yWIDaEmEAAHGrBecIxcHBguV2j1AhpLqvkRQYAL_XZPFlITo1c3w3TjakkuSs8yYUaxrvKCEV_u4JAP8KU3zbHuRnabmAyT4f3lw0gwFOOlyZZnDM2YJfjb5jj5oDzYJGG1wTF2BwD3XpZEW-8B5R3tnGCoh6k4ZfHwcCFdWZ51CsB9Lpb-xmDvgu-4cRWxQlY95ecnLvGZgYQNXNfRK6J4tHhEDdUN0Dwjp2HeqMn2-24a54hRg_yC5dYTBVEFhHGhx7sLcugDVJvOBqu7VQZ7AKoxtFu34rexsEvv9aiHS9SE7S2A6funpk=&xkcb=SoDs6_M3jA8EXpzCVh0CbzkdCdPP&camk=C3EPSzFlQw9GeWw-XY9PtQ==&p=9&fvj=0&vjs=3
Full Stack Web Developer,Neoteric Properties,"Gwalior, Madhya Pradesh",https://in.indeed.com/pagead/clk?mo=r&ad=-6NYlbfkN0D7gs0j5RIVOMm8w0YSV68BU6ybsEu_mEEbm7ctnJ079FjMOCS004mjwVwti7XPHRXPnO0DkEQ3MGGTuduZoh1L_Z-j7weqDH549zaetQLNGi4MEiG7lD7irK8Bvg6qgruFEn6ub4DW0OxJLB7PlS0KsnAPoHFUAEwwFEM9IHMQUeIvvsEVChvMcoJLDDfIDB5O4R1Qme4suNxBJ0XwD-VzWmRoG4sZtp1br6e2ECeaTJ5_Z3OIRnx_r_xRInt2bkTK1m9mOu99g9wWzDG6HcugvShQfSMKNEhN6qJBpcgvZOjjT1gHkRAl69vx6lBhnXCeOlsrAAkD297thsqYnF3pdgITApZ9M5Y-nMCGcnzaJgYEvEY93qmEXU-I0taAjs0SmNMwMedGdt3fnglP94UKyQEZGsnwSt2hQk4CAdMEa-SIDfShM-EUbmTAL8fNOYT_tXFmrZFoz3Y0ZxeouLetO2YuWqW_rv8psgSELZrNymR3i5wMAJKBD3ON5ur9MPSXKK6O0-x5sjEzWnwkGfDlY6ZvulCtld7R8LJF7k63zxY3yyq8wq4Ggq0kstuMbrfwRSHZY6e2ipxnsU2iqUSL6fIl0h7lMSM0Q3LmDWL8qMeBsNlR1N9YJ8qQSFdTH5lLjUHScJTcs-xVdX3YPW1MsU9c6kBtKpRnVNM6kSSfgObxSdkEPd3g82IQB6dtRvVf39KuO5deRQ==&xkcb=SoBx6_M3jA8EXpzCVh0BbzkdCdPP&camk=UoKtGZLa3XJ0bLgx8pEOWg==&p=10&fvj=0&vjs=3
Senior Software Engineer - X Delivery,Boston Consulting Group,"Gurugram, Haryana",https://in.indeed.com/pagead/clk?mo=r&ad=-6NYlbfkN0Ad1FFWZOsBBwBZDGouyCcICeLSd3pQct3wJ1q5dPO7JNFPcbpYQ1XCYdTOV-ko2T6JId-iaiBwuE-bZ9FU1HSyEkLjuZ0WGej4UV7AxOMYtrxCecbH27uaLEsLF1elo_AnJQKpXmoFGbC11eNZQOyS_QjPJCp7FkCIwIDv65VZgveoJW1CBbdPUJxl921GbRCnwI6dIgWM3eFtYh9p14Pjlfm0tdUX6yDM1P8KXKToTe0zn3Dp54XZYfeqS_GPUDY2nDctJWEAZYIn-_8Jhiq8cvvva50BxeSxFZTTCZvq43QwcipXBTrv55qgK6bDzdI39WkHxYDbTlxxibKRDkaTpJEjIHlhRzsDzupu6k15r2KJdfx-H9H_nGZ7hjLDPQ6YIYA3wOVSxO0Kg2hXW-w6ZEdzeo91Qb5Y8gw7KtkwObq1NmbQR57BPYGQRSaSVlWKYQK3bIoyXf4F-nNmogeQzW9CYVvw6PM4sT6v_gf0B3m4-POf-32gOoG2SDQWhgtlPWnh9IWVMcdSyWvy-QtGEvBSGU-4W47TfoByBOwBG3lBBcKOea1fKaoElRf0hqhk09vUtVF7M-cySrvFDYiWvkOFDVURp8zORbsuZBlnvx69AZtg-SJ8V2gCNzAi25Ue7dGPW-m6wRiuifuyNHkmJLAMSUSiJp6XUb6VJ5LEXqAYFf2h24tkSTTBaj1IwM1aWLn3QX_mcxOjI0uRhDX8fhVL1LD8pi2x7-DRAFXvu5m6ztFcgpZQA1lauhhOqU_Hu4KGbuugR_bVzUoK5KLKaL_rYgr9SfeAnRsGxbDoqzNjKYQwyBzLW9kk9wGncuFR8GfavimEPtojMXD5qnpLl7CiZ21c0tJ92i4FHWS2IM5a6N7zFufI87cTpejAroEKKRhVRbLgQ7WWXLrhh3WO26Ce2iNr_Z3NxuVyZK-KdexhjRweZwyz9AJjNatC-BML2WxNNZZlZAMown41frR3QwYxA0yiLiO84Sa_rES4hG_d9z3V7HlHeDRlNAIC7jBJyUC8FCxN6aQx8F2ZIeDtdpGH4nxVb2LDrz_XXEwt9bpHpM_PAaxohGfD5MdyJqbz3ylTUmHFpBdEYNsF-hLteLyv4QhiGEa6pju6fwPa49C52zqIOBPKYYhXeQRXgZ_sPiqnj-CUUPZ2rz30jlXP6wY2pgf2n1gq5vZv2UtWp_1aFsS3ygz77uxj4Wo8zcNrBN8ROgTCgi8theuSUHS6i00XmHoIT7eN0MpjuF57vRXrOcugbAQq_4vdzv02hcPi3EZ5m134tI7unhyPnSCd7dic4rJ9nyakTdk2HKwtKjUEefdqXbghwtkMdk5KtnasiVbBsAVrNvaaR30DltwnfJbQQg3UeQhKkTGxRPfBSMe5TSdMu3ELYVuQ7CYdvP3AjYicvj-bolo5Rar0hnv7OQJKa4G4F3Pirb8vq2xRlw==&xkcb=SoDF6_M3jA8EXpzCVh0AbzkdCdPP&camk=C3EPSzFlQw-Kxz8aVjN35w==&p=11&fvj=0&vjs=3
Senior Software Engineer - X Delivery,Boston Consulting Group,"Bengaluru, Karnataka",https://in.indeed.com/pagead/clk?mo=r&ad=-6NYlbfkN0Ad1FFWZOsBBwBZDGouyCcICeLSd3pQct3wJ1q5dPO7JNFPcbpYQ1XCYdTOV-ko2T6JId-iaiBwuHes4ALLPAyPhHnuSZAmkKemdLy7j7t7wXiiaAtOS1Q7PrTP7Xv3PlEJGSUTHAckXBn6uJFE0qN2_-EYqFQHW7HAMrN8X7cIRu9WvG9soIh22DPqJQ1yFWjy5G0RvvTBl6rr21NzfpCkVRrUhufmchdEiVZOsc1jlyHYUphGXKW_Jq8i-rLBuk69fhV6z8YYqHFzbhSuT_svUW0ID_Mo2qhC_5iAnLGNAj2W3oPJby7Dl8O4h8p8olrQiWP_6S-mmSFtziIIQZknmXb_L05bmtO11Lh6ncqhzh83W-BoCxkdmlBEjTAC4EskbKVvHAWq96UbFWyZHUyaZf2amoPf1GBRfpzbBVFnVY1kHlReKP-fOTaCYQgvIFcuZwkBGegUbAZkL42Pyy-NaRVIO1bu5FEOkoVR4HasleyKba9DJ9c75rgpfQ2Kfa750SEE9HEFUtath0kpYUMr4zTN1tFkgRuE-d-ihIiu1OkskEHx9gDpSD0o9IG57_cV9uX6e1QDUj4SX471-A8FrKgu36C6EAXBGzh_0mm0g-TJZ4mjM2NxpEFffpa2ecrA5pvdwL-k2T459ZnRHST8sYs1ZSUXaeHOHSCADEargzbIekdX_GTcFIPATTJv1fzmGdyMqETtKUEIWCx2uSVb4igkYlo_rWoynE--zD6AWshIrE0QlRniGFTBn0wvzdhvudt7bJvca3Co4z_IA404Ga1LdjoiIpw8f8d3giCFvJWlKTYaC1AofS7bjqvxvWzP4lHHswR8CSO_btjlJb7sTWC8fdN8OH0NYcaKom4gjAP16W1LKif0-9Pd4Z_Jwn9i8-qSXE3JzDVfFYT6tuO6juM3lGz-a7SJz5nHW8Onewj0gGSv_0vtWAtuzu0uLVJ66FlmJUCom5NIL0gYP2_w6c_fJnda7qZPLp9ikAMEU5sI0_RPEUJvjMdMfEn0sYO32xieoc92u6Cq64-MRAaSsssgm0yeOxA-_DmYJZc2aWfzcHrT5X70nKr4vVq_q5ODUa-ueCy6yM35za1ymCWeqmcv33rCba_u9QbZF3By-7gIL8EgAx4Z3JmYvLS2UIBwY2iyiWlRJhEbMxHQzzANhnn_z6WIhsXJa19JkNTvukwYIGeNUMcoylxPnXBVIcR5ItXr8PsKgcdDEJXF_5XXaA5mLF3Y2EqzDR7VyfuXrB4oTQ_TS82NMQ_2j0BH5Haq-AQ8AjoJWC4f-CVan0MgYNcn6h8FvlCL64u8A3Ui2IQekOJaaeZwZVR-KFveAKC5Tc3ut2V9a8uFfAk2OT8xks6TTjST-sOvyhs0SmpBY3NE0AxNZLUiDcyCyuoU5NTInUFCBD_QBAxg04CtlXeD&xkcb=SoBL6_M3jA8EXpzCVh0HbzkdCdPP&camk=C3EPSzFlQw-Kxz8aVjN35w==&p=12&fvj=0&vjs=3
Senior Software Engineer - X Delivery,Boston Consulting Group,"Bengaluru, Karnataka",https://in.indeed.com/viewjob?jk=890abcdef0123456
Associate Quality Engineer II,Optum,"Hyderabad, Telangana",https://in.indeed.com/pagead/clk?mo=r&ad=-6NYlbfkN0BWpgndjYL01xMr26yTqLCDFb3b3BUdaEwmMV3w6lpNxfdb7iEvGm0gmfmM0o9B9H-GrQWxwrGRS4U2T-6vQawir0qgg5EXKfZMLxN4wwdGNZH2OlbG292FDKfNPJf3gvuiLGFBCGh05BwCmhC3qHapmsaz51PBvE5kqD1kY7IWfLUf1rsJtYXkLAgFcywziHNtJzKH3TQ06XKBfIOLHU_EnglfiEqXD6hwg6UjDmbyILYxYOtQTACZaR3ooSpOkmpq6mamyWG5Deczt4yVuat3kPmkgVv3t-SMjNwJjnsK4Q98UGakP4XBifb3a0Y1ZMnDj4EKkJ55kvgPq1Qqg4e-7gqpnV84j9zqXgziUs98q893Z6xJt0OALc7u13bdqCcLMpEBufr6T7XV_kladHOMU7fBuXg9kL81x19QkVdTooYLxo7xoRPftv9F3JB9Ik2xYGvDYlIM4wKXpmrQovdGY8Rxmpl2EgjQOhn2lAsGOs88tYjpMEPMuRmKm8cZKkRMLZwQNCQkz4MVU4Phz4nZNhNAcqPkEKP30Jv8jhkTsCJB8aRIxfPsPGNHD_YCtTZ5dLRjcxcKhfHCWKFpKo1eY13YrsrkBCMtJS-AV0mPZHiIOXv5ZUr2JdXeyXX-pNVAaS-6V1J-CbGt_rZ6k-cmkYsLUDbbdYEvvB5PAP3aLtv50XhXtk6T54MQm3hYU_LJ0xMPCAM9oPbkmdA8DqksLovr72nFRAd0X8UuYMVtLg2zXaYHu9UU15sSjexdbvKI0VKyKPJhRPuDCnHHIspZoPcA8iaC-yuCDPxApEsWZNZPS0jhxX8h&xkcb=SoD_6_M3jA8EXpzCVh0GbzkdCdPP&camk=ethIe0s0hed5mhSVDYdqwA==&p=13&fvj=0&vjs=3
Global IT Software Engineer Manager,Boston Consulting Group,"Gurugram, Haryana",https://in.indeed.com/pagead/clk?mo=r&ad=-6NYlbfkN0Ad1FFWZOsBBwBZDGouyCcICeLSd3pQct3wJ1q5dPO7JNFPcbpYQ1XCAHtAAJhKZCZ4-jt7IlAE0ayERTFXQgQUoBtuXtBklWnPXFtrm3YpoAearptRc8UNcCEAU98h3eKLuFphLWSqvxuOZqlX_fdDEibTC6Kcvvbi7XHx19YR92oluzaoh6QxB12TKlii5olx4PtjCyWKZoMT-v8TKnXLyV5HolkiZ6uxsg7nX9D_kWFXfPvHtL8nB2Gzwp4p3IVN-iv3LRIn9LSZdXxmmv9k76Yh72f3ohlkIOU3ipaD8NYfxjZ0l-UkGVJLiDltCnh-3QyKAEIRqZAChXXZRg05YhlnSz5DOf0e4_8CSFhh1vQewPDuJ9PuFOHg-gYOuUQJsEhlg_-BDBAR_sjHAt0zpqoYLki3OZvZVnrxhsPAKafcuUYs0Fv2yEfhWqHQqcw8MAWS1om8OcLkITmiXD6wqdvRPlzl4Mx3RyRxHoW52f1l8DAyN106gW2DBxGfZ-0AgZLSH6XdghPYz1b7Y1Z9DE30jX33uCGwP3q-Jef_hbJtsyp3zIkkLrfaDLjmhwjCimIVI66ZXBVnc8Q7qEGd86498SSE6qUxAQrYL-NtYLWNdAN4RyfZGeDpByM2vzasH6wB2TeZXR9ES-iXprEz1ZnXNKmNGGwdh2oy8BUpAn2y5TXokpjulv5K86936xrVa_F7UZlMKIPE3saPNcCvxvSRSGeWs8DyCX3kmStbMaz-wx-mbgk97XpvbX_15hi6stanxDKG8yExPPuEKWMbSajc128AQVt1VIC9RuMcX5XiaJ3jhN0C78F_gHne2hgetUKGlH-Zptjya1ibue9eW4JNWLr5WPdwU1jkindgiwamgmjYY6OT_MKoMMBsD_pMRL-Ye5U6QSwRkg0I1_lNQS6OwHQm1uQZa79CTuMEPyS_yQSVbzWH4o4AEaPnteG0xVuiu-JksyUMGPNan-vQm9WNcv3MHIG0nkiVKE3wPpqZ6tl2rRBRioYnA58hi9pIDGs7necdHJj83ovI0_6uOl1gj2nGQPWZ4edYyDSW4-t_4T0p5QC1GsFoj3AoE1kuB2ApDuJ7FPT7sWuaxdEI6qOvo5vlluPGbCvOMJVrX6yxUC7viIpOS6TSoYa6rtT8P1VoYpsgm2J8RGCpAWDtAYO7bVPE3MaTziY96W1VEOtZpVBb6WT68nSbnTvcQlAklt3AoFAvhsqlos3SbVULUa81dbLlr16dviSOszEJPg==&xkcb=SoBi6_M3jA8EXpzCVh0FbzkdCdPP&camk=C3EPSzFlQw_yEGK4nS0jOw==&p=14&fvj=0&vjs=3
"Software Engineer, Machine Learning",Elfonze Technologies,"Bengaluru, Karnataka",https://in.indeed.com/rc/clk?jk=e46b5b833d38becd&bb=CaEVEDiKwnCVkjBn5WooHvJcPSsR73Cosm1EHIW6WcxrwcPekquXq3yMGRNpvBZzatMpUcDb89A_ugY-Hvt_liPHFQtsDlJnLrwXdydDnmX4GTTUdFcP3ek2ACA3uTyzFZ54CtfGExkq2QMRNG8ZRw%3D%3D&xkcb=SoA067M3jA8BmlgfKb0LbzkdCdPP&fccid=79edaf26eba600e1&vjs=3
"AI or ML Engineer - Python, Scikit Learn, TensorFlow or PyTorch",Optum,"Hyderabad, Telangana",https://in.indeed.com/pagead/clk?mo=r&ad=-6NYlbfkN0BWpgndjYL01xMr26yTqLCDFb3b3BUdaEwmMV3w6lpNxfdb7iEvGm0gmfmM0o9B9H9B0ZyZORxvlUf3qmUdLH_3uy5rhqnVMCVxyvqp94Vq_o7O5wvI9BtHL8DJyJTMBJUUZvMIYGRf3qXJwoVWMI3DnEsDejxkRgctQwR1IyzD-zDF-dvtA8aSoLqEJ8-tCQGO1pcTBpzwiE0PFKH4ENGBsDjW1II4CFrVzkhvKR4HRMbbuA-eSRiUei2zmKpdVfKt4o7JeynvB6rOr7XBYf2RKcw7YHVe0fgvDEh4fSpqg2cqCGF5zmJNjQT_GcyqS6BQdKIYTPIod1UrlYB7nyjpW8wG1UYWhgW5DwmeVjL62aS979QQ5zp0rwHo1r7mdfzQPURcOHGVwwIoAZQLdjI-DAwXy7LrjPxp9-oiJ6FMg_X9uIpROsrNzNYLSPrkwpCwKwDJW1g4mwyaDCizvFnviIvwvC3onnOGPZwCoqFqlurCkXSUGrmE_uOSHrSSsi5MdIetW97lalvG1AWP7YoMWRNbVA5kBVyCSgU62O8OpVpMTl5BLtpuNsGDhibs4q0dtsCUmSsa2hIN3FKpj_vw3T4HkSQligbVsQhaVlEIOPEfRlgZCOZWJugYf64n8syznhfYPhFlK41_s7IrwkMT4e39RYvk5gvNCYvGJuBiAkmMl4HAoKOYEFnbVbLftvldPO7YVnTKSREt5iXonyblx-0GK9AXedgDXHRhHHpMTIyLCo2cNTy4Mwb7yIZZ0bVUnXiaFapPDJ3uKAJL1GjdkNxA4nvrhwQ3Q-W83rdgvA==&xkcb=SoB06_M3jA8BmlgfKb0KbzkdCdPP&camk=ethIe0s0hed5mhSVDYdqwA==&p=1&fvj=0&vjs=3
Data Scientist,BIZ-METRIC PARTNERS,India,https://in.indeed.com/rc/clk?jk=aa6171aedd8d53b7&bb=CaEVEDiKwnCVkjBn5WooHoEqgG3uYdTy9zn5M2Ox5FwJpNCDJCXZGlE-lNYedGrxdM_M6hxrrSpWaBdn9AqdvJk8yN68MSnpmM3Qqw7Nd1IRTj_zzdLIKF1Q-9OcJ1_HG72joYHY19eKSzRqlXZsjg%3D%3D&xkcb=SoAd67M3jA8BmlgfKb0JbzkdCdPP&fccid=0ed67941959bd3c6&vjs=3
Data Scientist,Safran,"Bengaluru, Karnataka",https://in.indeed.com/rc/clk?jk=c35313de6cfbeb62&bb=CaEVEDiKwnCVkjBn5WooHqYeq810EmLFLdSJ6xi5x2xmYkAzT-Tnc7VMkrs19s5yojy7xcWSiryLo_9HepMcpFWLaDNd6atTxRjP-m8eiBnQHcUIiDkR10XgWHJbD4aBslWsJ3drUfIMQ9uQkZyACQ%3D%3D&xkcb=SoCp67M3jA8BmlgfKb0IbzkdCdPP&fccid=b3885ca934ed0066&vjs=3
AI Data Engineer,EagleView,"Bengaluru, Karnataka",https://in.indeed.com/rc/clk?jk=4be13d78955b6872&bb=CaEVEDiKwnCVkjBn5WooHgcQg823DkRH8x6o9x5V8-dm28QeSt0U_xqm1sm7QqrjikGQWk48T-m9q3XxaE_lZ16doIKKEuxmjIXi8y3z-GOwzlzkg2e51Qi7J-fneKTFke4vrrdAZS94kJzjwDfuWw%3D%3D&xkcb=SoAn67M3jA8BmlgfKb0PbzkdCdPP&fccid=3f11836ada2d0e87&vjs=3
AI Data Engineer,EagleView,"Bengaluru, Karnataka",https://in.indeed.com/viewjob?jk=a1b2c3d4e5f67890
Senior Machine Learning Engineer / Tech Lead - AI & ML,Civo,Remote,https://in.indeed.com/rc/clk?jk=1b1cbc51018d9989&bb=CaEVEDiKwnCVkjBn5WooHi8RyW6MVs29JsRlpSze9Xu3yZ4BzPiWCppRfEYbm8OSPx35s_g_t47EXqfrz71BHcxINWaXGSWhqRkSAxRs9Y0XtAYLwO3bIzhQ3E-pSyOZ8-3eZM5EM9CqBaN4NDYj7w%3D%3D&xkcb=SoCT67M3jA8BmlgfKb0ObzkdCdPP&fccid=664aaba8327b56cc&vjs=3
Bilingual Web Developer - AI Trainer,DataAnnotation,"Remote in Roorkee, Uttarakhand",https://in.indeed.com/pagead/clk?mo=r&ad=-6NYlbfkN0CnM4TERr6XuVBW3VTRACvDXDx9S3Pbn6a0SwhkmoLTiIZpxuUfjFtTLag-19gp2VQ2sTaXnI1EyHJvVOOp0s3M9cqk5pXi3rxi3INZDoha6pTrCviSNSM-V3rt0H9edVvSYyeNx0PgKNHlAWj6R3sj9lLJrltCvFZOv4kDSocIvbgY1pwowua3m3kAveIwYntov68gAN5ZLbK68XoYk3po7ctzSXJmr-OORvmyTlfLujjLE7FufL_7EiPrto-PBqTaqdZFs9v5m8MieDB4qKLdSN4pamfs_4_sjNo8zuo5gcxQbvJyS3oeDS75SR-0m5hr0tqw8XiJA2UYEkEM95sTC1_e3RYH3ZlKewRuCEmgCFPWJd2tQGhQsQCDWGCbz4oPlQW_vuM1MLqAdbnXAG4HIcKLKf1fMELPWGNXmcvxXxtTPJ44Be13SJ6g5HfHrr0Dp2K28InlDKYIc_9l5hM_JZfYAsPEjX8CCM7AoWT4cEEXIFuuXAffV9K44N1tPbRjwRB5c8jmWBbcSosTGYy2UxqgsSqewCuGRYJ1p0WD0qHU_Ob_6mcYd2CIVvwPMmUqIVhmHs8-D0IYm0z3Vc97mKhRVuPt2sYh0x-euSikqQgxg-PgK2ZPY2UNSKk9NZiLI_qT6h-xYI2hN3gWjNOIiBejykXteFOq0h6D4j7IaxaXd4KmV83nzwSKjp8VrG2QFtu4KRALY9Qc6vbHacn3pm7wcVz-PSNJ8T__YF3wcPR2VsXhwl7-kfKfkCLQCn-qvVjOhpsFCIU0gbo57n2L18vXeSEwGpxPLISDbr1m9rPonkyb1Rgjk-5KYJojpTRe2yZurgMuKqWm223FLQHlDUNiEjmH_n9KP9aW5Frhrox6l18VpuuJ&xkcb=SoD66_M3jA8BmlgfKb0NbzkdCdPP&camk=UoKtGZLa3XL1xyg-IyhIjw==&p=6&fvj=0&vjs=3
Bilingual Web Developer - AI Trainer,DataAnnotation,Remote in Chhattisgarh,https://in.indeed.com/pagead/clk?mo=r&ad=-6NYlbfkN0CnM4TERr6XuVBW3VTRACvDXDx9S3Pbn6a0SwhkmoLTiIZpxuUfjFtTLag-19gp2VQ2sTaXnI1EyKsBvjCTL90qq8TKAyteTB76K9Kb5zyCmfUgNND63-9DJHaz-em0Y-TC4b8lJAqocB4F0y91MrkXVnzGioVici-px9TA7HVkC5-JaduWZmW-tlsrGqF5zvHX6LrpkeHa2JPKWJvWCAX0rmM8shG0CF__32HvPm8-axHd7nkRSm671EDjUlz2LlH_e7uTDp6sgY54YBL0_NCHYp1tO7uO1sYOKktDTOaW75N_NmlynBoC56g-WWvBT8_BBIDEpWkCNRl1wRMtD8L7lk8QaIkynFdmvwrCabIK1t13MpSFJm6Bk0Xog47DXmJ8wLHG_WHdDUX0MqP7spNDfrtFjP131ShXQuOGDKlSW6vIU9zsmGC41xEr2KPKcWbzSmoSu3gtBw_k8M1DqlOhfF-YldSwmpUGgyoasHjJmAcpbJMXoQv3DvMGOjw5xsKT66dwpybdWpowF1tfYlhobw0bAk2w5JY4RgWGvTDmHOOas-4cbOTHCwuHYEkO8GlFTSrjnoB7LfEdgyTqzrt2HxcUC9AUm8SvDiSPS5eBqo2I7t0vrh2q9EYoYu4PghaFwH7Jbx7BV4S_CPDQaSt4PVOXYSjcq-RldqiL3rbPJx63QDjUFPaGpJWVFK1bOxp6tydAF1nNvs6NoDLpmSM0dR81fVyl7B914Uw9_Ka_eRU4zrnX62AuZS37uCwJEsRSzPbjREg_Wb9lwG6yfbNtwBUK_zrVqB26eSEB9_Tuy_M61LLQTF5H-1o2K2IczM7EqIzepjnz9ExH2y9uTU3n03DZtbzM9p9SPpMOYBubkOp37aIf5o6WvxZrT-DowQ4=&xkcb=SoBO6_M3jA8BmlgfKb0MbzkdCdPP&camk=UoKtGZLa3XL1xyg-IyhIjw==&p=7&fvj=0&vjs=3
Bilingual Web Developer - AI Trainer,DataAnnotation,"Remote in Varanasi, Uttar Pradesh",https://in.indeed.com/pagead/clk?mo=r&ad=-6NYlbfkN0CnM4TERr6XuVBW3VTRACvDXDx9S3Pbn6a0SwhkmoLTiIZpxuUfjFtTLag-19gp2VQ2sTaXnI1EyNnPCPjT8EoyhP8t2RLfPO--n7OgOFRibunvRAHGPNctYTS0SeKcwaCyjjfTztHDjdbPBVZX0Z6O5E12oA23FyC4-Msrbdllar0wQ9Rp8mRFyzoY_pOvDBCrzTNa6VFjy-SCWCcXaOyjbBVEyZd88N4GYba9IEVNcDIoBQONrLv9yLHgo0sGRC8GjouZb-kg63eQL6XaZ1NrS3mxRPrgL7xpyFiEGfwUq2hWdGzBD1YvkCVAKY_iz6SYccBoLZ06iv5aK-mz5gOF1niVU_xo0e59u1rEop4PyJfwUdbAKrst0nYanQva89IPgU69MeY3Hfi_4lOXIJl6puIT7G_UIEu32cs3n8v95GmgP7hfXkfm2PrJz_y9PWpq_GvEyVnbaTRdiyLOQ6NE9H3ANijPAjaZ8e1PmtwllBSKQBvrHc5iDrK-zi9rN1_KhEXsYjUKnfvdcFjzeoFuN4quDq-zObp1yEYQo99SUfX1ZKx4ElKTQ1t1J8uqoJr7Xb90_mmb_Pg-n5xtBUbUiXh1Y2PZ1F87hVhdRaTnPybM25vl6wyLRYbQKvZDIIU88dyCv7qDqsH6FldZWZGp8sJRCIlyQhND52VRiMA4_4LERdvp0xZiNjF3oFowVwRSbtQi2UoThvbTLsWl9z2uuSvrTVHur3pKz48PRBkeIaxzJEiImstrgkAqrAIetq7tZonUUOwW4HSN5DTL0XZDmRUP8DvEtGdc2lUBYGM94hLJjCTexGcozEVYpfIzLtOKYkTPjHUhGnGe8fhzKTqjcbkECE1bHJMIWZTJttr_8QuJ3pEmUDEbco5yNldvUuw=&xkcb=SoCn6_M3jA8BmlgfKb0DbzkdCdPP&camk=UoKtGZLa3XL1xyg-IyhIjw==&p=8&fvj=0&vjs=3
Data & AI Compliance Analytics Engineer,Booking Holdings,"Bengaluru, Karnataka",https://in.indeed.com/pagead/clk?mo=r&ad=-6NYlbfkN0Asx0rKiHSXymkO8slWtT2xWkY1-oduHI0IsT-7aqdY0OCwOFuYw35h6PYkRa7j_YP08ywsBtsYiu_dV2nlsnV3Ek7t2lvflJFIBixrqCPCkmOrmsxwXQFGxfhs-1FdCvfmdoPgK8P2_MulskqldHmAAjjDDRlZhSBgDImH7UzXVFLI-b8qXjPuEiqyGyDZ4vEfDWq9VuFGytHTcDm7Skwc7kZmYUr9V8e_antjdn8_AymAjebO9VGNcU17KKxM0WToAfqOtcE5ewmouadSL8CncvC3UIOi1dGraQ1QohIagBgGA7BJwpi9yPJR8P76BUO2GgzL56jQ6XHiPQ9UO7ayPtwKsNenjzMMwcICoxFCI_QekLGli-iM3HAVneGrK4e_2fuvvEa6g71EsLfSWymKDJTrOdm_Mb0PnVmcZHxa3LG-W3rzyJWavqiVCZogrTUzSYN7FBx4s3nmDnj4BxHud5GNg4sZpJsLLfa-WECs5o2Jp8pNVizsw38tpRdDqRXYSNuqFVn_0SqPH7idDVh3rH3f1aFRwvpALrA3NkSJe7Fb_uPT_D-M0GQ4WBhNPmK3YVuGVTB0o7JVPAKDceRGYM6S1qPDYQh2WqsQ3KEiR8Fq4sgnyPPdDZo7OnUSgRlCa2_0oFqjwlI7-OGVmqaPuBAGdsNZR8TklgN8G-Qze16hVd8qaTzmnb-XAe6FFJqq2aK1mCxckKr72tFgp13Izog0w86QSA_rPl1jhMhyQuJsYJDDcVwDK61_zmS_MUfajK4bgzWsxiVGslzm8c4knKVCNxCu8vOoa_g6x164dG7J7WFQAP30LzIJRsJcVY_dNV67t8JqFdRH-e6Bars00APkwiPQBaw2qERGq0I8q-pDwgwuMiIwNMhcgTqVKmbGkC3MjXv0fA==&xkcb=SoAT6_M3jA8BmlgfKb0CbzkdCdPP&camk=C3EPSzFlQw_ZGffWIKGdrQ==&p=9&fvj=0&vjs=3
WordPress Developer - AI Trainer,DataAnnotation,"Dehradun District, Uttarakhand",https://in.indeed.com/pagead/clk?mo=r&ad=-6NYlbfkN0CnM4TERr6XuVBW3VTRACvDXDx9S3Pbn6a0SwhkmoLTiIZpxuUfjFtTLag-19gp2VTzwia1WIbpcv5XXcrjV44f1SRZyvuh1YD0_q99DmWA016HPtUxVGHAbK3ya_Y177cKsjgALLJvfRc4xsI7z6LXooyLHm33f46DQIQ5kD3POSYOCw0O7pqoTfDsw_4NjkCDQS5wx5lKmhqH4PJij9DC_zMycXO4qrr11_GFiK7lziYicee_5XBd8VvmfGaUOfsoyhK4Vc89u1oACR3pO0_v-wqRtnrGZfx9fJdbnUEknidTduUOYfs8i3klE81KKF_fN040RyoPpqcUNgq_wO0A96XEXX8JEzb6-5SuTdI3LYWgIKpwCKbpcJVqFJfkMiddZa5fKFLF-zU5zNZGdJQTbKaS-rWoIuJUO-85_YfrL5sv3HAKZlxIX_JwiaCsQbeoYeB9Ffpm4nVY56qn3FwMaJadCuhMxAkKesfkQCRIv1NLaeO_cUOaeBhw5jFsjAsXZCrUUFsfXuSBkuQ29UJUEdHy4UyFbKaPYTSPvPv5_f4UDf516b-4xOEKv2vw_b5b2EiBsXgyEzI0AUSV3okKzmZvDd8e1vZ_9gouAheFwNVKt3BDXUE4WZbJUMm53d6PgQ79wYSsW-bKd4wgh5Dcc22ewFnZs1RMdZsgeTbZZBE_09YXNyzy0_YS5nNVtVr39qG0IGsi9A3l5p2RnvfuEhXCUHgSHZzKL8HzHXQwPKGjn9SlwvxUBrw0fM4zYxIogQwAvBa6HeMZEJRVPIz6DTn8KYYdyRG0mXljQgB9iGKqtXsuTvtoDWkt02BoaJlfgclMt-TH6SoiTh3Vbjd7&xkcb=SoCO6_M3jA8BmlgfKb0BbzkdCdPP&camk=UoKtGZLa3XL1xyg-IyhIjw==&p=10&fvj=0&vjs=3
Bilingual Web Developer - AI Trainer,DataAnnotation,"Remote in Thane, Maharashtra",https://in.indeed.com/pagead/clk?mo=r&ad=-6NYlbfkN0CnM4TERr6XuVBW3VTRACvDXDx9S3Pbn6a0SwhkmoLTiIZpxuUfjFtTLag-19gp2VQ2sTaXnI1EyKghmCSaNGRWu-jdZ37nr2rd4M56XTquURnFMFGH-lSXyYvB0M3FEiSpRxydhXnTtdb6szGV0hKaZUDzTdCbyjlzAfKusW96WoQZsoU_ptCFoL_Q9MA7HcVhzQPA5UV44u2TLIrvnXJxf8PF3_pIPAlhfpZss_FIB_T7zMNFlB8K0jOa6AQnqW8j9VbJRsvMGwrv2HWiAT7Xa7t0T5DDTTP5GbkOPR6UrivqstC6ZUnTwIUmDh1vPkkjLerfGfnEvXQMwncIueldo6jxGz3ukRJwRoxufYsDLUlHW0vfae1cs9iU0GpI9wgaTB5RLlGg-dAx3RZuejEJqbPzjpb9h89jcyZ3r63pWCTon0k28EKZTA4rpMph1rZOWBifOza7_o3bPSm6Tp415SYLXydEeO0_v-UJCU8I5MQ98249Uk12DM_PqdLOE64V3Cvn9vLcSgcbSrhGhXxQM9cfhF5emVSiDzgJ80E87Zis-TbXtiRL5sPy67CuH9lzSAMmk18AwwiqMBtA836LMFKgg9IrxaeUMarWUs5LUFGQd_tZJoiezAyhXPk7Lx5iAjtXDtMR2fqCsmafQIrskT2Gx2kwdTFHKMBJg1PPyM50OTrzVm3dmmfrpOSbbdvf2baj6JqkXnYfzThGTg7vFfAiNd_qcyBaST-nV9D9JK6Gx2jasKNXmTRisyf6DnxwVqvs7C3k_rCus3taeRdIY13MrQP_XwRfE4GbVDkYXj6TFEkh2BltLKU3966NpvgO3joKaf2GoTyrwK1TbBf9dB8f12vJKIYmvXmBmh7aaIw1IaxoVF2o&xkcb=SoA66_M3jA8BmlgfKb0AbzkdCdPP&camk=UoKtGZLa3XL1xyg-IyhIjw==&p=11&fvj=0&vjs=3
AI/ML Engineer,Optum,"Bengaluru, Karnataka",https://in.indeed.com/pagead/clk?mo=r&ad=-6NYlbfkN0BWpgndjYL01xMr26yTqLCDFb3b3BUdaEwmMV3w6lpNxfdb7iEvGm0gmfmM0o9B9H9azCCnJX2KMPy2k6sCC6wJZNKRTzjLpHgw8rH8Wmn3XzjudQILPYS5oFHub7d4I0O1-vHGubBXUNXBeTao5KeY8hHIsIdeAM9aHjw0jnyVu09_izGSCvQmSwyfRxZPuqB8sRQBLXEXFlBe1vseZZ_4lCvWb25SsSEtol7RInH7Uc43l3lb5OQ6eqBf8ZQcHsavEzrMVe_WTY4HCjmNHJRT6oZjhui6ElwFqyYvgpd_8Y9i8d4bKMMnPemlBxbJCoxV-eIIV62SniaR5tWMvxZSjlMXMR7o1Ma2TQjZxFjbk1TsHWQgcDYSKM44AdJpsgWRmYiBeDIE_4IhXCpZFzTL5E1rstc-7PtneADkUKay29BF8rfNMe4AcinzHryiQFwxXXLgvw8r3aYGbWKK-zkq0hhRhkBga9mG_w4p9Q16QQ5Of6lJ9kzCVCjS8PI8enW6WJ3TQ5Y-UzNo7ffu5tWRXxqv6VPUe9v23ig851RTvcCU3ZzQc_CM04sXKv852HnOhLWgTrm_sMcbh1-yLRPiZjFqjaX1nULXu8QXIE5bSb1t4JYmddl9tIwXBDxmvgqPWJKvvXGUpFlITL7Xr6R1K0Uf4cFptJqHTV6DXinjay7re6LJhgHb92zgCxcvAyY7POpspO-_tlKUF0vdyHuiifVZmOvsDhAjex3J0U1dKCKJIkwA6G-NAODJ4k_9n549tKkEjBEh20U8gd7zN92exKvqvafPFcow3PjA_AZgGw==&xkcb=SoC06_M3jA8BmlgfKb0HbzkdCdPP&camk=ethIe0s0hed5mhSVDYdqwA==&p=12&fvj=0&vjs=3
Global CyberSecurity Analyst - AI Engineer,Boston Consulting Group,"Gurugram, Haryana",https://in.indeed.com/pagead/clk?mo=r&ad=-6NYlbfkN0Ad1FFWZOsBBwBZDGouyCcICeLSd3pQct3wJ1q5dPO7JNFPcbpYQ1XCAHtAAJhKZCZBPjE53BSqM9fo7eNVBPP-wSKfIXTW168fNpMij3V1BUCKhIbQtWfj7QlPzZJXMZ3Lc5l2ypgMYbxVO6vRQ3ibviD4ELuu5gztCJ6x4Yy87hJBFz_nw1Dma3kP2j5OxRIwOI258iM6gC_OIOweACky92YKNu4XjnhVKKxAYod6CNNE8MmXXfM6kYnEiJw_r_OqqCOHxqmt6ggXgHNeRyIPVT-x2b2hPv9oA_MKScjXmozuU4aPeXopRjIZ9LB8yoGdrql8GZGGF5XOjOPal0MyoFeeaa_KZJhXjPMOfnKDcISGXyUJHGnDj7eUF21ZJPC0iVICTcgGU5ZBTQiMj91Bpz-uNrIt4hkOWiqP2lqX1-mYgFjX1RU8z188gtRGyNmd-7ceDYtq36Yuf8vu8CLMeMWISblDzl2m2kLMeKnCsC75_awhykfjz3kJtA1U3ZAYC34OcW_ELlTfF8hZXO_k7T2iGTbPCC5ziv52CT89nOu6fTItduEsIIc8CZkTIOmEqI82UaJX8Lwii7DoER4SFhj7J8DHbRyDuJfog1tTjK8vTWzz59wfaYq8Mc8DHUgPRMT9XJKF4Icy-RNfHrusYX5_kYqu331CCMFhfgdd3iC3MJ5N5EgLObO0wxLWKThUefqPX5ubRvek5tjsyyFPSGiTDHXQxm8rpOrcz-3RXZJxSyeEzfxLvdYZGlVCxK0OI6Fz-q1PEVZfcSRx3t2EbB8hq3Qdyk6kHickXL3OnaH_5W8M9ck3VF97gDbq8fjZMUaDqwvl8Qsse0Hfs8zvJvmf6rxePajym8ynKNPlcZZx7MtIKpGDFQbk5YSMA3y8nQX6NN4seq5fX-kw3XLkntbW3Y_FgFYuTjSgeRZ9QTH8KDrKWJfzX-tgt9j5CVp07o_0RcOH0OCllEsr57hPtPTP4iFdiQt5mMXxHWI2OpPPsJFlt9R7M4qvguWnZf6iLmz7YGpxvM1XJPqpmRGL6v8vl9ZkRs6qrNrKWrsrFKI5ELYENEiuAhlsaAIpQCqvhYk6sN5Q6gt0WwCOZzvaAOtOB1YIjO_EfPrLRSz9fwEoLBIWQgxkqY09kT7xlqxSfcMx9xA6YylrEppJbyZ_QcKqpeOsGaBkeOEifI085gmzoGt7Qb0x7CnhZ8QQn7vgPp_Aml2oXq63CZhyyLV6AwCIrHKY_rM=&xkcb=SoAA6_M3jA8BmlgfKb0GbzkdCdPP&camk=C3EPSzFlQw_yEGK4nS0jOw==&p=13&fvj=0&vjs=3
AI ML Engineer,Optum,"Noida, Uttar Pradesh",https://in.indeed.com/pagead/clk?mo=r&ad=-6NYlbfkN0BWpgndjYL01xMr26yTqLCDFb3b3BUdaEwmMV3w6lpNxfdb7iEvGm0gmfmM0o9B9H_f79WC9FQaqjpRibIzaQtjfFN8kumxgtOk6vtn6tWl1WlMf4yk5itkGRXpPk9_vcO0z2bAdbJudDiD4kgfjJgy8Q295AUeqQX6d4SnNn_338oM-ZXz7OHNDOPRDL2V9xlcboJP9BBHet-mIgtX3L0IA3H_XY6urA0wWGK0G-syyaJ_LQdJIE5Fr6c5xHkMSR4AzjqM1dLRDagZfZhsJuPnFr8iE0rWyhPIhaXpH65sA3zS4wfhI7opYf7PLWTZ24fB6T33jj_x3McLnT1sjXo3BdqF_-E5TqcuPYCAWoKOLqzTtLZkdQqi2MG4JYL7oYdJhQSoiTE5yZb96Ao39M70CecPGWXl24gkJyARZtICCmZjJkLZiJdAyEPujlh7FfHgcqiRqibm_REQNnedpvzluiqp0OTqIPeu8V9Qv_6G-RJ_jRFaPoJaf5qPTWameKWNtkN2BA05af2glJgrvzM9W9dTQLhwnzX-HcLK8lSr7WuAI_CP5Pwcv7GIFrYcpSz7j0uiZyyomzPJnWUUjyHjXpWvy7Ix6Y832dPLYI-gv_5lARPFa1lJJauwx7FdGCR4T2E7qfjAIHd67ngMXzuh8HJHnjjSDi5Ta4lnhNv2EZgz-WSHopps1GafiAEU-FD_5KBbr-WLorkPBJPLwpk6QJbhvbP_imMbnt6DHHjxGrsnZheqzK0Yv6UNc_mfQIZnvqz30kQye6cVRlBuuumIa3M5gshr-WFxkKS1YqcjCg==&xkcb=SoCd6_M3jA8BmlgfKb0FbzkdCdPP&camk=ethIe0s0hed5mhSVDYdqwA==&p=14&fvj=0&vjs=3
AI ML Engineer,Optum,"Noida, Uttar Pradesh",https://in.indeed.com/pagead/clk?mo=r&ad=-6NYlbfkN0BWpgndjYL01xMr26yTqLCDFb3b3BUdaEwmMV3w6lpNxfdb7iEvGm0gmfmM0o9B9H_f79WC9FQaqjpRibIzaQtjfFN8kumxgtOk6vtn6tWl1WlMf4yk5itkGRXpPk9_vcO0z2bAdbJudDiD4kgfjJgy8Q295AUeqQX6d4SnNn_338oM-ZXz7OHNDOPRDL2V9xlcboJP9BBHet-mIgtX3L0IA3H_XY6urA0wWGK0G-syyaJ_LQdJIE5Fr6c5xHkMSR4AzjqM1dLRDagZfZhsJuPnFr8iE0rWyhPIhaXpH65sA3zS4wfhI7opYf7PLWTZ24fB6T33jj_x3McLnT1sjXo3BdqF_-E5TqcuPYCAWoKOLqzTtLZkdQqi2MG4JYL7oYcOhAlwoxUR0gvNqvNb3DoFqyipHS_KUr_2QS2lAX9UymMoMbFBnkD3ag1laS42BwpxPhbCNaBt24i9N6E0PzaTjP3uoIRsMbkyUXBhJJm1rXQrdsV9fXIWICxZ0B3qJqCAEoBvuvbxYoAYCYiPvQcghawpWb_kByohHvYrXxWotCRlRuBVHQcUw_13_CeIW4FFfi2FjzQSMXkt1Qh-KBOs30wsEJOGfuMKA1KL7gGfDnyPIQ2jksCSVGQjV4Nvi6Phk4KXKfbO7w95W-aV9cW2YATg5233AycGX6z3GXgGuyBEGZTyFmxACkHm2-8AlBYi5xoupA1uNTEjyYW-BTJW4mPwklYpErYLPe5aE5mKAkKdvm8u5jgo-0PiiUZAKyi7-WUPdRu5Avihfj2LWbE8hWf07h-bsez8hrbKcKkqfw==&xkcb=SoCo6_M3jA8dUEzCVh0LbzkdCdPP&camk=ethIe0s0hed5mhSVDYdqwA==&p=0&fvj=0&vjs=3
Data Scientist,BIZ-METRIC PARTNERS,India,https://in.indeed.com/rc/clk?jk=aa6171aedd8d53b7&bb=0yFN0yDmIeQes4DuWHG9o8eJd4xuQZHSDcQFd6pqIxaOAFUW3ahtCB0W0HJ0hOunO9nLXx9myw2yUvO9TdbhPgrLBQCfynq2Bj3JcwTyGyLWmjUZhqIJbP5e0YrnRZ_dV_Sn5FZYKXDuFIGaCylkMA%3D%3D&xkcb=SoDo67M3jA8dUEzCVh0KbzkdCdPP&fccid=0ed67941959bd3c6&vjs=3
Machine Learning Engineer,BIZ-METRIC PARTNERS,India,https://in.indeed.com/rc/clk?jk=c8adfad80d84e9a3&bb=0yFN0yDmIeQes4DuWHG9o3uHI0VI11smYZtt0yK_3WEQ3JgXPxRaSwiY58MQaqhk5l27uKfI6L0Ozma_joyaPGJSR5fT1nBNn6S7jioVKVQJBEPi57bV-VEGA2EfyNCeiiKeIHv2FBC59PWiOzSJxw%3D%3D&xkcb=SoB167M3jA8dUEzCVh0JbzkdCdPP&fccid=0ed67941959bd3c6&vjs=3
Senior Machine Learning Engineer - Gurugram,ClanX,"Gurugram, Haryana",https://in.indeed.com/rc/clk?jk=3ccd7f88158ce88f&bb=0yFN0yDmIeQes4DuWHG9o_BljL2vKGO_Cx_1_geZfagEF2LmDUsAyq_7w2HhkTSwMTs0dX_ITc68Br4JivLgaGfKnAZS_SzMYAeiOhoJiJDMiE4q3rwl63h2HL645uGlh9vn_2Cj0OEE98yTzv4AmA%3D%3D&xkcb=SoDB67M3jA8dUEzCVh0IbzkdCdPP&fccid=f1020d68f89e2355&vjs=3
Senior Machine Learning Engineer - Gurugram,ClanX,"Gurugram, Haryana",https://in.indeed.com/viewjob?jk=cdef0123456789ab
Sr Lead - Machine Learning / Generative AI,BirlaSoft,"Hinjawadi, Pune, Maharashtra",https://in.indeed.com/rc/clk?jk=dc93a29a3d3a7b04&bb=0yFN0yDmIeQes4DuWHG9o_BljL2vKGO_vprCTkiDWG1QsEpvc55x8bLjxAssbck6x4_8AzrAJqqme3NL1khvPvViTS0Iqt7ENlyB3fbJLNaeb64H98bg-s0w45WihWcfbEX_y-ZFnutPtHSakuSQ4Q%3D%3D&xkcb=SoBP67M3jA8dUEzCVh0PbzkdCdPP&fccid=1c1ed42c0be8178f&vjs=3
Lead Machine Learning Engineer,Diageo,"Bengaluru, Karnataka",https://in.indeed.com/rc/clk?jk=b49a983677c62cab&bb=0yFN0yDmIeQes4DuWHG9o_Qz5uAzMMm3agIyQDUb02H22zL55PNifxQxdW8628HjbJ7tITOSHeIqlHnmLp-xwybFPIoc_ncewz9BlvynBPCMw3dR28NU35DmO-5Aj6rsXApK_COjD8M%3D&xkcb=SoD767M3jA8dUEzCVh0ObzkdCdPP&fccid=942d238ea16c5cd0&vjs=3
Lead Machine Learning Engineer - Gurugram,ClanX,"Gurugram, Haryana",https://in.indeed.com/rc/clk?jk=59732afb227d9dd5&bb=0yFN0yDmIeQes4DuWHG9o7M59Z5brl25WEAtkFIsnAi99ZmbuQLXIpIWMrJEDZRfPM6YDzn46LE2ugvw2aeRi-qvlRPF6DTmo4zYkDvGQ4NZrYnewyKxpBa3v8CLPcV2zLt4H9IAIlJCnRLVMRtKmg%3D%3D&xkcb=SoBm67M3jA8dUEzCVh0NbzkdCdPP&fccid=f1020d68f89e2355&vjs=3
Lead Machine Learning Engineer,Athena,"Hyderabad, Telangana",https://in.indeed.com/rc/clk?jk=4b854dae2ca69e79&bb=0yFN0yDmIeQes4DuWHG9ozP4GYr9dUetT7t8_qb8z2xlyC-UPsutsyP8zHDrYWSOxRtrBuS41_Rq-nUpeKXcH3ODnOMRPd_3reVNBgkf7kYWg9EFI7j9fsuVY9o_0MD5utsPQd-SG7VV_oxs_mbHVQ%3D%3D&xkcb=SoDS67M3jA8dUEzCVh0MbzkdCdPP&fccid=d14404881873bb86&vjs=3
AI Engineer - Enterprise Search,Atomicwork Inc,"Bengaluru, Karnataka",https://in.indeed.com/rc/clk?jk=095d36e46bc2670e&bb=0yFN0yDmIeQes4DuWHG9oyDIW2tXICHFN_Zp0t065OTjGw8cPMa4O7VYZgEkccNdUn-BkafEqxx66okDGOnGjmYjTXvSW-DlIF6DFUtX13cFTFRRPTl2B3rKJzDYSVdY0qZQI_IJSZhaIV63GKyXtQ%3D%3D&xkcb=SoA767M3jA8dUEzCVh0DbzkdCdPP&fccid=2fe30b1c1f151b7c&vjs=3
Applied AI Ops Engineer,CloudBerry Technologies,"Bengaluru, Karnataka",https://in.indeed.com/rc/clk?jk=0db790201ce07834&bb=0yFN0yDmIeQes4DuWHG9o3MJ6g4jfCUanT3Z5mmA33Q1pN0CNvxjbLsEscrkMEmoWkzsY05JZ077XXVZHsBFl3DNG9edLrjx-lIXpJoCzaYL7XiE3ZnTJ9dqlrZ_LIrA9W65XYFWKu6lAwhf6vWxqw%3D%3D&xkcb=SoCP67M3jA8dUEzCVh0CbzkdCdPP&fccid=9c389c9bc7fa9f57&vjs=3
Sr Founding Engineer (AI),"Libra AI, Inc","Bengaluru, Karnataka",https://in.indeed.com/rc/clk?jk=873c2bb608f54f7f&bb=0yFN0yDmIeQes4DuWHG9o2sFGzQ4ofnoHnBGKUFx2PgVtkaltV3o7kdpXVpR0C445Eq-HfHUG4lknq9xMoDv5UP8D-cSqpTanTnke-NatCKhd8mb4mY_w7rqqjTz42JpFr7HsKM_lJ5isWNfMiIfeA%3D%3D&xkcb=SoAS67M3jA8dUEzCVh0BbzkdCdPP&fccid=dd616958bd9ddc12&vjs=3
Machine Learning Engineer,Amgen,"Hyderabad, Telangana",https://in.indeed.com/rc/clk?jk=f19d076e0c925582&bb=0yFN0yDmIeQes4DuWHG9o2sFGzQ4ofnosBc0VxdlmQ5LBOrEvj6wjCS-rujliEDttxdn18AjYEAbxyr7jh0A8VU3DZ6PlsliaNGFUAC2_QH_xNXqqlC04bCMdCkN6H-PUGALVxRenHB7136ukBoiIw%3D%3D&xkcb=SoCm67M3jA8dUEzCVh0AbzkdCdPP&fccid=ec34037a9c92d805&vjs=3
IT engineer Machine Learning,Continental,"Hybrid work in Bengaluru, Karnataka",https://in.indeed.com/rc/clk?jk=239f3ba66354521c&bb=0yFN0yDmIeQes4DuWHG9o1QAeesXdBmIwhmfJUs_9eJYN_bCuDLVeTeUQAZuc417B4fzxZTbb5BUihXiu6RLhw-yR99TmI2o8IYMSkoOec9E5j5kjho8mvwbAd1O2lejLYHrqFVqq6MVOST6Q7okzQ%3D%3D&xkcb=SoAo67M3jA8dUEzCVh0HbzkdCdPP&fccid=6f8339707b2d6538&vjs=3
AI Engineer,CGI,"Bengaluru, Karnataka",https://in.indeed.com/rc/clk?jk=1108eb1533247581&bb=0yFN0yDmIeQes4DuWHG9owht-Y-z28gREp4VuHB22Z1HC3RjJbnVlOjs5D-zBCKWwRQ_wwg8oCV7dksNMQbFhM-2DqKxpH-oywee03_VOw1_KkO5xgrD7oDdxEDDIgeWXQL8bruvEM61K5Xcl-qVTw%3D%3D&xkcb=SoCc67M3jA8dUEzCVh0GbzkdCdPP&fccid=43a69183767d4301&vjs=3
AI ML Engineer,"Arrow Electronics, Inc.","Noida, Uttar Pradesh",https://in.indeed.com/rc/clk?jk=df75129ce76bf41b&bb=0yFN0yDmIeQes4DuWHG9oyDIW2tXICHFHas-Baf-f3Xh4h8LPcwrdsGkNJLib0V7C8win2TpUrHosF4X422qEGHopaX9_oakLtephE1ACRoy31UuwhFEu1aKI7e92aagDkXMK9DMg_8_4X82nNLfIw%3D%3D&xkcb=SoAB67M3jA8dUEzCVh0FbzkdCdPP&fccid=38ee0d4d719341c1&vjs=3
